Clipping input data to the valid range for imshow with RGB data ([0..1] for floats or [0..255] for integers). Got range [-30.02761..1.1967807].
Current device: cuda
Using learning rate: 0.0001, hidden dim: 1024
Training CCVAE with latent dim: 10
used numbers: [0, 1, 2, 3, 4, 5, 6, 7, 8, 9]
epochs : 3000
Number of parameters: 3160906
beta variables: zero_beta_epochs=10, base_beta=0.8, warmup_epochs=100, max_beta=1.0, C_free=2.0
Epoch 0/3000:
--------
Negative ELBO: 236.7190 | Recon Loss: 236.7190 | KL: 79.5032
Negative ELBO: 209.0027 | Recon Loss: 209.0027 | KL: 80.2110
Epoch 1/3000:
--------
Negative ELBO: 203.2107 | Recon Loss: 203.2107 | KL: 79.4178
Epoch 2/3000:
--------
Negative ELBO: 201.1771 | Recon Loss: 201.1771 | KL: 58.6825
Epoch 3/3000:
--------
Negative ELBO: 197.4055 | Recon Loss: 197.4055 | KL: 45.4308
Epoch 4/3000:
--------
Negative ELBO: 196.7689 | Recon Loss: 196.7689 | KL: 45.7764
Epoch 5/3000:
--------
Negative ELBO: 195.9685 | Recon Loss: 195.9685 | KL: 42.7174
Negative ELBO: 195.2964 | Recon Loss: 195.2964 | KL: 35.0500
Epoch 6/3000:
--------
Negative ELBO: 195.2179 | Recon Loss: 195.2179 | KL: 33.3781
Epoch 7/3000:
--------
Negative ELBO: 194.6944 | Recon Loss: 194.6944 | KL: 31.4696
Epoch 8/3000:
--------
Negative ELBO: 194.1550 | Recon Loss: 194.1550 | KL: 30.6223
Epoch 9/3000:
--------
Negative ELBO: 193.4212 | Recon Loss: 193.4212 | KL: 31.6806
Epoch 10/3000:
--------
Negative ELBO: 192.9228 | Recon Loss: 192.9228 | KL: 30.9003
Negative ELBO: 192.3826 | Recon Loss: 192.3826 | KL: 30.1494
Epoch 11/3000:
--------
Negative ELBO: 193.0988 | Recon Loss: 192.8557 | KL: 30.3820
Epoch 12/3000:
--------
Negative ELBO: 193.3569 | Recon Loss: 192.8780 | KL: 29.9319
Epoch 13/3000:
--------
Negative ELBO: 193.5296 | Recon Loss: 192.8157 | KL: 29.7449
Epoch 14/3000:
--------
Negative ELBO: 193.7518 | Recon Loss: 192.7904 | KL: 30.0459
Epoch 15/3000:
--------
Negative ELBO: 194.0772 | Recon Loss: 192.9053 | KL: 29.2983
Negative ELBO: 193.2248 | Recon Loss: 192.0769 | KL: 28.6963
Epoch 16/3000:
--------
Negative ELBO: 194.1527 | Recon Loss: 192.7613 | KL: 28.9858
Epoch 17/3000:
--------
Negative ELBO: 194.4740 | Recon Loss: 192.8633 | KL: 28.7626
Epoch 18/3000:
--------
Negative ELBO: 194.6146 | Recon Loss: 192.7727 | KL: 28.7784
Epoch 19/3000:
--------
Negative ELBO: 194.7275 | Recon Loss: 192.6566 | KL: 28.7624
Epoch 20/3000:
--------
Negative ELBO: 195.0187 | Recon Loss: 192.7297 | KL: 28.6124
Negative ELBO: 194.5418 | Recon Loss: 192.2631 | KL: 28.4836
Epoch 21/3000:
--------
Negative ELBO: 195.2588 | Recon Loss: 192.7430 | KL: 28.5882
Epoch 22/3000:
--------
Negative ELBO: 195.4194 | Recon Loss: 192.6773 | KL: 28.5638
Epoch 23/3000:
--------
Negative ELBO: 195.7653 | Recon Loss: 192.7999 | KL: 28.5137
Epoch 24/3000:
--------
Negative ELBO: 196.0187 | Recon Loss: 192.8220 | KL: 28.5419
Epoch 25/3000:
--------
Negative ELBO: 196.3837 | Recon Loss: 192.9653 | KL: 28.4865
Negative ELBO: 195.5787 | Recon Loss: 192.1698 | KL: 28.4077
Epoch 26/3000:
--------
Negative ELBO: 196.5028 | Recon Loss: 192.8560 | KL: 28.4902
Epoch 27/3000:
--------
Negative ELBO: 196.7099 | Recon Loss: 192.8392 | KL: 28.4613
Epoch 28/3000:
--------
Negative ELBO: 196.8395 | Recon Loss: 192.7433 | KL: 28.4460
Epoch 29/3000:
--------
Negative ELBO: 197.0781 | Recon Loss: 192.7589 | KL: 28.4161
Epoch 30/3000:
--------
Negative ELBO: 197.3032 | Recon Loss: 192.7541 | KL: 28.4316
Negative ELBO: 196.6520 | Recon Loss: 192.1101 | KL: 28.3873
Epoch 31/3000:
--------
Negative ELBO: 197.3563 | Recon Loss: 192.5826 | KL: 28.4150
Epoch 32/3000:
--------
Negative ELBO: 197.6538 | Recon Loss: 192.6597 | KL: 28.3756
Epoch 33/3000:
--------
Negative ELBO: 197.9560 | Recon Loss: 192.7343 | KL: 28.3790
Epoch 34/3000:
--------
Negative ELBO: 197.9727 | Recon Loss: 192.5231 | KL: 28.3833
Epoch 35/3000:
--------
Negative ELBO: 198.3496 | Recon Loss: 192.6812 | KL: 28.3421
Negative ELBO: 197.7407 | Recon Loss: 192.0876 | KL: 28.2658
Epoch 36/3000:
--------
Negative ELBO: 198.6242 | Recon Loss: 192.7274 | KL: 28.3497
Epoch 37/3000:
--------
Negative ELBO: 198.8346 | Recon Loss: 192.7119 | KL: 28.3457
Epoch 38/3000:
--------
Negative ELBO: 198.9793 | Recon Loss: 192.6321 | KL: 28.3358
Epoch 39/3000:
--------
Negative ELBO: 199.2299 | Recon Loss: 192.6533 | KL: 28.3473
Epoch 40/3000:
--------
Negative ELBO: 199.5066 | Recon Loss: 192.7044 | KL: 28.3425
Negative ELBO: 198.9350 | Recon Loss: 192.1446 | KL: 28.2933
Epoch 41/3000:
--------
Negative ELBO: 199.7181 | Recon Loss: 192.6921 | KL: 28.3306
Epoch 42/3000:
--------
Negative ELBO: 199.9779 | Recon Loss: 192.7168 | KL: 28.3639
Epoch 43/3000:
--------
Negative ELBO: 200.1259 | Recon Loss: 192.6520 | KL: 28.3103
Epoch 44/3000:
--------
Negative ELBO: 200.3510 | Recon Loss: 192.6568 | KL: 28.2874
Epoch 45/3000:
--------
Negative ELBO: 200.5709 | Recon Loss: 192.6458 | KL: 28.3039
Negative ELBO: 200.1176 | Recon Loss: 192.2094 | KL: 28.2433
Epoch 46/3000:
--------
Negative ELBO: 200.7270 | Recon Loss: 192.5772 | KL: 28.2979
Epoch 47/3000:
--------
Negative ELBO: 201.0753 | Recon Loss: 192.7113 | KL: 28.2568
Epoch 48/3000:
--------
Negative ELBO: 201.2428 | Recon Loss: 192.6404 | KL: 28.2973
Epoch 49/3000:
--------
Negative ELBO: 201.4471 | Recon Loss: 192.6213 | KL: 28.2877
Epoch 50/3000:
--------
Negative ELBO: 201.6784 | Recon Loss: 192.6394 | KL: 28.2471
Negative ELBO: 201.2718 | Recon Loss: 192.2427 | KL: 28.2159
Epoch 51/3000:
--------
Negative ELBO: 201.9815 | Recon Loss: 192.7215 | KL: 28.2315
Epoch 52/3000:
--------
Negative ELBO: 202.1341 | Recon Loss: 192.6466 | KL: 28.2367
Epoch 53/3000:
--------
Negative ELBO: 202.3922 | Recon Loss: 192.6838 | KL: 28.2222
Epoch 54/3000:
--------
Negative ELBO: 202.7370 | Recon Loss: 192.8099 | KL: 28.2022
Epoch 55/3000:
--------
Negative ELBO: 202.8760 | Recon Loss: 192.7212 | KL: 28.2078
Negative ELBO: 202.1493 | Recon Loss: 192.0168 | KL: 28.1456
Epoch 56/3000:
--------
Negative ELBO: 203.1081 | Recon Loss: 192.7294 | KL: 28.2031
Epoch 57/3000:
--------
Negative ELBO: 203.2743 | Recon Loss: 192.6674 | KL: 28.2099
Epoch 58/3000:
--------
Negative ELBO: 203.6326 | Recon Loss: 192.8072 | KL: 28.1910
Epoch 59/3000:
--------
Negative ELBO: 203.7656 | Recon Loss: 192.7197 | KL: 28.1783
Epoch 60/3000:
--------
Negative ELBO: 203.8550 | Recon Loss: 192.5744 | KL: 28.2014
Negative ELBO: 203.3128 | Recon Loss: 192.0459 | KL: 28.1671
Epoch 61/3000:
--------
Negative ELBO: 204.2971 | Recon Loss: 192.8042 | KL: 28.1691
Epoch 62/3000:
--------
Negative ELBO: 204.3934 | Recon Loss: 192.6779 | KL: 28.1621
Epoch 63/3000:
--------
Negative ELBO: 204.6480 | Recon Loss: 192.7070 | KL: 28.1628
Epoch 64/3000:
--------
Negative ELBO: 204.8539 | Recon Loss: 192.6769 | KL: 28.1875
Epoch 65/3000:
--------
Negative ELBO: 205.0575 | Recon Loss: 192.6585 | KL: 28.1796
Negative ELBO: 204.7715 | Recon Loss: 192.3767 | KL: 28.1701
Epoch 66/3000:
--------
Negative ELBO: 205.3058 | Recon Loss: 192.6964 | KL: 28.1460
Epoch 67/3000:
--------
Negative ELBO: 205.4769 | Recon Loss: 192.6286 | KL: 28.1761
Epoch 68/3000:
--------
Negative ELBO: 205.8645 | Recon Loss: 192.7906 | KL: 28.1764
Epoch 69/3000:
--------
Negative ELBO: 206.0058 | Recon Loss: 192.7103 | KL: 28.1683
Epoch 70/3000:
--------
Negative ELBO: 206.1989 | Recon Loss: 192.6751 | KL: 28.1746
Negative ELBO: 205.7530 | Recon Loss: 192.2448 | KL: 28.1420
Epoch 71/3000:
--------
Negative ELBO: 206.4769 | Recon Loss: 192.7344 | KL: 28.1608
Epoch 72/3000:
--------
Negative ELBO: 206.6259 | Recon Loss: 192.6562 | KL: 28.1647
Epoch 73/3000:
--------
Negative ELBO: 206.9724 | Recon Loss: 192.7906 | KL: 28.1384
Epoch 74/3000:
--------
Negative ELBO: 207.0425 | Recon Loss: 192.6279 | KL: 28.1535
Epoch 75/3000:
--------
Negative ELBO: 207.2540 | Recon Loss: 192.6111 | KL: 28.1593
Negative ELBO: 206.7511 | Recon Loss: 192.1245 | KL: 28.1280
Epoch 76/3000:
--------
Negative ELBO: 207.5467 | Recon Loss: 192.6752 | KL: 28.1658
Epoch 77/3000:
--------
Negative ELBO: 207.7146 | Recon Loss: 192.6418 | KL: 28.1210
Epoch 78/3000:
--------
Negative ELBO: 207.8793 | Recon Loss: 192.5700 | KL: 28.1420
Epoch 79/3000:
--------
Negative ELBO: 208.2653 | Recon Loss: 192.7359 | KL: 28.1329
Epoch 80/3000:
--------
Negative ELBO: 208.3826 | Recon Loss: 192.6311 | KL: 28.1278
Negative ELBO: 207.9140 | Recon Loss: 192.1583 | KL: 28.1351
Epoch 81/3000:
--------
Negative ELBO: 208.7354 | Recon Loss: 192.7595 | KL: 28.1265
Epoch 82/3000:
--------
Negative ELBO: 208.9356 | Recon Loss: 192.7400 | KL: 28.1174
Epoch 83/3000:
--------
Negative ELBO: 209.0950 | Recon Loss: 192.6894 | KL: 28.0918
Epoch 84/3000:
--------
Negative ELBO: 209.3118 | Recon Loss: 192.6792 | KL: 28.0957
Epoch 85/3000:
--------
Negative ELBO: 209.4940 | Recon Loss: 192.6129 | KL: 28.1351
Negative ELBO: 208.9256 | Recon Loss: 192.0455 | KL: 28.1334
Epoch 86/3000:
--------
Negative ELBO: 209.7265 | Recon Loss: 192.6171 | KL: 28.1405
Epoch 87/3000:
--------
Negative ELBO: 209.9842 | Recon Loss: 192.6487 | KL: 28.1421
Epoch 88/3000:
--------
Negative ELBO: 210.2850 | Recon Loss: 192.7409 | KL: 28.1156
Epoch 89/3000:
--------
Negative ELBO: 210.4547 | Recon Loss: 192.6775 | KL: 28.1285
Epoch 90/3000:
--------
Negative ELBO: 210.7335 | Recon Loss: 192.7463 | KL: 28.1049
Negative ELBO: 210.0270 | Recon Loss: 192.0362 | KL: 28.1108
Epoch 91/3000:
--------
Negative ELBO: 210.9432 | Recon Loss: 192.7232 | KL: 28.1174
Epoch 92/3000:
--------
Negative ELBO: 211.2123 | Recon Loss: 192.7525 | KL: 28.1399
Epoch 93/3000:
--------
Negative ELBO: 211.3508 | Recon Loss: 192.6745 | KL: 28.1270
Epoch 94/3000:
--------
Negative ELBO: 211.5895 | Recon Loss: 192.7005 | KL: 28.1087
Epoch 95/3000:
--------
Negative ELBO: 211.7778 | Recon Loss: 192.6825 | KL: 28.0812
Negative ELBO: 211.2287 | Recon Loss: 192.0758 | KL: 28.1660
Epoch 96/3000:
--------
Negative ELBO: 211.9245 | Recon Loss: 192.5795 | KL: 28.1178
Epoch 97/3000:
--------
Negative ELBO: 212.2994 | Recon Loss: 192.7201 | KL: 28.1312
Epoch 98/3000:
--------
Negative ELBO: 212.4619 | Recon Loss: 192.6675 | KL: 28.1170
Epoch 99/3000:
--------
Negative ELBO: 212.7171 | Recon Loss: 192.7052 | KL: 28.1066
Epoch 100/3000:
--------
Negative ELBO: 212.9822 | Recon Loss: 192.7579 | KL: 28.0893
Negative ELBO: 212.6260 | Recon Loss: 192.4285 | KL: 28.0520
Epoch 101/3000:
--------
Negative ELBO: 213.2582 | Recon Loss: 192.8076 | KL: 28.0915
Epoch 102/3000:
--------
Negative ELBO: 213.3931 | Recon Loss: 192.7240 | KL: 28.0830
Epoch 103/3000:
--------
Negative ELBO: 213.7141 | Recon Loss: 192.8123 | KL: 28.0938
Epoch 104/3000:
--------
Negative ELBO: 213.7945 | Recon Loss: 192.6706 | KL: 28.0902
Epoch 105/3000:
--------
Negative ELBO: 214.0689 | Recon Loss: 192.7348 | KL: 28.0712
Negative ELBO: 213.5523 | Recon Loss: 192.2149 | KL: 28.0755
Epoch 106/3000:
--------
Negative ELBO: 214.2645 | Recon Loss: 192.6826 | KL: 28.1014
Epoch 107/3000:
--------
Negative ELBO: 214.4620 | Recon Loss: 192.6577 | KL: 28.0983
Epoch 108/3000:
--------
Negative ELBO: 214.7404 | Recon Loss: 192.7184 | KL: 28.0893
Epoch 109/3000:
--------
Negative ELBO: 215.0180 | Recon Loss: 192.7399 | KL: 28.1289
Epoch 110/3000:
--------
Negative ELBO: 215.2478 | Recon Loss: 192.7549 | KL: 28.1162
Negative ELBO: 214.3270 | Recon Loss: 191.8729 | KL: 28.0676
Epoch 111/3000:
--------
Negative ELBO: 215.2182 | Recon Loss: 192.7301 | KL: 28.1101
Epoch 112/3000:
--------
Negative ELBO: 215.2843 | Recon Loss: 192.7914 | KL: 28.1162
Epoch 113/3000:
--------
Negative ELBO: 215.0745 | Recon Loss: 192.5673 | KL: 28.1340
Epoch 114/3000:
--------
Negative ELBO: 215.1452 | Recon Loss: 192.6624 | KL: 28.1034
Epoch 115/3000:
--------
Negative ELBO: 215.1124 | Recon Loss: 192.6305 | KL: 28.1024
Negative ELBO: 214.6172 | Recon Loss: 192.1323 | KL: 28.1061
Epoch 116/3000:
--------
Negative ELBO: 215.0971 | Recon Loss: 192.6024 | KL: 28.1184
Epoch 117/3000:
--------
Negative ELBO: 215.1300 | Recon Loss: 192.6271 | KL: 28.1287
Epoch 118/3000:
--------
Negative ELBO: 215.1290 | Recon Loss: 192.6530 | KL: 28.0950
Epoch 119/3000:
--------
Negative ELBO: 215.0801 | Recon Loss: 192.6065 | KL: 28.0919
Epoch 120/3000:
--------
Negative ELBO: 215.1744 | Recon Loss: 192.6986 | KL: 28.0947
Negative ELBO: 214.5576 | Recon Loss: 192.0941 | KL: 28.0794
Epoch 121/3000:
--------
Negative ELBO: 215.1687 | Recon Loss: 192.6989 | KL: 28.0872
Epoch 122/3000:
--------
Negative ELBO: 215.1873 | Recon Loss: 192.7216 | KL: 28.0821
Epoch 123/3000:
--------
Negative ELBO: 215.1601 | Recon Loss: 192.6890 | KL: 28.0889
Epoch 124/3000:
--------
Negative ELBO: 215.1602 | Recon Loss: 192.6722 | KL: 28.1101
Epoch 125/3000:
--------
Negative ELBO: 215.2469 | Recon Loss: 192.7668 | KL: 28.1002
Negative ELBO: 214.6402 | Recon Loss: 192.1696 | KL: 28.0883
Epoch 126/3000:
--------
Negative ELBO: 215.2151 | Recon Loss: 192.7344 | KL: 28.1009
Epoch 127/3000:
--------
Negative ELBO: 215.0849 | Recon Loss: 192.6086 | KL: 28.0953
Epoch 128/3000:
--------
Negative ELBO: 215.1046 | Recon Loss: 192.6198 | KL: 28.1060
Epoch 129/3000:
--------
Negative ELBO: 215.0916 | Recon Loss: 192.6108 | KL: 28.1010
Epoch 130/3000:
--------
Negative ELBO: 215.1736 | Recon Loss: 192.7139 | KL: 28.0746
Negative ELBO: 214.5982 | Recon Loss: 192.1329 | KL: 28.0816
Epoch 131/3000:
--------
Negative ELBO: 215.0858 | Recon Loss: 192.6240 | KL: 28.0772
Epoch 132/3000:
--------
Negative ELBO: 215.0381 | Recon Loss: 192.5716 | KL: 28.0832
Epoch 133/3000:
--------
Negative ELBO: 215.1703 | Recon Loss: 192.7307 | KL: 28.0495
Epoch 134/3000:
--------
Negative ELBO: 215.1745 | Recon Loss: 192.7061 | KL: 28.0854
Epoch 135/3000:
--------
Negative ELBO: 215.1449 | Recon Loss: 192.6840 | KL: 28.0762
Negative ELBO: 214.7385 | Recon Loss: 192.2881 | KL: 28.0630
Epoch 136/3000:
--------
Negative ELBO: 215.1239 | Recon Loss: 192.6491 | KL: 28.0936
Epoch 137/3000:
--------
Negative ELBO: 215.1183 | Recon Loss: 192.6440 | KL: 28.0929
Epoch 138/3000:
--------
Negative ELBO: 215.0516 | Recon Loss: 192.5729 | KL: 28.0983
Epoch 139/3000:
--------
Negative ELBO: 215.1520 | Recon Loss: 192.6919 | KL: 28.0751
Epoch 140/3000:
--------
Negative ELBO: 215.1607 | Recon Loss: 192.6833 | KL: 28.0968
Negative ELBO: 214.6802 | Recon Loss: 192.2502 | KL: 28.0375
Epoch 141/3000:
--------
Negative ELBO: 215.1666 | Recon Loss: 192.6750 | KL: 28.1144
Epoch 142/3000:
--------
Negative ELBO: 215.0695 | Recon Loss: 192.6083 | KL: 28.0764
Epoch 143/3000:
--------
Negative ELBO: 215.1813 | Recon Loss: 192.7240 | KL: 28.0716
Epoch 144/3000:
--------
Negative ELBO: 215.2832 | Recon Loss: 192.8462 | KL: 28.0462
Epoch 145/3000:
--------
Negative ELBO: 215.1384 | Recon Loss: 192.6738 | KL: 28.0808
Negative ELBO: 214.4951 | Recon Loss: 192.0041 | KL: 28.1137
Epoch 146/3000:
--------
Negative ELBO: 215.1761 | Recon Loss: 192.7041 | KL: 28.0901
Epoch 147/3000:
--------
Negative ELBO: 215.0789 | Recon Loss: 192.6064 | KL: 28.0906
Epoch 148/3000:
--------
Negative ELBO: 215.2072 | Recon Loss: 192.7296 | KL: 28.0969
Epoch 149/3000:
--------
Negative ELBO: 215.1998 | Recon Loss: 192.7229 | KL: 28.0961
Epoch 150/3000:
--------
Negative ELBO: 215.2098 | Recon Loss: 192.7156 | KL: 28.1178
Negative ELBO: 214.7065 | Recon Loss: 192.2560 | KL: 28.0631
Epoch 151/3000:
--------
Negative ELBO: 215.2029 | Recon Loss: 192.7339 | KL: 28.0862
Epoch 152/3000:
--------
Negative ELBO: 215.1251 | Recon Loss: 192.6593 | KL: 28.0823
Epoch 153/3000:
--------
Negative ELBO: 215.1193 | Recon Loss: 192.6673 | KL: 28.0651
Epoch 154/3000:
--------
Negative ELBO: 215.0919 | Recon Loss: 192.6337 | KL: 28.0727
Epoch 155/3000:
--------
Negative ELBO: 215.1677 | Recon Loss: 192.7177 | KL: 28.0625
Negative ELBO: 214.8556 | Recon Loss: 192.4210 | KL: 28.0432
Epoch 156/3000:
--------
Negative ELBO: 215.0778 | Recon Loss: 192.6107 | KL: 28.0839
Epoch 157/3000:
--------
Negative ELBO: 215.1504 | Recon Loss: 192.6830 | KL: 28.0842
Epoch 158/3000:
--------
Negative ELBO: 215.1827 | Recon Loss: 192.7381 | KL: 28.0558
Epoch 159/3000:
--------
Negative ELBO: 215.1693 | Recon Loss: 192.7096 | KL: 28.0746
Epoch 160/3000:
--------
Negative ELBO: 215.1675 | Recon Loss: 192.6955 | KL: 28.0901
Negative ELBO: 214.6356 | Recon Loss: 192.1659 | KL: 28.0871
Epoch 161/3000:
--------
Negative ELBO: 215.1493 | Recon Loss: 192.6831 | KL: 28.0828
Epoch 162/3000:
--------
Negative ELBO: 215.1144 | Recon Loss: 192.6404 | KL: 28.0924
Epoch 163/3000:
--------
Negative ELBO: 215.0492 | Recon Loss: 192.5818 | KL: 28.0842
Epoch 164/3000:
--------
Negative ELBO: 215.2156 | Recon Loss: 192.7422 | KL: 28.0918
Epoch 165/3000:
--------
Negative ELBO: 215.2850 | Recon Loss: 192.8244 | KL: 28.0757
Negative ELBO: 214.4177 | Recon Loss: 191.9126 | KL: 28.1315
Epoch 166/3000:
--------
Negative ELBO: 215.1948 | Recon Loss: 192.7119 | KL: 28.1036
Epoch 167/3000:
--------
Negative ELBO: 215.1806 | Recon Loss: 192.7090 | KL: 28.0894
Epoch 168/3000:
--------
Negative ELBO: 215.1735 | Recon Loss: 192.6957 | KL: 28.0972
Epoch 169/3000:
--------
Negative ELBO: 215.3522 | Recon Loss: 192.8686 | KL: 28.1045
Epoch 170/3000:
--------
Negative ELBO: 215.4363 | Recon Loss: 192.9473 | KL: 28.1112
Negative ELBO: 214.7752 | Recon Loss: 192.2759 | KL: 28.1241
Epoch 171/3000:
--------
Negative ELBO: 215.4145 | Recon Loss: 192.9309 | KL: 28.1045
Epoch 172/3000:
--------
Negative ELBO: 215.3617 | Recon Loss: 192.8952 | KL: 28.0831
Epoch 173/3000:
--------
Negative ELBO: 215.2887 | Recon Loss: 192.8100 | KL: 28.0984
Epoch 174/3000:
--------
Negative ELBO: 215.3443 | Recon Loss: 192.8740 | KL: 28.0879
Epoch 175/3000:
--------
Negative ELBO: 215.3037 | Recon Loss: 192.8186 | KL: 28.1064
Negative ELBO: 214.6600 | Recon Loss: 192.1697 | KL: 28.1129
Epoch 176/3000:
--------
Negative ELBO: 215.2961 | Recon Loss: 192.8118 | KL: 28.1055
Epoch 177/3000:
--------
Negative ELBO: 215.2568 | Recon Loss: 192.7653 | KL: 28.1143
Epoch 178/3000:
--------
Negative ELBO: 215.3079 | Recon Loss: 192.8496 | KL: 28.0729
Epoch 179/3000:
--------
Negative ELBO: 215.2209 | Recon Loss: 192.7398 | KL: 28.1013
Epoch 180/3000:
--------
Negative ELBO: 215.1985 | Recon Loss: 192.7324 | KL: 28.0825
Negative ELBO: 214.7547 | Recon Loss: 192.2614 | KL: 28.1166
Epoch 181/3000:
--------
Negative ELBO: 215.2232 | Recon Loss: 192.7563 | KL: 28.0837
Epoch 182/3000:
--------
Negative ELBO: 215.1657 | Recon Loss: 192.7056 | KL: 28.0752
Epoch 183/3000:
--------
Negative ELBO: 215.2440 | Recon Loss: 192.7696 | KL: 28.0930
Epoch 184/3000:
--------
Negative ELBO: 215.2230 | Recon Loss: 192.7480 | KL: 28.0938
Epoch 185/3000:
--------
Negative ELBO: 215.3423 | Recon Loss: 192.8825 | KL: 28.0748
Negative ELBO: 214.8216 | Recon Loss: 192.3845 | KL: 28.0464
Epoch 186/3000:
--------
Negative ELBO: 215.2346 | Recon Loss: 192.7763 | KL: 28.0729
Epoch 187/3000:
--------
Negative ELBO: 215.1607 | Recon Loss: 192.6886 | KL: 28.0902
Epoch 188/3000:
--------
Negative ELBO: 215.1384 | Recon Loss: 192.6938 | KL: 28.0557
Epoch 189/3000:
--------
Negative ELBO: 215.1114 | Recon Loss: 192.6405 | KL: 28.0887
Epoch 190/3000:
--------
Negative ELBO: 215.1769 | Recon Loss: 192.7151 | KL: 28.0772
Negative ELBO: 214.6556 | Recon Loss: 192.2718 | KL: 27.9797
Epoch 191/3000:
--------
Negative ELBO: 215.1289 | Recon Loss: 192.6791 | KL: 28.0623
Epoch 192/3000:
--------
Negative ELBO: 215.2963 | Recon Loss: 192.8448 | KL: 28.0644
Epoch 193/3000:
--------
Negative ELBO: 215.1740 | Recon Loss: 192.7260 | KL: 28.0599
Epoch 194/3000:
--------
Negative ELBO: 215.0827 | Recon Loss: 192.6308 | KL: 28.0649
Epoch 195/3000:
--------
Negative ELBO: 215.0609 | Recon Loss: 192.6120 | KL: 28.0611
Negative ELBO: 214.6166 | Recon Loss: 192.2005 | KL: 28.0202
Epoch 196/3000:
--------
Negative ELBO: 215.1038 | Recon Loss: 192.6578 | KL: 28.0575
Epoch 197/3000:
--------
Negative ELBO: 215.0474 | Recon Loss: 192.5916 | KL: 28.0697
Epoch 198/3000:
--------
Negative ELBO: 215.0904 | Recon Loss: 192.6387 | KL: 28.0647
Epoch 199/3000:
--------
Negative ELBO: 215.0992 | Recon Loss: 192.6495 | KL: 28.0622
Epoch 200/3000:
--------
Negative ELBO: 215.1003 | Recon Loss: 192.6530 | KL: 28.0591
Negative ELBO: 214.4885 | Recon Loss: 192.0208 | KL: 28.0847
Epoch 201/3000:
--------
Negative ELBO: 215.0786 | Recon Loss: 192.6228 | KL: 28.0698
Epoch 202/3000:
--------
Negative ELBO: 215.0978 | Recon Loss: 192.6320 | KL: 28.0823
Epoch 203/3000:
--------
Negative ELBO: 215.0546 | Recon Loss: 192.6013 | KL: 28.0666
Epoch 204/3000:
--------
Negative ELBO: 215.0480 | Recon Loss: 192.5993 | KL: 28.0608
Epoch 205/3000:
--------
Negative ELBO: 215.1346 | Recon Loss: 192.6967 | KL: 28.0473
Negative ELBO: 214.7074 | Recon Loss: 192.2864 | KL: 28.0263
Epoch 206/3000:
--------
Negative ELBO: 215.0375 | Recon Loss: 192.6015 | KL: 28.0449
Epoch 207/3000:
--------
Negative ELBO: 214.9675 | Recon Loss: 192.5167 | KL: 28.0634
Epoch 208/3000:
--------
Negative ELBO: 215.0685 | Recon Loss: 192.6175 | KL: 28.0637
Epoch 209/3000:
--------
Negative ELBO: 215.1220 | Recon Loss: 192.6519 | KL: 28.0876
Epoch 210/3000:
--------
Negative ELBO: 215.0596 | Recon Loss: 192.5967 | KL: 28.0786
Negative ELBO: 214.3940 | Recon Loss: 191.9330 | KL: 28.0763
Epoch 211/3000:
--------
Negative ELBO: 215.1537 | Recon Loss: 192.7235 | KL: 28.0378
Epoch 212/3000:
--------
Negative ELBO: 215.1164 | Recon Loss: 192.6691 | KL: 28.0591
Epoch 213/3000:
--------
Negative ELBO: 215.0671 | Recon Loss: 192.5965 | KL: 28.0882
Epoch 214/3000:
--------
Negative ELBO: 215.1851 | Recon Loss: 192.7441 | KL: 28.0512
Epoch 215/3000:
--------
Negative ELBO: 215.1061 | Recon Loss: 192.6438 | KL: 28.0779
Negative ELBO: 214.4463 | Recon Loss: 192.0065 | KL: 28.0497
Epoch 216/3000:
--------
Negative ELBO: 215.0057 | Recon Loss: 192.5418 | KL: 28.0799
Epoch 217/3000:
--------
Negative ELBO: 215.1666 | Recon Loss: 192.7152 | KL: 28.0642
Epoch 218/3000:
--------
Negative ELBO: 214.9108 | Recon Loss: 192.4516 | KL: 28.0740
Epoch 219/3000:
--------
Negative ELBO: 215.1168 | Recon Loss: 192.6580 | KL: 28.0735
Epoch 220/3000:
--------
Negative ELBO: 215.0867 | Recon Loss: 192.6402 | KL: 28.0582
Negative ELBO: 214.5257 | Recon Loss: 192.1276 | KL: 27.9976
Epoch 221/3000:
--------
Negative ELBO: 215.1579 | Recon Loss: 192.7133 | KL: 28.0558
Epoch 222/3000:
--------
Negative ELBO: 215.0058 | Recon Loss: 192.5494 | KL: 28.0705
Epoch 223/3000:
--------
Negative ELBO: 215.1303 | Recon Loss: 192.6875 | KL: 28.0536
Epoch 224/3000:
--------
Negative ELBO: 215.0106 | Recon Loss: 192.5616 | KL: 28.0613
Epoch 225/3000:
--------
Negative ELBO: 215.0602 | Recon Loss: 192.6105 | KL: 28.0621
Negative ELBO: 214.3316 | Recon Loss: 191.8984 | KL: 28.0415
Epoch 226/3000:
--------
Negative ELBO: 215.0301 | Recon Loss: 192.5599 | KL: 28.0877
Epoch 227/3000:
--------
Negative ELBO: 215.0348 | Recon Loss: 192.5970 | KL: 28.0472
Epoch 228/3000:
--------
Negative ELBO: 215.0252 | Recon Loss: 192.5635 | KL: 28.0772
Epoch 229/3000:
--------
Negative ELBO: 215.1038 | Recon Loss: 192.6562 | KL: 28.0596
Epoch 230/3000:
--------
Negative ELBO: 215.0231 | Recon Loss: 192.5741 | KL: 28.0612
Negative ELBO: 214.5809 | Recon Loss: 192.1559 | KL: 28.0311
Epoch 231/3000:
--------
Negative ELBO: 215.1040 | Recon Loss: 192.6507 | KL: 28.0667
Epoch 232/3000:
--------
Negative ELBO: 215.0807 | Recon Loss: 192.6226 | KL: 28.0726
Epoch 233/3000:
--------
Negative ELBO: 215.0611 | Recon Loss: 192.5946 | KL: 28.0832
Epoch 234/3000:
--------
Negative ELBO: 215.0971 | Recon Loss: 192.6398 | KL: 28.0715
Epoch 235/3000:
--------
Negative ELBO: 215.1210 | Recon Loss: 192.6649 | KL: 28.0702
Negative ELBO: 214.6230 | Recon Loss: 192.1801 | KL: 28.0536
Epoch 236/3000:
--------
Negative ELBO: 215.0562 | Recon Loss: 192.5953 | KL: 28.0761
Epoch 237/3000:
--------
Negative ELBO: 214.9845 | Recon Loss: 192.5312 | KL: 28.0667
Epoch 238/3000:
--------
Negative ELBO: 215.1073 | Recon Loss: 192.6664 | KL: 28.0511
Epoch 239/3000:
--------
Negative ELBO: 215.1006 | Recon Loss: 192.6507 | KL: 28.0624
Epoch 240/3000:
--------
Negative ELBO: 215.0313 | Recon Loss: 192.5622 | KL: 28.0864
Negative ELBO: 214.5453 | Recon Loss: 192.1005 | KL: 28.0560
Epoch 241/3000:
--------
Negative ELBO: 215.0312 | Recon Loss: 192.5577 | KL: 28.0919
Epoch 242/3000:
--------
Negative ELBO: 215.2017 | Recon Loss: 192.7362 | KL: 28.0819
Epoch 243/3000:
--------
Negative ELBO: 215.1499 | Recon Loss: 192.6907 | KL: 28.0739
Epoch 244/3000:
--------
Negative ELBO: 215.1772 | Recon Loss: 192.7205 | KL: 28.0709
Epoch 245/3000:
--------
Negative ELBO: 215.1186 | Recon Loss: 192.6548 | KL: 28.0797
Negative ELBO: 214.6905 | Recon Loss: 192.2451 | KL: 28.0567
Epoch 246/3000:
--------
Negative ELBO: 215.1126 | Recon Loss: 192.6599 | KL: 28.0659
Epoch 247/3000:
--------
Negative ELBO: 215.1437 | Recon Loss: 192.6962 | KL: 28.0594
Epoch 248/3000:
--------
Negative ELBO: 215.1230 | Recon Loss: 192.6714 | KL: 28.0646
Epoch 249/3000:
--------
Negative ELBO: 215.0934 | Recon Loss: 192.6431 | KL: 28.0628
Epoch 250/3000:
--------
Negative ELBO: 215.1240 | Recon Loss: 192.6637 | KL: 28.0754
Negative ELBO: 214.5466 | Recon Loss: 192.0897 | KL: 28.0711
Epoch 251/3000:
--------
Negative ELBO: 215.0707 | Recon Loss: 192.6404 | KL: 28.0379
Epoch 252/3000:
--------
Negative ELBO: 215.1639 | Recon Loss: 192.7066 | KL: 28.0716
Epoch 253/3000:
--------
Negative ELBO: 215.1255 | Recon Loss: 192.6777 | KL: 28.0598
Epoch 254/3000:
--------
Negative ELBO: 215.0758 | Recon Loss: 192.6167 | KL: 28.0739
Epoch 255/3000:
--------
Negative ELBO: 215.1282 | Recon Loss: 192.6820 | KL: 28.0577
Negative ELBO: 214.3522 | Recon Loss: 191.8846 | KL: 28.0845
Epoch 256/3000:
--------
Negative ELBO: 215.0623 | Recon Loss: 192.6192 | KL: 28.0539
Epoch 257/3000:
--------
Negative ELBO: 215.1153 | Recon Loss: 192.6783 | KL: 28.0462
Epoch 258/3000:
--------
Negative ELBO: 215.0656 | Recon Loss: 192.6195 | KL: 28.0576
Epoch 259/3000:
--------
Negative ELBO: 215.0832 | Recon Loss: 192.6359 | KL: 28.0592
Epoch 260/3000:
--------
Negative ELBO: 215.0965 | Recon Loss: 192.6526 | KL: 28.0549
Negative ELBO: 214.5556 | Recon Loss: 192.1324 | KL: 28.0291
Epoch 261/3000:
--------
Negative ELBO: 215.0217 | Recon Loss: 192.5780 | KL: 28.0546
Epoch 262/3000:
--------
Negative ELBO: 215.1122 | Recon Loss: 192.6580 | KL: 28.0678
Epoch 263/3000:
--------
Negative ELBO: 215.1043 | Recon Loss: 192.6403 | KL: 28.0800
Epoch 264/3000:
--------
Negative ELBO: 215.1170 | Recon Loss: 192.6507 | KL: 28.0829
Epoch 265/3000:
--------
Negative ELBO: 215.0248 | Recon Loss: 192.5473 | KL: 28.0969
Negative ELBO: 214.6680 | Recon Loss: 192.2288 | KL: 28.0489
Epoch 266/3000:
--------
Negative ELBO: 215.0598 | Recon Loss: 192.5872 | KL: 28.0908
Epoch 267/3000:
--------
Negative ELBO: 215.2161 | Recon Loss: 192.7601 | KL: 28.0700
Epoch 268/3000:
--------
Negative ELBO: 215.1312 | Recon Loss: 192.6651 | KL: 28.0826
Epoch 269/3000:
--------
Negative ELBO: 215.0931 | Recon Loss: 192.6333 | KL: 28.0748
Epoch 270/3000:
--------
Negative ELBO: 215.1606 | Recon Loss: 192.7034 | KL: 28.0714
Negative ELBO: 214.5791 | Recon Loss: 192.0892 | KL: 28.1124
Epoch 271/3000:
--------
Negative ELBO: 215.1345 | Recon Loss: 192.6489 | KL: 28.1069
Epoch 272/3000:
--------
Negative ELBO: 215.0960 | Recon Loss: 192.6214 | KL: 28.0932
Epoch 273/3000:
--------
Negative ELBO: 215.2023 | Recon Loss: 192.7565 | KL: 28.0573
Epoch 274/3000:
--------
Negative ELBO: 215.2131 | Recon Loss: 192.7564 | KL: 28.0709
Epoch 275/3000:
--------
Negative ELBO: 215.1955 | Recon Loss: 192.7374 | KL: 28.0725
Negative ELBO: 214.6633 | Recon Loss: 192.1764 | KL: 28.1086
Epoch 276/3000:
--------
Negative ELBO: 215.1523 | Recon Loss: 192.6708 | KL: 28.1018
Epoch 277/3000:
--------
Negative ELBO: 215.0575 | Recon Loss: 192.5841 | KL: 28.0918
Epoch 278/3000:
--------
Negative ELBO: 215.1048 | Recon Loss: 192.6377 | KL: 28.0838
Epoch 279/3000:
--------
Negative ELBO: 215.0655 | Recon Loss: 192.5924 | KL: 28.0914
Epoch 280/3000:
--------
Negative ELBO: 215.1204 | Recon Loss: 192.6579 | KL: 28.0782
Negative ELBO: 214.5488 | Recon Loss: 192.0800 | KL: 28.0861
Epoch 281/3000:
--------
Negative ELBO: 215.1033 | Recon Loss: 192.6481 | KL: 28.0691
Epoch 282/3000:
--------
Negative ELBO: 215.0217 | Recon Loss: 192.5510 | KL: 28.0883
Epoch 283/3000:
--------
Negative ELBO: 215.0878 | Recon Loss: 192.6527 | KL: 28.0438
Epoch 284/3000:
--------
Negative ELBO: 215.1783 | Recon Loss: 192.7497 | KL: 28.0357
Epoch 285/3000:
--------
Negative ELBO: 215.0679 | Recon Loss: 192.6039 | KL: 28.0800
Negative ELBO: 214.5320 | Recon Loss: 192.0687 | KL: 28.0791
Epoch 286/3000:
--------
Negative ELBO: 215.2623 | Recon Loss: 192.8058 | KL: 28.0706
Epoch 287/3000:
--------
Negative ELBO: 215.0925 | Recon Loss: 192.6450 | KL: 28.0594
Epoch 288/3000:
--------
Negative ELBO: 215.1155 | Recon Loss: 192.6837 | KL: 28.0398
Epoch 289/3000:
--------
Negative ELBO: 215.1543 | Recon Loss: 192.7132 | KL: 28.0513
Epoch 290/3000:
--------
Negative ELBO: 215.0973 | Recon Loss: 192.6495 | KL: 28.0597
Negative ELBO: 214.6457 | Recon Loss: 192.1850 | KL: 28.0760
Epoch 291/3000:
--------
Negative ELBO: 215.1183 | Recon Loss: 192.6717 | KL: 28.0583
Epoch 292/3000:
--------
Negative ELBO: 214.9992 | Recon Loss: 192.5401 | KL: 28.0739
Epoch 293/3000:
--------
Negative ELBO: 215.1214 | Recon Loss: 192.6589 | KL: 28.0781
Epoch 294/3000:
--------
Negative ELBO: 215.1478 | Recon Loss: 192.7119 | KL: 28.0448
Epoch 295/3000:
--------
Negative ELBO: 215.1609 | Recon Loss: 192.7135 | KL: 28.0593
Negative ELBO: 214.6505 | Recon Loss: 192.2136 | KL: 28.0461
Epoch 296/3000:
--------
Negative ELBO: 215.1804 | Recon Loss: 192.7055 | KL: 28.0937
Epoch 297/3000:
--------
Negative ELBO: 215.0988 | Recon Loss: 192.6443 | KL: 28.0681
Epoch 298/3000:
--------
Negative ELBO: 215.0518 | Recon Loss: 192.6069 | KL: 28.0561
Epoch 299/3000:
--------
Negative ELBO: 215.1268 | Recon Loss: 192.6640 | KL: 28.0785
Epoch 300/3000:
--------
Negative ELBO: 215.0655 | Recon Loss: 192.6226 | KL: 28.0537
Negative ELBO: 214.7298 | Recon Loss: 192.2935 | KL: 28.0453
Epoch 301/3000:
--------
Negative ELBO: 215.1198 | Recon Loss: 192.6797 | KL: 28.0501
Epoch 302/3000:
--------
Negative ELBO: 215.0974 | Recon Loss: 192.6570 | KL: 28.0505
Epoch 303/3000:
--------
Negative ELBO: 215.0712 | Recon Loss: 192.6197 | KL: 28.0643
Epoch 304/3000:
--------
Negative ELBO: 215.0283 | Recon Loss: 192.5805 | KL: 28.0597
Epoch 305/3000:
--------
Negative ELBO: 215.0554 | Recon Loss: 192.6045 | KL: 28.0636
Negative ELBO: 214.4177 | Recon Loss: 191.9784 | KL: 28.0491
Epoch 306/3000:
--------
Negative ELBO: 214.8778 | Recon Loss: 192.4079 | KL: 28.0874
Epoch 307/3000:
--------
Negative ELBO: 214.9913 | Recon Loss: 192.5377 | KL: 28.0669
Epoch 308/3000:
--------
Negative ELBO: 215.0323 | Recon Loss: 192.5849 | KL: 28.0592
Epoch 309/3000:
--------
Negative ELBO: 215.0953 | Recon Loss: 192.6672 | KL: 28.0352
Epoch 310/3000:
--------
Negative ELBO: 215.0934 | Recon Loss: 192.6384 | KL: 28.0687
Negative ELBO: 214.6805 | Recon Loss: 192.2627 | KL: 28.0222
Epoch 311/3000:
--------
Negative ELBO: 215.1076 | Recon Loss: 192.6614 | KL: 28.0577
Epoch 312/3000:
--------
Negative ELBO: 215.0813 | Recon Loss: 192.6264 | KL: 28.0686
Epoch 313/3000:
--------
Negative ELBO: 215.0350 | Recon Loss: 192.5766 | KL: 28.0730
Epoch 314/3000:
--------
Negative ELBO: 215.1352 | Recon Loss: 192.6656 | KL: 28.0870
Epoch 315/3000:
--------
Negative ELBO: 215.1239 | Recon Loss: 192.6632 | KL: 28.0759
Negative ELBO: 214.3185 | Recon Loss: 191.8397 | KL: 28.0985
Epoch 316/3000:
--------
Negative ELBO: 215.1124 | Recon Loss: 192.6514 | KL: 28.0762
Epoch 317/3000:
--------
Negative ELBO: 214.9800 | Recon Loss: 192.5308 | KL: 28.0616
Epoch 318/3000:
--------
Negative ELBO: 215.0812 | Recon Loss: 192.6336 | KL: 28.0596
Epoch 319/3000:
--------
Negative ELBO: 215.0560 | Recon Loss: 192.5860 | KL: 28.0875
Epoch 320/3000:
--------
Negative ELBO: 215.1063 | Recon Loss: 192.6571 | KL: 28.0616
Negative ELBO: 214.3433 | Recon Loss: 191.8617 | KL: 28.1020
Epoch 321/3000:
--------
Negative ELBO: 214.9649 | Recon Loss: 192.5033 | KL: 28.0770
Epoch 322/3000:
--------
Negative ELBO: 215.0429 | Recon Loss: 192.6090 | KL: 28.0424
Epoch 323/3000:
--------
Negative ELBO: 215.1024 | Recon Loss: 192.6571 | KL: 28.0567
Epoch 324/3000:
--------
Negative ELBO: 215.1009 | Recon Loss: 192.6564 | KL: 28.0557
Epoch 325/3000:
--------
Negative ELBO: 215.0798 | Recon Loss: 192.6271 | KL: 28.0658
Negative ELBO: 214.5286 | Recon Loss: 192.0670 | KL: 28.0770
Epoch 326/3000:
--------
Negative ELBO: 215.1306 | Recon Loss: 192.6928 | KL: 28.0473
Epoch 327/3000:
--------
Negative ELBO: 215.1069 | Recon Loss: 192.6719 | KL: 28.0437
Epoch 328/3000:
--------
Negative ELBO: 214.9456 | Recon Loss: 192.4986 | KL: 28.0587
Epoch 329/3000:
--------
Negative ELBO: 215.0958 | Recon Loss: 192.6495 | KL: 28.0579
Epoch 330/3000:
--------
Negative ELBO: 215.0662 | Recon Loss: 192.6237 | KL: 28.0532
Negative ELBO: 214.6734 | Recon Loss: 192.2478 | KL: 28.0320
Epoch 331/3000:
--------
Negative ELBO: 215.0510 | Recon Loss: 192.6135 | KL: 28.0468
Epoch 332/3000:
--------
Negative ELBO: 214.9862 | Recon Loss: 192.5407 | KL: 28.0569
Epoch 333/3000:
--------
Negative ELBO: 215.0893 | Recon Loss: 192.6649 | KL: 28.0305
Epoch 334/3000:
--------
Negative ELBO: 215.1248 | Recon Loss: 192.6771 | KL: 28.0597
Epoch 335/3000:
--------
Negative ELBO: 215.0044 | Recon Loss: 192.5433 | KL: 28.0764
Negative ELBO: 214.7684 | Recon Loss: 192.3433 | KL: 28.0314
Epoch 336/3000:
--------
Negative ELBO: 215.0503 | Recon Loss: 192.6099 | KL: 28.0504
Epoch 337/3000:
--------
Negative ELBO: 214.9956 | Recon Loss: 192.5351 | KL: 28.0756
Epoch 338/3000:
--------
Negative ELBO: 215.0205 | Recon Loss: 192.5717 | KL: 28.0610
Epoch 339/3000:
--------
Negative ELBO: 215.1591 | Recon Loss: 192.7048 | KL: 28.0680
Epoch 340/3000:
--------
Negative ELBO: 215.1369 | Recon Loss: 192.6668 | KL: 28.0876
Negative ELBO: 214.4568 | Recon Loss: 192.0323 | KL: 28.0306
Epoch 341/3000:
--------
Negative ELBO: 215.0614 | Recon Loss: 192.5870 | KL: 28.0930
Epoch 342/3000:
--------
Negative ELBO: 215.1119 | Recon Loss: 192.6456 | KL: 28.0828
Epoch 343/3000:
--------
Negative ELBO: 215.1309 | Recon Loss: 192.6707 | KL: 28.0753
Epoch 344/3000:
--------
Negative ELBO: 215.0911 | Recon Loss: 192.6267 | KL: 28.0805
Epoch 345/3000:
--------
Negative ELBO: 215.2180 | Recon Loss: 192.7869 | KL: 28.0389
Negative ELBO: 214.5612 | Recon Loss: 192.1076 | KL: 28.0670
Epoch 346/3000:
--------
Negative ELBO: 215.1166 | Recon Loss: 192.6462 | KL: 28.0880
Epoch 347/3000:
--------
Negative ELBO: 215.0119 | Recon Loss: 192.5342 | KL: 28.0972
Epoch 348/3000:
--------
Negative ELBO: 214.9808 | Recon Loss: 192.5161 | KL: 28.0808
Epoch 349/3000:
--------
Negative ELBO: 215.1752 | Recon Loss: 192.7250 | KL: 28.0628
Epoch 350/3000:
--------
Negative ELBO: 215.1745 | Recon Loss: 192.7180 | KL: 28.0707
Negative ELBO: 214.5465 | Recon Loss: 192.1194 | KL: 28.0339
Epoch 351/3000:
--------
Negative ELBO: 214.9971 | Recon Loss: 192.5122 | KL: 28.1062
Epoch 352/3000:
--------
Negative ELBO: 215.2544 | Recon Loss: 192.7759 | KL: 28.0980
Epoch 353/3000:
--------
Negative ELBO: 215.1211 | Recon Loss: 192.6638 | KL: 28.0717
Epoch 354/3000:
--------
Negative ELBO: 215.0055 | Recon Loss: 192.5369 | KL: 28.0857
Epoch 355/3000:
--------
Negative ELBO: 214.9855 | Recon Loss: 192.5277 | KL: 28.0723
Negative ELBO: 214.4519 | Recon Loss: 191.9798 | KL: 28.0901
Epoch 356/3000:
--------
Negative ELBO: 214.8904 | Recon Loss: 192.4295 | KL: 28.0762
Epoch 357/3000:
--------
Negative ELBO: 215.0858 | Recon Loss: 192.6188 | KL: 28.0837
Epoch 358/3000:
--------
Negative ELBO: 215.0238 | Recon Loss: 192.5525 | KL: 28.0891
Epoch 359/3000:
--------
Negative ELBO: 215.0507 | Recon Loss: 192.5721 | KL: 28.0982
Epoch 360/3000:
--------
Negative ELBO: 215.1155 | Recon Loss: 192.6787 | KL: 28.0460
Negative ELBO: 214.6327 | Recon Loss: 192.1981 | KL: 28.0434
Epoch 361/3000:
--------
Negative ELBO: 215.0716 | Recon Loss: 192.6227 | KL: 28.0611
Epoch 362/3000:
--------
Negative ELBO: 215.0745 | Recon Loss: 192.6131 | KL: 28.0767
Epoch 363/3000:
--------
Negative ELBO: 215.1238 | Recon Loss: 192.6697 | KL: 28.0677
Epoch 364/3000:
--------
Negative ELBO: 215.0049 | Recon Loss: 192.5606 | KL: 28.0554
Epoch 365/3000:
--------
Negative ELBO: 215.0164 | Recon Loss: 192.5592 | KL: 28.0715
Negative ELBO: 214.4960 | Recon Loss: 192.0724 | KL: 28.0295
Epoch 366/3000:
--------
Negative ELBO: 215.0437 | Recon Loss: 192.6000 | KL: 28.0546
Epoch 367/3000:
--------
Negative ELBO: 215.0942 | Recon Loss: 192.6487 | KL: 28.0568
Epoch 368/3000:
--------
Negative ELBO: 215.0191 | Recon Loss: 192.5546 | KL: 28.0806
Epoch 369/3000:
--------
Negative ELBO: 215.0262 | Recon Loss: 192.5788 | KL: 28.0593
Epoch 370/3000:
--------
Negative ELBO: 215.0233 | Recon Loss: 192.5850 | KL: 28.0479
Negative ELBO: 214.4497 | Recon Loss: 192.0123 | KL: 28.0468
Epoch 371/3000:
--------
Negative ELBO: 215.0127 | Recon Loss: 192.5638 | KL: 28.0612
Epoch 372/3000:
--------
Negative ELBO: 215.0871 | Recon Loss: 192.6317 | KL: 28.0692
Epoch 373/3000:
--------
Negative ELBO: 215.1352 | Recon Loss: 192.6822 | KL: 28.0662
Epoch 374/3000:
--------
Negative ELBO: 215.0412 | Recon Loss: 192.5945 | KL: 28.0584
Epoch 375/3000:
--------
Negative ELBO: 215.1105 | Recon Loss: 192.6741 | KL: 28.0455
Negative ELBO: 214.4051 | Recon Loss: 191.9653 | KL: 28.0496
Epoch 376/3000:
--------
Negative ELBO: 215.1013 | Recon Loss: 192.6614 | KL: 28.0500
Epoch 377/3000:
--------
Negative ELBO: 215.0381 | Recon Loss: 192.5966 | KL: 28.0519
Epoch 378/3000:
--------
Negative ELBO: 215.1241 | Recon Loss: 192.6896 | KL: 28.0431
Epoch 379/3000:
--------
Negative ELBO: 214.9422 | Recon Loss: 192.5036 | KL: 28.0483
Epoch 380/3000:
--------
Negative ELBO: 214.9895 | Recon Loss: 192.5571 | KL: 28.0405
Negative ELBO: 214.3438 | Recon Loss: 191.9082 | KL: 28.0445
Epoch 381/3000:
--------
Negative ELBO: 215.0104 | Recon Loss: 192.5818 | KL: 28.0356
Epoch 382/3000:
--------
Negative ELBO: 215.0934 | Recon Loss: 192.6597 | KL: 28.0421
Epoch 383/3000:
--------
Negative ELBO: 215.0415 | Recon Loss: 192.6017 | KL: 28.0497
Epoch 384/3000:
--------
Negative ELBO: 215.0042 | Recon Loss: 192.5664 | KL: 28.0473
Epoch 385/3000:
--------
Negative ELBO: 215.0480 | Recon Loss: 192.5996 | KL: 28.0605
Negative ELBO: 214.7190 | Recon Loss: 192.3182 | KL: 28.0010
Epoch 386/3000:
--------
Negative ELBO: 215.0864 | Recon Loss: 192.6445 | KL: 28.0524
Epoch 387/3000:
--------
Negative ELBO: 215.0434 | Recon Loss: 192.5976 | KL: 28.0572
Epoch 388/3000:
--------
Negative ELBO: 215.1165 | Recon Loss: 192.6740 | KL: 28.0531
Epoch 389/3000:
--------
Negative ELBO: 215.1035 | Recon Loss: 192.6444 | KL: 28.0739
Epoch 390/3000:
--------
Negative ELBO: 215.0974 | Recon Loss: 192.6421 | KL: 28.0692
Negative ELBO: 214.8586 | Recon Loss: 192.4202 | KL: 28.0481
Epoch 391/3000:
--------
Negative ELBO: 215.1115 | Recon Loss: 192.6444 | KL: 28.0838
Epoch 392/3000:
--------
Negative ELBO: 215.0933 | Recon Loss: 192.6208 | KL: 28.0906
Epoch 393/3000:
--------
Negative ELBO: 215.1404 | Recon Loss: 192.6886 | KL: 28.0648
Epoch 394/3000:
--------
Negative ELBO: 215.0815 | Recon Loss: 192.6264 | KL: 28.0689
Epoch 395/3000:
--------
Negative ELBO: 214.9763 | Recon Loss: 192.5241 | KL: 28.0652
Negative ELBO: 214.6942 | Recon Loss: 192.2530 | KL: 28.0515
Epoch 396/3000:
--------
Negative ELBO: 215.1507 | Recon Loss: 192.7210 | KL: 28.0372
Epoch 397/3000:
--------
Negative ELBO: 214.9625 | Recon Loss: 192.5059 | KL: 28.0708
Epoch 398/3000:
--------
Negative ELBO: 215.0896 | Recon Loss: 192.6416 | KL: 28.0599
Epoch 399/3000:
--------
Negative ELBO: 215.0404 | Recon Loss: 192.6051 | KL: 28.0441
Epoch 400/3000:
--------
Negative ELBO: 215.0008 | Recon Loss: 192.5526 | KL: 28.0603
Negative ELBO: 214.6109 | Recon Loss: 192.1865 | KL: 28.0305
Epoch 401/3000:
--------
Negative ELBO: 215.0275 | Recon Loss: 192.5949 | KL: 28.0408
Epoch 402/3000:
--------
Negative ELBO: 215.0441 | Recon Loss: 192.5935 | KL: 28.0633
Epoch 403/3000:
--------
Negative ELBO: 215.1398 | Recon Loss: 192.6923 | KL: 28.0594
Epoch 404/3000:
--------
Negative ELBO: 215.0646 | Recon Loss: 192.6079 | KL: 28.0709
Epoch 405/3000:
--------
Negative ELBO: 215.0953 | Recon Loss: 192.6350 | KL: 28.0754
Negative ELBO: 214.3731 | Recon Loss: 191.9223 | KL: 28.0635
Epoch 406/3000:
--------
Negative ELBO: 215.0138 | Recon Loss: 192.5668 | KL: 28.0588
Epoch 407/3000:
--------
Negative ELBO: 215.0146 | Recon Loss: 192.5489 | KL: 28.0821
Epoch 408/3000:
--------
Negative ELBO: 214.9830 | Recon Loss: 192.5239 | KL: 28.0740
Epoch 409/3000:
--------
Negative ELBO: 215.0145 | Recon Loss: 192.5546 | KL: 28.0749
Epoch 410/3000:
--------
Negative ELBO: 215.0211 | Recon Loss: 192.5756 | KL: 28.0569
Negative ELBO: 214.5898 | Recon Loss: 192.1479 | KL: 28.0524
Epoch 411/3000:
--------
Negative ELBO: 215.0413 | Recon Loss: 192.5875 | KL: 28.0672
Epoch 412/3000:
--------
Negative ELBO: 215.1041 | Recon Loss: 192.6565 | KL: 28.0596
Epoch 413/3000:
--------
Negative ELBO: 215.0385 | Recon Loss: 192.5835 | KL: 28.0687
Epoch 414/3000:
--------
Negative ELBO: 215.0731 | Recon Loss: 192.6215 | KL: 28.0645
Epoch 415/3000:
--------
Negative ELBO: 215.0107 | Recon Loss: 192.5529 | KL: 28.0723
Negative ELBO: 214.7962 | Recon Loss: 192.3675 | KL: 28.0359
Epoch 416/3000:
--------
Negative ELBO: 215.0324 | Recon Loss: 192.5803 | KL: 28.0652
Epoch 417/3000:
--------
Negative ELBO: 215.1726 | Recon Loss: 192.7261 | KL: 28.0582
Epoch 418/3000:
--------
Negative ELBO: 215.1642 | Recon Loss: 192.7293 | KL: 28.0437
Epoch 419/3000:
--------
Negative ELBO: 215.0003 | Recon Loss: 192.5416 | KL: 28.0734
Epoch 420/3000:
--------
Negative ELBO: 215.0523 | Recon Loss: 192.5927 | KL: 28.0745
Negative ELBO: 214.7419 | Recon Loss: 192.2794 | KL: 28.0781
Epoch 421/3000:
--------
Negative ELBO: 215.0027 | Recon Loss: 192.5379 | KL: 28.0810
Epoch 422/3000:
--------
Negative ELBO: 215.0249 | Recon Loss: 192.5667 | KL: 28.0727
Epoch 423/3000:
--------
Negative ELBO: 215.0766 | Recon Loss: 192.6246 | KL: 28.0649
Epoch 424/3000:
--------
Negative ELBO: 215.0871 | Recon Loss: 192.6483 | KL: 28.0485
Epoch 425/3000:
--------
Negative ELBO: 215.1035 | Recon Loss: 192.6300 | KL: 28.0919
Negative ELBO: 214.5618 | Recon Loss: 192.1390 | KL: 28.0285
Epoch 426/3000:
--------
Negative ELBO: 215.0645 | Recon Loss: 192.6038 | KL: 28.0758
Epoch 427/3000:
--------
Negative ELBO: 215.1311 | Recon Loss: 192.6881 | KL: 28.0538
Epoch 428/3000:
--------
Negative ELBO: 215.0772 | Recon Loss: 192.6367 | KL: 28.0506
Epoch 429/3000:
--------
Negative ELBO: 215.0969 | Recon Loss: 192.6367 | KL: 28.0753
Epoch 430/3000:
--------
Negative ELBO: 215.0950 | Recon Loss: 192.6342 | KL: 28.0760
Negative ELBO: 214.8313 | Recon Loss: 192.3845 | KL: 28.0585
Epoch 431/3000:
--------
Negative ELBO: 215.1130 | Recon Loss: 192.6398 | KL: 28.0915
Epoch 432/3000:
--------
Negative ELBO: 215.0626 | Recon Loss: 192.6085 | KL: 28.0677
Epoch 433/3000:
--------
Negative ELBO: 215.1408 | Recon Loss: 192.6774 | KL: 28.0792
Epoch 434/3000:
--------
Negative ELBO: 215.1840 | Recon Loss: 192.7165 | KL: 28.0843
Epoch 435/3000:
--------
Negative ELBO: 215.0966 | Recon Loss: 192.6509 | KL: 28.0571
Negative ELBO: 214.4623 | Recon Loss: 191.9904 | KL: 28.0899
Epoch 436/3000:
--------
Negative ELBO: 214.9626 | Recon Loss: 192.5100 | KL: 28.0657
Epoch 437/3000:
--------
Negative ELBO: 215.0776 | Recon Loss: 192.6286 | KL: 28.0612
Epoch 438/3000:
--------
Negative ELBO: 215.1318 | Recon Loss: 192.7088 | KL: 28.0287
Epoch 439/3000:
--------
Negative ELBO: 214.9868 | Recon Loss: 192.5327 | KL: 28.0677
Epoch 440/3000:
--------
Negative ELBO: 215.0296 | Recon Loss: 192.5730 | KL: 28.0708
Negative ELBO: 214.5646 | Recon Loss: 192.1545 | KL: 28.0126
Epoch 441/3000:
--------
Negative ELBO: 215.0853 | Recon Loss: 192.6461 | KL: 28.0490
Epoch 442/3000:
--------
Negative ELBO: 215.0720 | Recon Loss: 192.6311 | KL: 28.0511
Epoch 443/3000:
--------
Negative ELBO: 215.0538 | Recon Loss: 192.6178 | KL: 28.0450
Epoch 444/3000:
--------
Negative ELBO: 215.0206 | Recon Loss: 192.5698 | KL: 28.0635
Epoch 445/3000:
--------
Negative ELBO: 215.0755 | Recon Loss: 192.6263 | KL: 28.0616
Negative ELBO: 214.2997 | Recon Loss: 191.8681 | KL: 28.0395
Epoch 446/3000:
--------
Negative ELBO: 215.1098 | Recon Loss: 192.6682 | KL: 28.0519
Epoch 447/3000:
--------
Negative ELBO: 215.1131 | Recon Loss: 192.6549 | KL: 28.0727
Epoch 448/3000:
--------
Negative ELBO: 215.0670 | Recon Loss: 192.6294 | KL: 28.0470
Epoch 449/3000:
--------
Negative ELBO: 215.0199 | Recon Loss: 192.5946 | KL: 28.0317
Epoch 450/3000:
--------
Negative ELBO: 215.0623 | Recon Loss: 192.6033 | KL: 28.0737
Negative ELBO: 214.4551 | Recon Loss: 192.0006 | KL: 28.0682
Epoch 451/3000:
--------
Negative ELBO: 215.0078 | Recon Loss: 192.5669 | KL: 28.0512
Epoch 452/3000:
--------
Negative ELBO: 215.0679 | Recon Loss: 192.6216 | KL: 28.0578
Epoch 453/3000:
--------
Negative ELBO: 215.0460 | Recon Loss: 192.6021 | KL: 28.0548
Epoch 454/3000:
--------
Negative ELBO: 214.9349 | Recon Loss: 192.4809 | KL: 28.0676
Epoch 455/3000:
--------
Negative ELBO: 214.9595 | Recon Loss: 192.5092 | KL: 28.0628
Negative ELBO: 214.5048 | Recon Loss: 192.0754 | KL: 28.0368
Epoch 456/3000:
--------
Negative ELBO: 215.0210 | Recon Loss: 192.5560 | KL: 28.0813
Epoch 457/3000:
--------
Negative ELBO: 215.0058 | Recon Loss: 192.5625 | KL: 28.0542
Epoch 458/3000:
--------
Negative ELBO: 214.9938 | Recon Loss: 192.5642 | KL: 28.0370
Epoch 459/3000:
--------
Negative ELBO: 215.0236 | Recon Loss: 192.5861 | KL: 28.0469
Epoch 460/3000:
--------
Negative ELBO: 215.0465 | Recon Loss: 192.5910 | KL: 28.0694
Negative ELBO: 214.5238 | Recon Loss: 192.1026 | KL: 28.0265
Epoch 461/3000:
--------
Negative ELBO: 215.0517 | Recon Loss: 192.5766 | KL: 28.0940
Epoch 462/3000:
--------
Negative ELBO: 215.0438 | Recon Loss: 192.5891 | KL: 28.0684
Epoch 463/3000:
--------
Negative ELBO: 215.0140 | Recon Loss: 192.5499 | KL: 28.0801
Epoch 464/3000:
--------
Negative ELBO: 215.0558 | Recon Loss: 192.6064 | KL: 28.0618
Epoch 465/3000:
--------
Negative ELBO: 215.0730 | Recon Loss: 192.6309 | KL: 28.0527
Negative ELBO: 214.4935 | Recon Loss: 192.0104 | KL: 28.1039
Epoch 466/3000:
--------
Negative ELBO: 214.9940 | Recon Loss: 192.5390 | KL: 28.0688
Epoch 467/3000:
--------
Negative ELBO: 214.9454 | Recon Loss: 192.5052 | KL: 28.0502
Epoch 468/3000:
--------
Negative ELBO: 215.0114 | Recon Loss: 192.5767 | KL: 28.0434
Epoch 469/3000:
--------
Negative ELBO: 215.0677 | Recon Loss: 192.6178 | KL: 28.0624
Epoch 470/3000:
--------
Negative ELBO: 215.0654 | Recon Loss: 192.6195 | KL: 28.0573
Negative ELBO: 214.5440 | Recon Loss: 192.1039 | KL: 28.0501
Epoch 471/3000:
--------
Negative ELBO: 215.0623 | Recon Loss: 192.6106 | KL: 28.0646
Epoch 472/3000:
--------
Negative ELBO: 215.1137 | Recon Loss: 192.6887 | KL: 28.0312
Epoch 473/3000:
--------
Negative ELBO: 215.0283 | Recon Loss: 192.5650 | KL: 28.0792
Epoch 474/3000:
--------
Negative ELBO: 215.1316 | Recon Loss: 192.6772 | KL: 28.0680
Epoch 475/3000:
--------
Negative ELBO: 215.0537 | Recon Loss: 192.6111 | KL: 28.0533
Negative ELBO: 214.5125 | Recon Loss: 192.0543 | KL: 28.0727
Epoch 476/3000:
--------
Negative ELBO: 215.0838 | Recon Loss: 192.6429 | KL: 28.0512
Epoch 477/3000:
--------
Negative ELBO: 215.0797 | Recon Loss: 192.6365 | KL: 28.0541
Epoch 478/3000:
--------
Negative ELBO: 215.0266 | Recon Loss: 192.5864 | KL: 28.0502
Epoch 479/3000:
--------
Negative ELBO: 215.1408 | Recon Loss: 192.6925 | KL: 28.0605
Epoch 480/3000:
--------
Negative ELBO: 215.0487 | Recon Loss: 192.5964 | KL: 28.0654
Negative ELBO: 214.3845 | Recon Loss: 191.9371 | KL: 28.0591
Epoch 481/3000:
--------
Negative ELBO: 215.0464 | Recon Loss: 192.5882 | KL: 28.0728
Epoch 482/3000:
--------
Negative ELBO: 214.9844 | Recon Loss: 192.5317 | KL: 28.0658
Epoch 483/3000:
--------
Negative ELBO: 215.0774 | Recon Loss: 192.6482 | KL: 28.0365
Epoch 484/3000:
--------
Negative ELBO: 215.0593 | Recon Loss: 192.6238 | KL: 28.0444
Epoch 485/3000:
--------
Negative ELBO: 215.0742 | Recon Loss: 192.6474 | KL: 28.0335
Negative ELBO: 214.4949 | Recon Loss: 192.0555 | KL: 28.0493
Epoch 486/3000:
--------
Negative ELBO: 215.1244 | Recon Loss: 192.7007 | KL: 28.0295
Epoch 487/3000:
--------
Negative ELBO: 215.0428 | Recon Loss: 192.6038 | KL: 28.0487
Epoch 488/3000:
--------
Negative ELBO: 215.1048 | Recon Loss: 192.6616 | KL: 28.0540
Epoch 489/3000:
--------
Negative ELBO: 215.1432 | Recon Loss: 192.7027 | KL: 28.0507
Epoch 490/3000:
--------
Negative ELBO: 215.2142 | Recon Loss: 192.7875 | KL: 28.0334
Negative ELBO: 214.7388 | Recon Loss: 192.2893 | KL: 28.0619
Epoch 491/3000:
--------
Negative ELBO: 215.1543 | Recon Loss: 192.7108 | KL: 28.0544
Epoch 492/3000:
--------
Negative ELBO: 215.1164 | Recon Loss: 192.6577 | KL: 28.0734
Epoch 493/3000:
--------
Negative ELBO: 215.2311 | Recon Loss: 192.7952 | KL: 28.0449
Epoch 494/3000:
--------
Negative ELBO: 215.2280 | Recon Loss: 192.7890 | KL: 28.0489
Epoch 495/3000:
--------
Negative ELBO: 215.0764 | Recon Loss: 192.6491 | KL: 28.0341
Negative ELBO: 214.4199 | Recon Loss: 192.0151 | KL: 28.0060
Epoch 496/3000:
--------
Negative ELBO: 215.0667 | Recon Loss: 192.6360 | KL: 28.0384
Epoch 497/3000:
--------
Negative ELBO: 215.0809 | Recon Loss: 192.6424 | KL: 28.0481
Epoch 498/3000:
--------
Negative ELBO: 215.1083 | Recon Loss: 192.6698 | KL: 28.0481
Epoch 499/3000:
--------
Negative ELBO: 215.1425 | Recon Loss: 192.7145 | KL: 28.0350
Epoch 500/3000:
--------
Negative ELBO: 215.0350 | Recon Loss: 192.6138 | KL: 28.0266
Negative ELBO: 214.6388 | Recon Loss: 192.2018 | KL: 28.0462
Epoch 501/3000:
--------
Negative ELBO: 215.2128 | Recon Loss: 192.7782 | KL: 28.0433
Epoch 502/3000:
--------
Negative ELBO: 215.1293 | Recon Loss: 192.6885 | KL: 28.0510
Epoch 503/3000:
--------
Negative ELBO: 215.1435 | Recon Loss: 192.7045 | KL: 28.0487
Epoch 504/3000:
--------
Negative ELBO: 215.1231 | Recon Loss: 192.6787 | KL: 28.0555
Epoch 505/3000:
--------
Negative ELBO: 215.1493 | Recon Loss: 192.7188 | KL: 28.0382
Negative ELBO: 214.7694 | Recon Loss: 192.3485 | KL: 28.0262
Epoch 506/3000:
--------
Negative ELBO: 215.1805 | Recon Loss: 192.7412 | KL: 28.0491
Epoch 507/3000:
--------
Negative ELBO: 215.1483 | Recon Loss: 192.7169 | KL: 28.0392
Epoch 508/3000:
--------
Negative ELBO: 215.2581 | Recon Loss: 192.8332 | KL: 28.0312
Epoch 509/3000:
--------
Negative ELBO: 215.2045 | Recon Loss: 192.7723 | KL: 28.0403
Epoch 510/3000:
--------
Negative ELBO: 215.1642 | Recon Loss: 192.7509 | KL: 28.0166
Negative ELBO: 214.8402 | Recon Loss: 192.4251 | KL: 28.0188
Epoch 511/3000:
--------
Negative ELBO: 215.0451 | Recon Loss: 192.6218 | KL: 28.0291
Epoch 512/3000:
--------
Negative ELBO: 215.1843 | Recon Loss: 192.7669 | KL: 28.0218
Epoch 513/3000:
--------
Negative ELBO: 215.1576 | Recon Loss: 192.7435 | KL: 28.0176
Epoch 514/3000:
--------
Negative ELBO: 215.2027 | Recon Loss: 192.7878 | KL: 28.0187
Epoch 515/3000:
--------
Negative ELBO: 215.0926 | Recon Loss: 192.6568 | KL: 28.0447
Negative ELBO: 214.5159 | Recon Loss: 192.1098 | KL: 28.0077
Epoch 516/3000:
--------
Negative ELBO: 215.1079 | Recon Loss: 192.6746 | KL: 28.0416
Epoch 517/3000:
--------
Negative ELBO: 215.1973 | Recon Loss: 192.7722 | KL: 28.0314
Epoch 518/3000:
--------
Negative ELBO: 215.1748 | Recon Loss: 192.7429 | KL: 28.0399
Epoch 519/3000:
--------
Negative ELBO: 215.1651 | Recon Loss: 192.7311 | KL: 28.0426
Epoch 520/3000:
--------
Negative ELBO: 215.0867 | Recon Loss: 192.6525 | KL: 28.0427
Negative ELBO: 214.5600 | Recon Loss: 192.1187 | KL: 28.0516
Epoch 521/3000:
--------
Negative ELBO: 215.0988 | Recon Loss: 192.6564 | KL: 28.0530
Epoch 522/3000:
--------
Negative ELBO: 215.1744 | Recon Loss: 192.7431 | KL: 28.0392
Epoch 523/3000:
--------
Negative ELBO: 215.1501 | Recon Loss: 192.7155 | KL: 28.0432
Epoch 524/3000:
--------
Negative ELBO: 215.0651 | Recon Loss: 192.6306 | KL: 28.0431
Epoch 525/3000:
--------
Negative ELBO: 215.0710 | Recon Loss: 192.6314 | KL: 28.0495
Negative ELBO: 214.4383 | Recon Loss: 192.0007 | KL: 28.0471
Epoch 526/3000:
--------
Negative ELBO: 215.1092 | Recon Loss: 192.6665 | KL: 28.0533
Epoch 527/3000:
--------
Negative ELBO: 215.1164 | Recon Loss: 192.6757 | KL: 28.0509
Epoch 528/3000:
--------
Negative ELBO: 215.0116 | Recon Loss: 192.5899 | KL: 28.0271
Epoch 529/3000:
--------
Negative ELBO: 215.0674 | Recon Loss: 192.6474 | KL: 28.0251
Epoch 530/3000:
--------
Negative ELBO: 215.0192 | Recon Loss: 192.5879 | KL: 28.0391
Negative ELBO: 214.4566 | Recon Loss: 192.0418 | KL: 28.0185
Epoch 531/3000:
--------
Negative ELBO: 215.0240 | Recon Loss: 192.5844 | KL: 28.0494
Epoch 532/3000:
--------
Negative ELBO: 215.0822 | Recon Loss: 192.6643 | KL: 28.0224
Epoch 533/3000:
--------
Negative ELBO: 215.0524 | Recon Loss: 192.6324 | KL: 28.0249
Epoch 534/3000:
--------
Negative ELBO: 214.9737 | Recon Loss: 192.5431 | KL: 28.0382
Epoch 535/3000:
--------
Negative ELBO: 215.1502 | Recon Loss: 192.7270 | KL: 28.0290
Negative ELBO: 214.5269 | Recon Loss: 192.1339 | KL: 27.9913
Epoch 536/3000:
--------
Negative ELBO: 215.0936 | Recon Loss: 192.6665 | KL: 28.0339
Epoch 537/3000:
--------
Negative ELBO: 215.1010 | Recon Loss: 192.6837 | KL: 28.0217
Epoch 538/3000:
--------
Negative ELBO: 215.0746 | Recon Loss: 192.6506 | KL: 28.0300
Epoch 539/3000:
--------
Negative ELBO: 215.0036 | Recon Loss: 192.5871 | KL: 28.0206
Epoch 540/3000:
--------
Negative ELBO: 215.0175 | Recon Loss: 192.5884 | KL: 28.0364
Negative ELBO: 214.6228 | Recon Loss: 192.2126 | KL: 28.0128
Epoch 541/3000:
--------
Negative ELBO: 215.0105 | Recon Loss: 192.5878 | KL: 28.0284
Epoch 542/3000:
--------
Negative ELBO: 215.0513 | Recon Loss: 192.6255 | KL: 28.0323
Epoch 543/3000:
--------
Negative ELBO: 215.1364 | Recon Loss: 192.7154 | KL: 28.0262
Epoch 544/3000:
--------
Negative ELBO: 215.1128 | Recon Loss: 192.6959 | KL: 28.0212
Epoch 545/3000:
--------
Negative ELBO: 215.0263 | Recon Loss: 192.5821 | KL: 28.0552
Negative ELBO: 214.3963 | Recon Loss: 191.9580 | KL: 28.0479
Epoch 546/3000:
--------
Negative ELBO: 215.1426 | Recon Loss: 192.7204 | KL: 28.0277
Epoch 547/3000:
--------
Negative ELBO: 215.0654 | Recon Loss: 192.6511 | KL: 28.0179
Epoch 548/3000:
--------
Negative ELBO: 214.9904 | Recon Loss: 192.5468 | KL: 28.0544
Epoch 549/3000:
--------
Negative ELBO: 215.0241 | Recon Loss: 192.5785 | KL: 28.0570
Epoch 550/3000:
--------
Negative ELBO: 215.0636 | Recon Loss: 192.6540 | KL: 28.0120
Negative ELBO: 214.6108 | Recon Loss: 192.2218 | KL: 27.9863
Epoch 551/3000:
--------
Negative ELBO: 214.9944 | Recon Loss: 192.5578 | KL: 28.0458
Epoch 552/3000:
--------
Negative ELBO: 214.9916 | Recon Loss: 192.5505 | KL: 28.0515
Epoch 553/3000:
--------
Negative ELBO: 215.0475 | Recon Loss: 192.6363 | KL: 28.0140
Epoch 554/3000:
--------
Negative ELBO: 215.0903 | Recon Loss: 192.6571 | KL: 28.0415
Epoch 555/3000:
--------
Negative ELBO: 214.9939 | Recon Loss: 192.5640 | KL: 28.0373
Negative ELBO: 214.5968 | Recon Loss: 192.1774 | KL: 28.0242
Epoch 556/3000:
--------
Negative ELBO: 215.0357 | Recon Loss: 192.6043 | KL: 28.0393
Epoch 557/3000:
--------
Negative ELBO: 215.0586 | Recon Loss: 192.6219 | KL: 28.0459
Epoch 558/3000:
--------
Negative ELBO: 214.9575 | Recon Loss: 192.5245 | KL: 28.0412
Epoch 559/3000:
--------
Negative ELBO: 215.0595 | Recon Loss: 192.6276 | KL: 28.0400
Epoch 560/3000:
--------
Negative ELBO: 214.9702 | Recon Loss: 192.5339 | KL: 28.0454
Negative ELBO: 214.4875 | Recon Loss: 192.0301 | KL: 28.0718
Epoch 561/3000:
--------
Negative ELBO: 214.9923 | Recon Loss: 192.5470 | KL: 28.0567
Epoch 562/3000:
--------
Negative ELBO: 214.9031 | Recon Loss: 192.4564 | KL: 28.0584
Epoch 563/3000:
--------
Negative ELBO: 214.9971 | Recon Loss: 192.5629 | KL: 28.0427
Epoch 564/3000:
--------
Negative ELBO: 215.0208 | Recon Loss: 192.5892 | KL: 28.0395
Epoch 565/3000:
--------
Negative ELBO: 215.0066 | Recon Loss: 192.5720 | KL: 28.0433
Negative ELBO: 214.5375 | Recon Loss: 192.1297 | KL: 28.0097
Epoch 566/3000:
--------
Negative ELBO: 215.0652 | Recon Loss: 192.6346 | KL: 28.0382
Epoch 567/3000:
--------
Negative ELBO: 215.0596 | Recon Loss: 192.6239 | KL: 28.0445
Epoch 568/3000:
--------
Negative ELBO: 215.0463 | Recon Loss: 192.6137 | KL: 28.0408
Epoch 569/3000:
--------
Negative ELBO: 215.0041 | Recon Loss: 192.5667 | KL: 28.0467
Epoch 570/3000:
--------
Negative ELBO: 215.0397 | Recon Loss: 192.5997 | KL: 28.0501
Negative ELBO: 214.5087 | Recon Loss: 192.1006 | KL: 28.0101
Epoch 571/3000:
--------
Negative ELBO: 215.0555 | Recon Loss: 192.6204 | KL: 28.0439
Epoch 572/3000:
--------
Negative ELBO: 215.0992 | Recon Loss: 192.6642 | KL: 28.0437
Epoch 573/3000:
--------
Negative ELBO: 215.0863 | Recon Loss: 192.6442 | KL: 28.0526
Epoch 574/3000:
--------
Negative ELBO: 215.0910 | Recon Loss: 192.6398 | KL: 28.0639
Epoch 575/3000:
--------
Negative ELBO: 215.0741 | Recon Loss: 192.6093 | KL: 28.0810
Negative ELBO: 214.4752 | Recon Loss: 192.0555 | KL: 28.0246
Epoch 576/3000:
--------
Negative ELBO: 215.1033 | Recon Loss: 192.6631 | KL: 28.0502
Epoch 577/3000:
--------
Negative ELBO: 214.9680 | Recon Loss: 192.5274 | KL: 28.0507
Epoch 578/3000:
--------
Negative ELBO: 214.9439 | Recon Loss: 192.4831 | KL: 28.0760
Epoch 579/3000:
--------
Negative ELBO: 215.0362 | Recon Loss: 192.5870 | KL: 28.0615
Epoch 580/3000:
--------
Negative ELBO: 214.9795 | Recon Loss: 192.5295 | KL: 28.0625
Negative ELBO: 214.6372 | Recon Loss: 192.1973 | KL: 28.0499
Epoch 581/3000:
--------
Negative ELBO: 215.0119 | Recon Loss: 192.5838 | KL: 28.0352
Epoch 582/3000:
--------
Negative ELBO: 215.1298 | Recon Loss: 192.7102 | KL: 28.0246
Epoch 583/3000:
--------
Negative ELBO: 215.0640 | Recon Loss: 192.6414 | KL: 28.0281
Epoch 584/3000:
--------
Negative ELBO: 215.0522 | Recon Loss: 192.6146 | KL: 28.0470
Epoch 585/3000:
--------
Negative ELBO: 215.0340 | Recon Loss: 192.6045 | KL: 28.0369
Negative ELBO: 214.5505 | Recon Loss: 192.1240 | KL: 28.0332
Epoch 586/3000:
--------
Negative ELBO: 215.0693 | Recon Loss: 192.6454 | KL: 28.0299
Epoch 587/3000:
--------
Negative ELBO: 215.1583 | Recon Loss: 192.7265 | KL: 28.0397
Epoch 588/3000:
--------
Negative ELBO: 215.0233 | Recon Loss: 192.5998 | KL: 28.0294
Epoch 589/3000:
--------
Negative ELBO: 215.0443 | Recon Loss: 192.6032 | KL: 28.0514
Epoch 590/3000:
--------
Negative ELBO: 215.0317 | Recon Loss: 192.5943 | KL: 28.0467
Negative ELBO: 214.5313 | Recon Loss: 192.0928 | KL: 28.0482
Epoch 591/3000:
--------
Negative ELBO: 215.0080 | Recon Loss: 192.5683 | KL: 28.0496
Epoch 592/3000:
--------
Negative ELBO: 215.0355 | Recon Loss: 192.5957 | KL: 28.0497
Epoch 593/3000:
--------
Negative ELBO: 215.1083 | Recon Loss: 192.6667 | KL: 28.0520
Epoch 594/3000:
--------
Negative ELBO: 214.9779 | Recon Loss: 192.5348 | KL: 28.0538
Epoch 595/3000:
--------
Negative ELBO: 215.0633 | Recon Loss: 192.6229 | KL: 28.0506
Negative ELBO: 214.4366 | Recon Loss: 192.0216 | KL: 28.0188
Epoch 596/3000:
--------
Negative ELBO: 215.0360 | Recon Loss: 192.5986 | KL: 28.0467
Epoch 597/3000:
--------
Negative ELBO: 215.0328 | Recon Loss: 192.5877 | KL: 28.0564
Epoch 598/3000:
--------
Negative ELBO: 214.9837 | Recon Loss: 192.5492 | KL: 28.0431
Epoch 599/3000:
--------
Negative ELBO: 215.1426 | Recon Loss: 192.7195 | KL: 28.0289
Epoch 600/3000:
--------
Negative ELBO: 214.9428 | Recon Loss: 192.4931 | KL: 28.0621
Negative ELBO: 214.2134 | Recon Loss: 191.7644 | KL: 28.0612
Epoch 601/3000:
--------
Negative ELBO: 214.9821 | Recon Loss: 192.5512 | KL: 28.0387
Epoch 602/3000:
--------
Negative ELBO: 215.0690 | Recon Loss: 192.6275 | KL: 28.0519
Epoch 603/3000:
--------
Negative ELBO: 214.9428 | Recon Loss: 192.4974 | KL: 28.0568
Epoch 604/3000:
--------
Negative ELBO: 215.1358 | Recon Loss: 192.7146 | KL: 28.0265
Epoch 605/3000:
--------
Negative ELBO: 214.9684 | Recon Loss: 192.5247 | KL: 28.0546
Negative ELBO: 214.3974 | Recon Loss: 191.9899 | KL: 28.0094
Epoch 606/3000:
--------
Negative ELBO: 214.9783 | Recon Loss: 192.5442 | KL: 28.0426
Epoch 607/3000:
--------
Negative ELBO: 215.0365 | Recon Loss: 192.6029 | KL: 28.0420
Epoch 608/3000:
--------
Negative ELBO: 214.9738 | Recon Loss: 192.5405 | KL: 28.0416
Epoch 609/3000:
--------
Negative ELBO: 214.9686 | Recon Loss: 192.5393 | KL: 28.0367
Epoch 610/3000:
--------
Negative ELBO: 215.0660 | Recon Loss: 192.6300 | KL: 28.0450
Negative ELBO: 214.4737 | Recon Loss: 192.0307 | KL: 28.0538
Epoch 611/3000:
--------
Negative ELBO: 214.9183 | Recon Loss: 192.4576 | KL: 28.0760
Epoch 612/3000:
--------
Negative ELBO: 215.0387 | Recon Loss: 192.5947 | KL: 28.0550
Epoch 613/3000:
--------
Negative ELBO: 215.0393 | Recon Loss: 192.5973 | KL: 28.0524
Epoch 614/3000:
--------
Negative ELBO: 215.0233 | Recon Loss: 192.5833 | KL: 28.0499
Epoch 615/3000:
--------
Negative ELBO: 215.0861 | Recon Loss: 192.6432 | KL: 28.0536
Negative ELBO: 214.4855 | Recon Loss: 192.0399 | KL: 28.0570
Epoch 616/3000:
--------
Negative ELBO: 214.9841 | Recon Loss: 192.5421 | KL: 28.0525
Epoch 617/3000:
--------
Negative ELBO: 214.9897 | Recon Loss: 192.5562 | KL: 28.0419
Epoch 618/3000:
--------
Negative ELBO: 215.0808 | Recon Loss: 192.6480 | KL: 28.0411
Epoch 619/3000:
--------
Negative ELBO: 215.0087 | Recon Loss: 192.5725 | KL: 28.0452
Epoch 620/3000:
--------
Negative ELBO: 215.0389 | Recon Loss: 192.5884 | KL: 28.0631
Negative ELBO: 214.3840 | Recon Loss: 191.9560 | KL: 28.0349
Epoch 621/3000:
--------
Negative ELBO: 214.9922 | Recon Loss: 192.5721 | KL: 28.0251
Epoch 622/3000:
--------
Negative ELBO: 215.0402 | Recon Loss: 192.6216 | KL: 28.0232
Epoch 623/3000:
--------
Negative ELBO: 214.9952 | Recon Loss: 192.5616 | KL: 28.0419
Epoch 624/3000:
--------
Negative ELBO: 214.9880 | Recon Loss: 192.5483 | KL: 28.0496
Epoch 625/3000:
--------
Negative ELBO: 215.1338 | Recon Loss: 192.7085 | KL: 28.0317
Negative ELBO: 214.5826 | Recon Loss: 192.1965 | KL: 27.9826
Epoch 626/3000:
--------
Negative ELBO: 215.1000 | Recon Loss: 192.6834 | KL: 28.0207
Epoch 627/3000:
--------
Negative ELBO: 215.0100 | Recon Loss: 192.5656 | KL: 28.0555
Epoch 628/3000:
--------
Negative ELBO: 214.9611 | Recon Loss: 192.5296 | KL: 28.0394
Epoch 629/3000:
--------
Negative ELBO: 215.0619 | Recon Loss: 192.6367 | KL: 28.0316
Epoch 630/3000:
--------
Negative ELBO: 215.0879 | Recon Loss: 192.6317 | KL: 28.0703
Negative ELBO: 214.4587 | Recon Loss: 191.9925 | KL: 28.0827
Epoch 631/3000:
--------
Negative ELBO: 215.0391 | Recon Loss: 192.5845 | KL: 28.0681
Epoch 632/3000:
--------
Negative ELBO: 215.0340 | Recon Loss: 192.5813 | KL: 28.0659
Epoch 633/3000:
--------
Negative ELBO: 215.0482 | Recon Loss: 192.6180 | KL: 28.0377
Epoch 634/3000:
--------
Negative ELBO: 215.0110 | Recon Loss: 192.5701 | KL: 28.0512
Epoch 635/3000:
--------
Negative ELBO: 215.0542 | Recon Loss: 192.6250 | KL: 28.0365
Negative ELBO: 214.3036 | Recon Loss: 191.8737 | KL: 28.0375
Epoch 636/3000:
--------
Negative ELBO: 215.0391 | Recon Loss: 192.5949 | KL: 28.0552
Epoch 637/3000:
--------
Negative ELBO: 214.9928 | Recon Loss: 192.5484 | KL: 28.0555
Epoch 638/3000:
--------
Negative ELBO: 215.0496 | Recon Loss: 192.6115 | KL: 28.0476
Epoch 639/3000:
--------
Negative ELBO: 215.0252 | Recon Loss: 192.5840 | KL: 28.0515
Epoch 640/3000:
--------
Negative ELBO: 215.0909 | Recon Loss: 192.6715 | KL: 28.0243
Negative ELBO: 214.8157 | Recon Loss: 192.4075 | KL: 28.0103
Epoch 641/3000:
--------
Negative ELBO: 215.0245 | Recon Loss: 192.5951 | KL: 28.0368
Epoch 642/3000:
--------
Negative ELBO: 215.0493 | Recon Loss: 192.6021 | KL: 28.0589
Epoch 643/3000:
--------
Negative ELBO: 215.0638 | Recon Loss: 192.6183 | KL: 28.0568
Epoch 644/3000:
--------
Negative ELBO: 215.0110 | Recon Loss: 192.5740 | KL: 28.0463
Epoch 645/3000:
--------
Negative ELBO: 215.0535 | Recon Loss: 192.6199 | KL: 28.0420
Negative ELBO: 214.5863 | Recon Loss: 192.1648 | KL: 28.0270
Epoch 646/3000:
--------
Negative ELBO: 215.1313 | Recon Loss: 192.6890 | KL: 28.0529
Epoch 647/3000:
--------
Negative ELBO: 215.0274 | Recon Loss: 192.5767 | KL: 28.0634
Epoch 648/3000:
--------
Negative ELBO: 215.1259 | Recon Loss: 192.6806 | KL: 28.0566
Epoch 649/3000:
--------
Negative ELBO: 215.0658 | Recon Loss: 192.6345 | KL: 28.0391
Epoch 650/3000:
--------
Negative ELBO: 215.0335 | Recon Loss: 192.5800 | KL: 28.0668
Negative ELBO: 214.3994 | Recon Loss: 191.9212 | KL: 28.0978
Epoch 651/3000:
--------
Negative ELBO: 215.0239 | Recon Loss: 192.5824 | KL: 28.0518
Epoch 652/3000:
--------
Negative ELBO: 214.9448 | Recon Loss: 192.4986 | KL: 28.0578
Epoch 653/3000:
--------
Negative ELBO: 214.9892 | Recon Loss: 192.5528 | KL: 28.0455
Epoch 654/3000:
--------
Negative ELBO: 215.0018 | Recon Loss: 192.5690 | KL: 28.0411
Epoch 655/3000:
--------
Negative ELBO: 214.9960 | Recon Loss: 192.5415 | KL: 28.0681
Negative ELBO: 214.6184 | Recon Loss: 192.2406 | KL: 27.9723
Epoch 656/3000:
--------
Negative ELBO: 215.0012 | Recon Loss: 192.5462 | KL: 28.0688
Epoch 657/3000:
--------
Negative ELBO: 215.1267 | Recon Loss: 192.6957 | KL: 28.0387
Epoch 658/3000:
--------
Negative ELBO: 215.0569 | Recon Loss: 192.6125 | KL: 28.0555
Epoch 659/3000:
--------
Negative ELBO: 215.0663 | Recon Loss: 192.6293 | KL: 28.0463
Epoch 660/3000:
--------
Negative ELBO: 215.0840 | Recon Loss: 192.6579 | KL: 28.0326
Negative ELBO: 214.5433 | Recon Loss: 192.1154 | KL: 28.0349
Epoch 661/3000:
--------
Negative ELBO: 214.9591 | Recon Loss: 192.5175 | KL: 28.0521
Epoch 662/3000:
--------
Negative ELBO: 214.9782 | Recon Loss: 192.5407 | KL: 28.0468
Epoch 663/3000:
--------
Negative ELBO: 215.0617 | Recon Loss: 192.6365 | KL: 28.0316
Epoch 664/3000:
--------
Negative ELBO: 214.9867 | Recon Loss: 192.5446 | KL: 28.0526
Epoch 665/3000:
--------
Negative ELBO: 215.0449 | Recon Loss: 192.5967 | KL: 28.0603
Negative ELBO: 214.5097 | Recon Loss: 192.0907 | KL: 28.0237
Epoch 666/3000:
--------
Negative ELBO: 215.1180 | Recon Loss: 192.6816 | KL: 28.0456
Epoch 667/3000:
--------
Negative ELBO: 214.9978 | Recon Loss: 192.5577 | KL: 28.0502
Epoch 668/3000:
--------
Negative ELBO: 215.0788 | Recon Loss: 192.6482 | KL: 28.0382
Epoch 669/3000:
--------
Negative ELBO: 215.0098 | Recon Loss: 192.5554 | KL: 28.0680
Epoch 670/3000:
--------
Negative ELBO: 214.9661 | Recon Loss: 192.5288 | KL: 28.0467
Negative ELBO: 214.5989 | Recon Loss: 192.1603 | KL: 28.0482
Epoch 671/3000:
--------
Negative ELBO: 215.0626 | Recon Loss: 192.6190 | KL: 28.0545
Epoch 672/3000:
--------
Negative ELBO: 215.0788 | Recon Loss: 192.6439 | KL: 28.0437
Epoch 673/3000:
--------
Negative ELBO: 215.0062 | Recon Loss: 192.5593 | KL: 28.0586
Epoch 674/3000:
--------
Negative ELBO: 215.1291 | Recon Loss: 192.6776 | KL: 28.0644
Epoch 675/3000:
--------
Negative ELBO: 215.0518 | Recon Loss: 192.5923 | KL: 28.0745
Negative ELBO: 214.4633 | Recon Loss: 192.0021 | KL: 28.0765
Epoch 676/3000:
--------
Negative ELBO: 215.1101 | Recon Loss: 192.6504 | KL: 28.0746
Epoch 677/3000:
--------
Negative ELBO: 215.1213 | Recon Loss: 192.6786 | KL: 28.0533
Epoch 678/3000:
--------
Negative ELBO: 215.0887 | Recon Loss: 192.6348 | KL: 28.0674
Epoch 679/3000:
--------
Negative ELBO: 214.9931 | Recon Loss: 192.5327 | KL: 28.0755
Epoch 680/3000:
--------
Negative ELBO: 215.1275 | Recon Loss: 192.6826 | KL: 28.0561
Negative ELBO: 214.4131 | Recon Loss: 191.9914 | KL: 28.0271
Epoch 681/3000:
--------
Negative ELBO: 215.0134 | Recon Loss: 192.5699 | KL: 28.0543
Epoch 682/3000:
--------
Negative ELBO: 215.1169 | Recon Loss: 192.6656 | KL: 28.0641
Epoch 683/3000:
--------
Negative ELBO: 214.9692 | Recon Loss: 192.5243 | KL: 28.0561
Epoch 684/3000:
--------
Negative ELBO: 215.0210 | Recon Loss: 192.5644 | KL: 28.0707
Epoch 685/3000:
--------
Negative ELBO: 215.0740 | Recon Loss: 192.6017 | KL: 28.0904
Negative ELBO: 214.7479 | Recon Loss: 192.3525 | KL: 27.9943
Epoch 686/3000:
--------
Negative ELBO: 215.0055 | Recon Loss: 192.5509 | KL: 28.0683
Epoch 687/3000:
--------
Negative ELBO: 215.0189 | Recon Loss: 192.5689 | KL: 28.0625
Epoch 688/3000:
--------
Negative ELBO: 215.1454 | Recon Loss: 192.7097 | KL: 28.0446
Epoch 689/3000:
--------
Negative ELBO: 215.0100 | Recon Loss: 192.5596 | KL: 28.0631
Epoch 690/3000:
--------
Negative ELBO: 215.0942 | Recon Loss: 192.6561 | KL: 28.0476
Negative ELBO: 214.5080 | Recon Loss: 192.0727 | KL: 28.0441
Epoch 691/3000:
--------
Negative ELBO: 215.0218 | Recon Loss: 192.5941 | KL: 28.0347
Epoch 692/3000:
--------
Negative ELBO: 215.0087 | Recon Loss: 192.5603 | KL: 28.0605
Epoch 693/3000:
--------
Negative ELBO: 215.0318 | Recon Loss: 192.5681 | KL: 28.0797
Epoch 694/3000:
--------
Negative ELBO: 215.1154 | Recon Loss: 192.6868 | KL: 28.0357
Epoch 695/3000:
--------
Negative ELBO: 215.0190 | Recon Loss: 192.5854 | KL: 28.0421
Negative ELBO: 214.7530 | Recon Loss: 192.2971 | KL: 28.0699
Epoch 696/3000:
--------
Negative ELBO: 215.0485 | Recon Loss: 192.6041 | KL: 28.0555
Epoch 697/3000:
--------
Negative ELBO: 214.9898 | Recon Loss: 192.5460 | KL: 28.0548
Epoch 698/3000:
--------
Negative ELBO: 215.1237 | Recon Loss: 192.6803 | KL: 28.0543
Epoch 699/3000:
--------
Negative ELBO: 215.0394 | Recon Loss: 192.5910 | KL: 28.0605
Epoch 700/3000:
--------
Negative ELBO: 215.0356 | Recon Loss: 192.5926 | KL: 28.0538
Negative ELBO: 214.6827 | Recon Loss: 192.2306 | KL: 28.0651
Epoch 701/3000:
--------
Negative ELBO: 215.0294 | Recon Loss: 192.5870 | KL: 28.0529
Epoch 702/3000:
--------
Negative ELBO: 215.1255 | Recon Loss: 192.6710 | KL: 28.0681
Epoch 703/3000:
--------
Negative ELBO: 214.9638 | Recon Loss: 192.5052 | KL: 28.0733
Epoch 704/3000:
--------
Negative ELBO: 214.9856 | Recon Loss: 192.5357 | KL: 28.0624
Epoch 705/3000:
--------
Negative ELBO: 215.0531 | Recon Loss: 192.6154 | KL: 28.0471
Negative ELBO: 214.6258 | Recon Loss: 192.1855 | KL: 28.0503
Epoch 706/3000:
--------
Negative ELBO: 215.0599 | Recon Loss: 192.6119 | KL: 28.0600
Epoch 707/3000:
--------
Negative ELBO: 215.1018 | Recon Loss: 192.6506 | KL: 28.0640
Epoch 708/3000:
--------
Negative ELBO: 215.0290 | Recon Loss: 192.5920 | KL: 28.0462
Epoch 709/3000:
--------
Negative ELBO: 215.0322 | Recon Loss: 192.5827 | KL: 28.0619
Epoch 710/3000:
--------
Negative ELBO: 215.0744 | Recon Loss: 192.6371 | KL: 28.0466
Negative ELBO: 214.3444 | Recon Loss: 191.9028 | KL: 28.0521
Epoch 711/3000:
--------
Negative ELBO: 215.0198 | Recon Loss: 192.5806 | KL: 28.0490
Epoch 712/3000:
--------
Negative ELBO: 215.0387 | Recon Loss: 192.5939 | KL: 28.0559
Epoch 713/3000:
--------
Negative ELBO: 215.0902 | Recon Loss: 192.6642 | KL: 28.0325
Epoch 714/3000:
--------
Negative ELBO: 215.0686 | Recon Loss: 192.6375 | KL: 28.0389
Epoch 715/3000:
--------
Negative ELBO: 215.0104 | Recon Loss: 192.5687 | KL: 28.0521
Negative ELBO: 214.2919 | Recon Loss: 191.8494 | KL: 28.0532
Epoch 716/3000:
--------
Negative ELBO: 215.0892 | Recon Loss: 192.6709 | KL: 28.0228
Epoch 717/3000:
--------
Negative ELBO: 214.9891 | Recon Loss: 192.5492 | KL: 28.0499
Epoch 718/3000:
--------
Negative ELBO: 214.9674 | Recon Loss: 192.5210 | KL: 28.0580
Epoch 719/3000:
--------
Negative ELBO: 215.0356 | Recon Loss: 192.6069 | KL: 28.0359
Epoch 720/3000:
--------
Negative ELBO: 214.9959 | Recon Loss: 192.5642 | KL: 28.0396
Negative ELBO: 214.3375 | Recon Loss: 191.8881 | KL: 28.0617
Epoch 721/3000:
--------
Negative ELBO: 214.9876 | Recon Loss: 192.5518 | KL: 28.0448
Epoch 722/3000:
--------
Negative ELBO: 215.0113 | Recon Loss: 192.5685 | KL: 28.0535
Epoch 723/3000:
--------
Negative ELBO: 215.0541 | Recon Loss: 192.6284 | KL: 28.0321
Epoch 724/3000:
--------
Negative ELBO: 215.0829 | Recon Loss: 192.6610 | KL: 28.0274
Epoch 725/3000:
--------
Negative ELBO: 215.1317 | Recon Loss: 192.7079 | KL: 28.0296
Negative ELBO: 214.2818 | Recon Loss: 191.8419 | KL: 28.0499
Epoch 726/3000:
--------
Negative ELBO: 215.1480 | Recon Loss: 192.7307 | KL: 28.0216
Epoch 727/3000:
--------
Negative ELBO: 215.1134 | Recon Loss: 192.6831 | KL: 28.0378
Epoch 728/3000:
--------
Negative ELBO: 215.0361 | Recon Loss: 192.6110 | KL: 28.0314
Epoch 729/3000:
--------
Negative ELBO: 215.0156 | Recon Loss: 192.5850 | KL: 28.0382
Epoch 730/3000:
--------
Negative ELBO: 215.0250 | Recon Loss: 192.6042 | KL: 28.0260
Negative ELBO: 214.4364 | Recon Loss: 192.0325 | KL: 28.0049
Epoch 731/3000:
--------
Negative ELBO: 215.0381 | Recon Loss: 192.6041 | KL: 28.0426
Epoch 732/3000:
--------
Negative ELBO: 215.0663 | Recon Loss: 192.6389 | KL: 28.0342
Epoch 733/3000:
--------
Negative ELBO: 215.0325 | Recon Loss: 192.6157 | KL: 28.0209
Epoch 734/3000:
--------
Negative ELBO: 215.0160 | Recon Loss: 192.5870 | KL: 28.0363
Epoch 735/3000:
--------
Negative ELBO: 214.9543 | Recon Loss: 192.5186 | KL: 28.0446
Negative ELBO: 214.4035 | Recon Loss: 191.9825 | KL: 28.0262
Epoch 736/3000:
--------
Negative ELBO: 214.9498 | Recon Loss: 192.5253 | KL: 28.0305
Epoch 737/3000:
--------
Negative ELBO: 215.0071 | Recon Loss: 192.5755 | KL: 28.0395
Epoch 738/3000:
--------
Negative ELBO: 215.0453 | Recon Loss: 192.6283 | KL: 28.0213
Epoch 739/3000:
--------
Negative ELBO: 215.0278 | Recon Loss: 192.6016 | KL: 28.0328
Epoch 740/3000:
--------
Negative ELBO: 214.9894 | Recon Loss: 192.5562 | KL: 28.0415
Negative ELBO: 214.4030 | Recon Loss: 191.9615 | KL: 28.0518
Epoch 741/3000:
--------
Negative ELBO: 214.9097 | Recon Loss: 192.4701 | KL: 28.0495
Epoch 742/3000:
--------
Negative ELBO: 215.0713 | Recon Loss: 192.6463 | KL: 28.0313
Epoch 743/3000:
--------
Negative ELBO: 215.0936 | Recon Loss: 192.6647 | KL: 28.0361
Epoch 744/3000:
--------
Negative ELBO: 214.9863 | Recon Loss: 192.5548 | KL: 28.0394
Epoch 745/3000:
--------
Negative ELBO: 214.9916 | Recon Loss: 192.5445 | KL: 28.0589
Negative ELBO: 214.3832 | Recon Loss: 191.9532 | KL: 28.0375
Epoch 746/3000:
--------
Negative ELBO: 215.0416 | Recon Loss: 192.6381 | KL: 28.0044
Epoch 747/3000:
--------
Negative ELBO: 214.9037 | Recon Loss: 192.4647 | KL: 28.0487
Epoch 748/3000:
--------
Negative ELBO: 214.9953 | Recon Loss: 192.5667 | KL: 28.0358
Epoch 749/3000:
--------
Negative ELBO: 214.9970 | Recon Loss: 192.5720 | KL: 28.0313
Epoch 750/3000:
--------
Negative ELBO: 215.0559 | Recon Loss: 192.6356 | KL: 28.0254
Negative ELBO: 214.5086 | Recon Loss: 192.1266 | KL: 27.9774
Epoch 751/3000:
--------
Negative ELBO: 214.9119 | Recon Loss: 192.4983 | KL: 28.0169
Epoch 752/3000:
--------
Negative ELBO: 215.0580 | Recon Loss: 192.6275 | KL: 28.0381
Epoch 753/3000:
--------
Negative ELBO: 214.9798 | Recon Loss: 192.5563 | KL: 28.0293
Epoch 754/3000:
--------
Negative ELBO: 214.9639 | Recon Loss: 192.5285 | KL: 28.0442
Epoch 755/3000:
--------
Negative ELBO: 215.0486 | Recon Loss: 192.6079 | KL: 28.0508
Negative ELBO: 214.5558 | Recon Loss: 192.1336 | KL: 28.0277
Epoch 756/3000:
--------
Negative ELBO: 215.0697 | Recon Loss: 192.6350 | KL: 28.0433
Epoch 757/3000:
--------
Negative ELBO: 215.0323 | Recon Loss: 192.5938 | KL: 28.0481
Epoch 758/3000:
--------
Negative ELBO: 215.1675 | Recon Loss: 192.7186 | KL: 28.0611
Epoch 759/3000:
--------
Negative ELBO: 215.0732 | Recon Loss: 192.6172 | KL: 28.0700
Epoch 760/3000:
--------
Negative ELBO: 215.0248 | Recon Loss: 192.5569 | KL: 28.0848
Negative ELBO: 214.5653 | Recon Loss: 192.1196 | KL: 28.0572
Epoch 761/3000:
--------
Negative ELBO: 214.9574 | Recon Loss: 192.5060 | KL: 28.0642
Epoch 762/3000:
--------
Negative ELBO: 214.9681 | Recon Loss: 192.5193 | KL: 28.0610
Epoch 763/3000:
--------
Negative ELBO: 215.0709 | Recon Loss: 192.6326 | KL: 28.0478
Epoch 764/3000:
--------
Negative ELBO: 215.0282 | Recon Loss: 192.6023 | KL: 28.0324
Epoch 765/3000:
--------
Negative ELBO: 215.0756 | Recon Loss: 192.6331 | KL: 28.0532
Negative ELBO: 214.4397 | Recon Loss: 191.9749 | KL: 28.0811
Epoch 766/3000:
--------
Negative ELBO: 215.0648 | Recon Loss: 192.6265 | KL: 28.0479
Epoch 767/3000:
--------
Negative ELBO: 215.0776 | Recon Loss: 192.6306 | KL: 28.0588
Epoch 768/3000:
--------
Negative ELBO: 214.9852 | Recon Loss: 192.5468 | KL: 28.0480
Epoch 769/3000:
--------
Negative ELBO: 215.1354 | Recon Loss: 192.7086 | KL: 28.0336
Epoch 770/3000:
--------
Negative ELBO: 215.0865 | Recon Loss: 192.6548 | KL: 28.0397
Negative ELBO: 214.7183 | Recon Loss: 192.3083 | KL: 28.0125
Epoch 771/3000:
--------
Negative ELBO: 215.1256 | Recon Loss: 192.6926 | KL: 28.0412
Epoch 772/3000:
--------
Negative ELBO: 215.0350 | Recon Loss: 192.6029 | KL: 28.0402
Epoch 773/3000:
--------
Negative ELBO: 215.0180 | Recon Loss: 192.5873 | KL: 28.0384
Epoch 774/3000:
--------
Negative ELBO: 214.9625 | Recon Loss: 192.5185 | KL: 28.0549
Epoch 775/3000:
--------
Negative ELBO: 215.0330 | Recon Loss: 192.6006 | KL: 28.0405
Negative ELBO: 214.5495 | Recon Loss: 192.1224 | KL: 28.0339
Epoch 776/3000:
--------
Negative ELBO: 215.0397 | Recon Loss: 192.6049 | KL: 28.0435
Epoch 777/3000:
--------
Negative ELBO: 215.1434 | Recon Loss: 192.7053 | KL: 28.0477
Epoch 778/3000:
--------
Negative ELBO: 215.0408 | Recon Loss: 192.6049 | KL: 28.0450
Epoch 779/3000:
--------
Negative ELBO: 215.1257 | Recon Loss: 192.6741 | KL: 28.0645
Epoch 780/3000:
--------
Negative ELBO: 215.0853 | Recon Loss: 192.6569 | KL: 28.0355
Negative ELBO: 214.5934 | Recon Loss: 192.1649 | KL: 28.0356
Epoch 781/3000:
--------
Negative ELBO: 215.0667 | Recon Loss: 192.6139 | KL: 28.0660
Epoch 782/3000:
--------
Negative ELBO: 215.2339 | Recon Loss: 192.7529 | KL: 28.1013
Epoch 783/3000:
--------
Negative ELBO: 215.1645 | Recon Loss: 192.6972 | KL: 28.0841
Epoch 784/3000:
--------
Negative ELBO: 215.1105 | Recon Loss: 192.6536 | KL: 28.0711
Epoch 785/3000:
--------
Negative ELBO: 215.1070 | Recon Loss: 192.6555 | KL: 28.0645
Negative ELBO: 214.6940 | Recon Loss: 192.2748 | KL: 28.0240
Epoch 786/3000:
--------
Negative ELBO: 214.9769 | Recon Loss: 192.5374 | KL: 28.0494
Epoch 787/3000:
--------
Negative ELBO: 215.1103 | Recon Loss: 192.6733 | KL: 28.0463
Epoch 788/3000:
--------
Negative ELBO: 215.0075 | Recon Loss: 192.5527 | KL: 28.0685
Epoch 789/3000:
--------
Negative ELBO: 214.9870 | Recon Loss: 192.5524 | KL: 28.0433
Epoch 790/3000:
--------
Negative ELBO: 215.1601 | Recon Loss: 192.7083 | KL: 28.0647
Negative ELBO: 214.4736 | Recon Loss: 192.0417 | KL: 28.0398
Epoch 791/3000:
--------
Negative ELBO: 215.0390 | Recon Loss: 192.5919 | KL: 28.0589
Epoch 792/3000:
--------
Negative ELBO: 215.0423 | Recon Loss: 192.5865 | KL: 28.0698
Epoch 793/3000:
--------
Negative ELBO: 215.1077 | Recon Loss: 192.6587 | KL: 28.0612
Epoch 794/3000:
--------
Negative ELBO: 215.0344 | Recon Loss: 192.5914 | KL: 28.0538
Epoch 795/3000:
--------
Negative ELBO: 215.0653 | Recon Loss: 192.6252 | KL: 28.0501
Negative ELBO: 214.5737 | Recon Loss: 192.1480 | KL: 28.0322
Epoch 796/3000:
--------
Negative ELBO: 215.1206 | Recon Loss: 192.6798 | KL: 28.0510
Epoch 797/3000:
--------
Negative ELBO: 215.0142 | Recon Loss: 192.5752 | KL: 28.0488
Epoch 798/3000:
--------
Negative ELBO: 215.0075 | Recon Loss: 192.5582 | KL: 28.0616
Epoch 799/3000:
--------
Negative ELBO: 215.0278 | Recon Loss: 192.5938 | KL: 28.0425
Epoch 800/3000:
--------
Negative ELBO: 215.1099 | Recon Loss: 192.6709 | KL: 28.0487
Negative ELBO: 214.3303 | Recon Loss: 191.9090 | KL: 28.0266
Epoch 801/3000:
--------
Negative ELBO: 214.9389 | Recon Loss: 192.5084 | KL: 28.0381
Epoch 802/3000:
--------
Negative ELBO: 215.1381 | Recon Loss: 192.7126 | KL: 28.0319
Epoch 803/3000:
--------
Negative ELBO: 214.9905 | Recon Loss: 192.5698 | KL: 28.0259
Epoch 804/3000:
--------
Negative ELBO: 215.0953 | Recon Loss: 192.6658 | KL: 28.0370
Epoch 805/3000:
--------
Negative ELBO: 215.0316 | Recon Loss: 192.5877 | KL: 28.0548
Negative ELBO: 214.6611 | Recon Loss: 192.2448 | KL: 28.0203
Epoch 806/3000:
--------
Negative ELBO: 215.0308 | Recon Loss: 192.5954 | KL: 28.0442
Epoch 807/3000:
--------
Negative ELBO: 215.0638 | Recon Loss: 192.6362 | KL: 28.0345
Epoch 808/3000:
--------
Negative ELBO: 215.0173 | Recon Loss: 192.6007 | KL: 28.0208
Epoch 809/3000:
--------
Negative ELBO: 214.9895 | Recon Loss: 192.5700 | KL: 28.0244
Epoch 810/3000:
--------
Negative ELBO: 214.9918 | Recon Loss: 192.5569 | KL: 28.0435
Negative ELBO: 214.7102 | Recon Loss: 192.2740 | KL: 28.0452
Epoch 811/3000:
--------
Negative ELBO: 214.9609 | Recon Loss: 192.5345 | KL: 28.0329
Epoch 812/3000:
--------
Negative ELBO: 214.9430 | Recon Loss: 192.5103 | KL: 28.0408
Epoch 813/3000:
--------
Negative ELBO: 215.0838 | Recon Loss: 192.6510 | KL: 28.0410
Epoch 814/3000:
--------
Negative ELBO: 214.9706 | Recon Loss: 192.5320 | KL: 28.0482
Epoch 815/3000:
--------
Negative ELBO: 215.0044 | Recon Loss: 192.5607 | KL: 28.0546
Negative ELBO: 214.5983 | Recon Loss: 192.1762 | KL: 28.0276
Epoch 816/3000:
--------
Negative ELBO: 215.0660 | Recon Loss: 192.6484 | KL: 28.0221
Epoch 817/3000:
--------
Negative ELBO: 215.0247 | Recon Loss: 192.5885 | KL: 28.0452
Epoch 818/3000:
--------
Negative ELBO: 215.0574 | Recon Loss: 192.6212 | KL: 28.0452
Epoch 819/3000:
--------
Negative ELBO: 215.0537 | Recon Loss: 192.6032 | KL: 28.0631
Epoch 820/3000:
--------
Negative ELBO: 214.9535 | Recon Loss: 192.5294 | KL: 28.0301
Negative ELBO: 214.6105 | Recon Loss: 192.1910 | KL: 28.0244
Epoch 821/3000:
--------
Negative ELBO: 214.9863 | Recon Loss: 192.5474 | KL: 28.0487
Epoch 822/3000:
--------
Negative ELBO: 215.0650 | Recon Loss: 192.6172 | KL: 28.0598
Epoch 823/3000:
--------
Negative ELBO: 214.9461 | Recon Loss: 192.5202 | KL: 28.0324
Epoch 824/3000:
--------
Negative ELBO: 215.0514 | Recon Loss: 192.6291 | KL: 28.0279
Epoch 825/3000:
--------
Negative ELBO: 215.0840 | Recon Loss: 192.6654 | KL: 28.0232
Negative ELBO: 214.5687 | Recon Loss: 192.1537 | KL: 28.0187
Epoch 826/3000:
--------
Negative ELBO: 215.0062 | Recon Loss: 192.5656 | KL: 28.0507
Epoch 827/3000:
--------
Negative ELBO: 214.9659 | Recon Loss: 192.5363 | KL: 28.0370
Epoch 828/3000:
--------
Negative ELBO: 214.9944 | Recon Loss: 192.5592 | KL: 28.0440
Epoch 829/3000:
--------
Negative ELBO: 214.9962 | Recon Loss: 192.5495 | KL: 28.0584
Epoch 830/3000:
--------
Negative ELBO: 215.0195 | Recon Loss: 192.5909 | KL: 28.0357
Negative ELBO: 214.4229 | Recon Loss: 191.9727 | KL: 28.0627
Epoch 831/3000:
--------
Negative ELBO: 215.0112 | Recon Loss: 192.5638 | KL: 28.0593
Epoch 832/3000:
--------
Negative ELBO: 215.0300 | Recon Loss: 192.5929 | KL: 28.0464
Epoch 833/3000:
--------
Negative ELBO: 215.0159 | Recon Loss: 192.5816 | KL: 28.0429
Epoch 834/3000:
--------
Negative ELBO: 215.0192 | Recon Loss: 192.5799 | KL: 28.0491
Epoch 835/3000:
--------
Negative ELBO: 214.9380 | Recon Loss: 192.4965 | KL: 28.0518
Negative ELBO: 214.5118 | Recon Loss: 192.0681 | KL: 28.0547
Epoch 836/3000:
--------
Negative ELBO: 215.0109 | Recon Loss: 192.5738 | KL: 28.0464
Epoch 837/3000:
--------
Negative ELBO: 214.9360 | Recon Loss: 192.5023 | KL: 28.0422
Epoch 838/3000:
--------
Negative ELBO: 215.0372 | Recon Loss: 192.6139 | KL: 28.0292
Epoch 839/3000:
--------
Negative ELBO: 214.9588 | Recon Loss: 192.5338 | KL: 28.0312
Epoch 840/3000:
--------
Negative ELBO: 215.0585 | Recon Loss: 192.6206 | KL: 28.0474
Negative ELBO: 214.5289 | Recon Loss: 192.1008 | KL: 28.0352
Epoch 841/3000:
--------
Negative ELBO: 215.0485 | Recon Loss: 192.6058 | KL: 28.0533
Epoch 842/3000:
--------
Negative ELBO: 215.0777 | Recon Loss: 192.6415 | KL: 28.0453
Epoch 843/3000:
--------
Negative ELBO: 214.9712 | Recon Loss: 192.5339 | KL: 28.0466
Epoch 844/3000:
--------
Negative ELBO: 215.0177 | Recon Loss: 192.5916 | KL: 28.0327
Epoch 845/3000:
--------
Negative ELBO: 215.0078 | Recon Loss: 192.5809 | KL: 28.0336
Negative ELBO: 214.5527 | Recon Loss: 192.1306 | KL: 28.0276
Epoch 846/3000:
--------
Negative ELBO: 215.0486 | Recon Loss: 192.6209 | KL: 28.0346
Epoch 847/3000:
--------
Negative ELBO: 214.9935 | Recon Loss: 192.5559 | KL: 28.0470
Epoch 848/3000:
--------
Negative ELBO: 215.0540 | Recon Loss: 192.6214 | KL: 28.0407
Epoch 849/3000:
--------
Negative ELBO: 215.0864 | Recon Loss: 192.6574 | KL: 28.0363
Epoch 850/3000:
--------
Negative ELBO: 214.9329 | Recon Loss: 192.4959 | KL: 28.0462
Negative ELBO: 214.5839 | Recon Loss: 192.1647 | KL: 28.0240
Epoch 851/3000:
--------
Negative ELBO: 214.9358 | Recon Loss: 192.4711 | KL: 28.0809
Epoch 852/3000:
--------
Negative ELBO: 214.9756 | Recon Loss: 192.5501 | KL: 28.0319
Epoch 853/3000:
--------
Negative ELBO: 214.9767 | Recon Loss: 192.5579 | KL: 28.0235
Epoch 854/3000:
--------
Negative ELBO: 214.9856 | Recon Loss: 192.5513 | KL: 28.0428
Epoch 855/3000:
--------
Negative ELBO: 214.9639 | Recon Loss: 192.5320 | KL: 28.0398
Negative ELBO: 214.4612 | Recon Loss: 192.0395 | KL: 28.0271
Epoch 856/3000:
--------
Negative ELBO: 214.9225 | Recon Loss: 192.4755 | KL: 28.0587
Epoch 857/3000:
--------
Negative ELBO: 214.9820 | Recon Loss: 192.5512 | KL: 28.0386
Epoch 858/3000:
--------
Negative ELBO: 214.9977 | Recon Loss: 192.5315 | KL: 28.0827
Epoch 859/3000:
--------
Negative ELBO: 215.0958 | Recon Loss: 192.6520 | KL: 28.0548
Epoch 860/3000:
--------
Negative ELBO: 214.9648 | Recon Loss: 192.5277 | KL: 28.0464
Negative ELBO: 214.4399 | Recon Loss: 192.0070 | KL: 28.0412
Epoch 861/3000:
--------
Negative ELBO: 214.9948 | Recon Loss: 192.5573 | KL: 28.0469
Epoch 862/3000:
--------
Negative ELBO: 214.9762 | Recon Loss: 192.5225 | KL: 28.0671
Epoch 863/3000:
--------
Negative ELBO: 215.1017 | Recon Loss: 192.6667 | KL: 28.0437
Epoch 864/3000:
--------
Negative ELBO: 215.0408 | Recon Loss: 192.5893 | KL: 28.0644
Epoch 865/3000:
--------
Negative ELBO: 214.9939 | Recon Loss: 192.5640 | KL: 28.0374
Negative ELBO: 214.6460 | Recon Loss: 192.2112 | KL: 28.0435
Epoch 866/3000:
--------
Negative ELBO: 215.0657 | Recon Loss: 192.6334 | KL: 28.0403
Epoch 867/3000:
--------
Negative ELBO: 215.0674 | Recon Loss: 192.6425 | KL: 28.0311
Epoch 868/3000:
--------
Negative ELBO: 214.9841 | Recon Loss: 192.5350 | KL: 28.0613
Epoch 869/3000:
--------
Negative ELBO: 215.0062 | Recon Loss: 192.5662 | KL: 28.0500
Epoch 870/3000:
--------
Negative ELBO: 214.9635 | Recon Loss: 192.5205 | KL: 28.0537
Negative ELBO: 214.5426 | Recon Loss: 192.1126 | KL: 28.0375
Epoch 871/3000:
--------
Negative ELBO: 215.0291 | Recon Loss: 192.5917 | KL: 28.0468
Epoch 872/3000:
--------
Negative ELBO: 215.0268 | Recon Loss: 192.5953 | KL: 28.0394
Epoch 873/3000:
--------
Negative ELBO: 214.9844 | Recon Loss: 192.5429 | KL: 28.0518
Epoch 874/3000:
--------
Negative ELBO: 215.0952 | Recon Loss: 192.6505 | KL: 28.0559
Epoch 875/3000:
--------
Negative ELBO: 215.0297 | Recon Loss: 192.5872 | KL: 28.0532
Negative ELBO: 214.4784 | Recon Loss: 192.0333 | KL: 28.0564
Epoch 876/3000:
--------
Negative ELBO: 215.0403 | Recon Loss: 192.6037 | KL: 28.0458
Epoch 877/3000:
--------
Negative ELBO: 215.0404 | Recon Loss: 192.6114 | KL: 28.0362
Epoch 878/3000:
--------
Negative ELBO: 215.0539 | Recon Loss: 192.6328 | KL: 28.0263
Epoch 879/3000:
--------
Negative ELBO: 214.9440 | Recon Loss: 192.4984 | KL: 28.0569
Epoch 880/3000:
--------
Negative ELBO: 215.0508 | Recon Loss: 192.6150 | KL: 28.0447
Negative ELBO: 214.3987 | Recon Loss: 191.9612 | KL: 28.0470
Epoch 881/3000:
--------
Negative ELBO: 214.9651 | Recon Loss: 192.5349 | KL: 28.0378
Epoch 882/3000:
--------
Negative ELBO: 215.0395 | Recon Loss: 192.5910 | KL: 28.0605
Epoch 883/3000:
--------
Negative ELBO: 215.0406 | Recon Loss: 192.5927 | KL: 28.0599
Epoch 884/3000:
--------
Negative ELBO: 215.0124 | Recon Loss: 192.5606 | KL: 28.0647
Epoch 885/3000:
--------
Negative ELBO: 214.9719 | Recon Loss: 192.5109 | KL: 28.0762
Negative ELBO: 214.5348 | Recon Loss: 192.0933 | KL: 28.0519
Epoch 886/3000:
--------
Negative ELBO: 215.0588 | Recon Loss: 192.6077 | KL: 28.0638
Epoch 887/3000:
--------
Negative ELBO: 215.0245 | Recon Loss: 192.5864 | KL: 28.0477
Epoch 888/3000:
--------
Negative ELBO: 215.0297 | Recon Loss: 192.5859 | KL: 28.0548
Epoch 889/3000:
--------
Negative ELBO: 214.9555 | Recon Loss: 192.5102 | KL: 28.0567
Epoch 890/3000:
--------
Negative ELBO: 214.9434 | Recon Loss: 192.5183 | KL: 28.0313
Negative ELBO: 214.4723 | Recon Loss: 192.0505 | KL: 28.0273
Epoch 891/3000:
--------
Negative ELBO: 215.0067 | Recon Loss: 192.5723 | KL: 28.0429
Epoch 892/3000:
--------
Negative ELBO: 215.0476 | Recon Loss: 192.6109 | KL: 28.0459
Epoch 893/3000:
--------
Negative ELBO: 214.9991 | Recon Loss: 192.5589 | KL: 28.0503
Epoch 894/3000:
--------
Negative ELBO: 215.0025 | Recon Loss: 192.5589 | KL: 28.0545
Epoch 895/3000:
--------
Negative ELBO: 214.9641 | Recon Loss: 192.5236 | KL: 28.0506
Negative ELBO: 214.5258 | Recon Loss: 192.0951 | KL: 28.0383
Epoch 896/3000:
--------
Negative ELBO: 215.0015 | Recon Loss: 192.5672 | KL: 28.0429
Epoch 897/3000:
--------
Negative ELBO: 215.0199 | Recon Loss: 192.5771 | KL: 28.0535
Epoch 898/3000:
--------
Negative ELBO: 214.9976 | Recon Loss: 192.5577 | KL: 28.0499
Epoch 899/3000:
--------
Negative ELBO: 215.0346 | Recon Loss: 192.5834 | KL: 28.0640
Epoch 900/3000:
--------
Negative ELBO: 214.9895 | Recon Loss: 192.5609 | KL: 28.0358
Negative ELBO: 214.4833 | Recon Loss: 192.0207 | KL: 28.0782
Epoch 901/3000:
--------
Negative ELBO: 215.0915 | Recon Loss: 192.6611 | KL: 28.0379
Epoch 902/3000:
--------
Negative ELBO: 215.0189 | Recon Loss: 192.5791 | KL: 28.0497
Epoch 903/3000:
--------
Negative ELBO: 215.0250 | Recon Loss: 192.5735 | KL: 28.0644
Epoch 904/3000:
--------
Negative ELBO: 215.0033 | Recon Loss: 192.5624 | KL: 28.0512
Epoch 905/3000:
--------
Negative ELBO: 215.0176 | Recon Loss: 192.5654 | KL: 28.0652
Negative ELBO: 214.6540 | Recon Loss: 192.2513 | KL: 28.0034
Epoch 906/3000:
--------
Negative ELBO: 215.0718 | Recon Loss: 192.6290 | KL: 28.0534
Epoch 907/3000:
--------
Negative ELBO: 215.0298 | Recon Loss: 192.6030 | KL: 28.0335
Epoch 908/3000:
--------
Negative ELBO: 215.0448 | Recon Loss: 192.6231 | KL: 28.0271
Epoch 909/3000:
--------
Negative ELBO: 215.0477 | Recon Loss: 192.6231 | KL: 28.0307
Epoch 910/3000:
--------
Negative ELBO: 214.9335 | Recon Loss: 192.4915 | KL: 28.0524
Negative ELBO: 214.6601 | Recon Loss: 192.2286 | KL: 28.0394
Epoch 911/3000:
--------
Negative ELBO: 215.0019 | Recon Loss: 192.5709 | KL: 28.0387
Epoch 912/3000:
--------
Negative ELBO: 214.9516 | Recon Loss: 192.5201 | KL: 28.0393
Epoch 913/3000:
--------
Negative ELBO: 214.8862 | Recon Loss: 192.4559 | KL: 28.0379
Epoch 914/3000:
--------
Negative ELBO: 215.0596 | Recon Loss: 192.6200 | KL: 28.0494
Epoch 915/3000:
--------
Negative ELBO: 215.0337 | Recon Loss: 192.5843 | KL: 28.0618
Negative ELBO: 214.3339 | Recon Loss: 191.8888 | KL: 28.0563
Epoch 916/3000:
--------
Negative ELBO: 215.0561 | Recon Loss: 192.6268 | KL: 28.0366
Epoch 917/3000:
--------
Negative ELBO: 215.0000 | Recon Loss: 192.5572 | KL: 28.0536
Epoch 918/3000:
--------
Negative ELBO: 214.9333 | Recon Loss: 192.5022 | KL: 28.0389
Epoch 919/3000:
--------
Negative ELBO: 214.9873 | Recon Loss: 192.5434 | KL: 28.0548
Epoch 920/3000:
--------
Negative ELBO: 214.9985 | Recon Loss: 192.5637 | KL: 28.0435
Negative ELBO: 214.7263 | Recon Loss: 192.3211 | KL: 28.0065
Epoch 921/3000:
--------
Negative ELBO: 215.0740 | Recon Loss: 192.6411 | KL: 28.0411
Epoch 922/3000:
--------
Negative ELBO: 215.0341 | Recon Loss: 192.5910 | KL: 28.0539
Epoch 923/3000:
--------
Negative ELBO: 214.9266 | Recon Loss: 192.4955 | KL: 28.0390
Epoch 924/3000:
--------
Negative ELBO: 214.9892 | Recon Loss: 192.5702 | KL: 28.0237
Epoch 925/3000:
--------
Negative ELBO: 215.0571 | Recon Loss: 192.6312 | KL: 28.0324
Negative ELBO: 214.3804 | Recon Loss: 191.9598 | KL: 28.0257
Epoch 926/3000:
--------
Negative ELBO: 215.0162 | Recon Loss: 192.5861 | KL: 28.0377
Epoch 927/3000:
--------
Negative ELBO: 215.0460 | Recon Loss: 192.6251 | KL: 28.0261
Epoch 928/3000:
--------
Negative ELBO: 215.0174 | Recon Loss: 192.5946 | KL: 28.0285
Epoch 929/3000:
--------
Negative ELBO: 215.1012 | Recon Loss: 192.6798 | KL: 28.0268
Epoch 930/3000:
--------
Negative ELBO: 215.0008 | Recon Loss: 192.5744 | KL: 28.0330
Negative ELBO: 214.3435 | Recon Loss: 191.9246 | KL: 28.0237
Epoch 931/3000:
--------
Negative ELBO: 214.9678 | Recon Loss: 192.5298 | KL: 28.0475
Epoch 932/3000:
--------
Negative ELBO: 215.0513 | Recon Loss: 192.6206 | KL: 28.0384
Epoch 933/3000:
--------
Negative ELBO: 214.9674 | Recon Loss: 192.5417 | KL: 28.0320
Epoch 934/3000:
--------
Negative ELBO: 214.9684 | Recon Loss: 192.5450 | KL: 28.0293
Epoch 935/3000:
--------
Negative ELBO: 215.0109 | Recon Loss: 192.6069 | KL: 28.0050
Negative ELBO: 214.3845 | Recon Loss: 191.9769 | KL: 28.0095
Epoch 936/3000:
--------
Negative ELBO: 214.9505 | Recon Loss: 192.5314 | KL: 28.0239
Epoch 937/3000:
--------
Negative ELBO: 215.0150 | Recon Loss: 192.5783 | KL: 28.0459
Epoch 938/3000:
--------
Negative ELBO: 214.9302 | Recon Loss: 192.5006 | KL: 28.0370
Epoch 939/3000:
--------
Negative ELBO: 215.0642 | Recon Loss: 192.6188 | KL: 28.0568
Epoch 940/3000:
--------
Negative ELBO: 214.9981 | Recon Loss: 192.5551 | KL: 28.0537
Negative ELBO: 214.4946 | Recon Loss: 192.0097 | KL: 28.1061
Epoch 941/3000:
--------
Negative ELBO: 215.0392 | Recon Loss: 192.6203 | KL: 28.0237
Epoch 942/3000:
--------
Negative ELBO: 214.9801 | Recon Loss: 192.5377 | KL: 28.0530
Epoch 943/3000:
--------
Negative ELBO: 215.2033 | Recon Loss: 192.7699 | KL: 28.0417
Epoch 944/3000:
--------
Negative ELBO: 214.9794 | Recon Loss: 192.5475 | KL: 28.0398
Epoch 945/3000:
--------
Negative ELBO: 214.9878 | Recon Loss: 192.5616 | KL: 28.0328
Negative ELBO: 214.6079 | Recon Loss: 192.1799 | KL: 28.0350
Epoch 946/3000:
--------
Negative ELBO: 215.0145 | Recon Loss: 192.5870 | KL: 28.0344
Epoch 947/3000:
--------
Negative ELBO: 215.0561 | Recon Loss: 192.6339 | KL: 28.0278
Epoch 948/3000:
--------
Negative ELBO: 215.0631 | Recon Loss: 192.6218 | KL: 28.0516
Epoch 949/3000:
--------
Negative ELBO: 214.9389 | Recon Loss: 192.4938 | KL: 28.0563
Epoch 950/3000:
--------
Negative ELBO: 215.0372 | Recon Loss: 192.5998 | KL: 28.0468
Negative ELBO: 214.5843 | Recon Loss: 192.1759 | KL: 28.0105
Epoch 951/3000:
--------
Negative ELBO: 214.9350 | Recon Loss: 192.4892 | KL: 28.0572
Epoch 952/3000:
--------
Negative ELBO: 214.9754 | Recon Loss: 192.5413 | KL: 28.0426
Epoch 953/3000:
--------
Negative ELBO: 215.0443 | Recon Loss: 192.5916 | KL: 28.0659
Epoch 954/3000:
--------
Negative ELBO: 214.9381 | Recon Loss: 192.4896 | KL: 28.0607
Epoch 955/3000:
--------
Negative ELBO: 214.9293 | Recon Loss: 192.4751 | KL: 28.0678
Negative ELBO: 214.4069 | Recon Loss: 191.9394 | KL: 28.0844
Epoch 956/3000:
--------
Negative ELBO: 214.9945 | Recon Loss: 192.5509 | KL: 28.0545
Epoch 957/3000:
--------
Negative ELBO: 214.9143 | Recon Loss: 192.4613 | KL: 28.0663
Epoch 958/3000:
--------
Negative ELBO: 214.9545 | Recon Loss: 192.5127 | KL: 28.0523
Epoch 959/3000:
--------
Negative ELBO: 215.0051 | Recon Loss: 192.5507 | KL: 28.0681
Epoch 960/3000:
--------
Negative ELBO: 214.9520 | Recon Loss: 192.5137 | KL: 28.0480
Negative ELBO: 214.5703 | Recon Loss: 192.1497 | KL: 28.0259
Epoch 961/3000:
--------
Negative ELBO: 215.0453 | Recon Loss: 192.6013 | KL: 28.0550
Epoch 962/3000:
--------
Negative ELBO: 214.9539 | Recon Loss: 192.5068 | KL: 28.0589
Epoch 963/3000:
--------
Negative ELBO: 214.9248 | Recon Loss: 192.4857 | KL: 28.0489
Epoch 964/3000:
--------
Negative ELBO: 215.0145 | Recon Loss: 192.5756 | KL: 28.0487
Epoch 965/3000:
--------
Negative ELBO: 215.0993 | Recon Loss: 192.6673 | KL: 28.0400
Negative ELBO: 214.7603 | Recon Loss: 192.3339 | KL: 28.0331
Epoch 966/3000:
--------
Negative ELBO: 215.0323 | Recon Loss: 192.6004 | KL: 28.0399
Epoch 967/3000:
--------
Negative ELBO: 214.9611 | Recon Loss: 192.5079 | KL: 28.0665
Epoch 968/3000:
--------
Negative ELBO: 215.0147 | Recon Loss: 192.5758 | KL: 28.0486
Epoch 969/3000:
--------
Negative ELBO: 214.9464 | Recon Loss: 192.5132 | KL: 28.0415
Epoch 970/3000:
--------
Negative ELBO: 215.0826 | Recon Loss: 192.6564 | KL: 28.0327
Negative ELBO: 214.6709 | Recon Loss: 192.2348 | KL: 28.0451
Epoch 971/3000:
--------
Negative ELBO: 215.0818 | Recon Loss: 192.6428 | KL: 28.0487
Epoch 972/3000:
--------
Negative ELBO: 215.0729 | Recon Loss: 192.6300 | KL: 28.0536
Epoch 973/3000:
--------
Negative ELBO: 215.0913 | Recon Loss: 192.6508 | KL: 28.0505
Epoch 974/3000:
--------
Negative ELBO: 214.9861 | Recon Loss: 192.5431 | KL: 28.0537
Epoch 975/3000:
--------
Negative ELBO: 215.1074 | Recon Loss: 192.6680 | KL: 28.0494
Negative ELBO: 214.5899 | Recon Loss: 192.1423 | KL: 28.0595
Epoch 976/3000:
--------
Negative ELBO: 215.0856 | Recon Loss: 192.6505 | KL: 28.0440
Epoch 977/3000:
--------
Negative ELBO: 215.1431 | Recon Loss: 192.7261 | KL: 28.0213
Epoch 978/3000:
--------
Negative ELBO: 215.0220 | Recon Loss: 192.5623 | KL: 28.0746
Epoch 979/3000:
--------
Negative ELBO: 215.0083 | Recon Loss: 192.5592 | KL: 28.0614
Epoch 980/3000:
--------
Negative ELBO: 215.0248 | Recon Loss: 192.5887 | KL: 28.0451
Negative ELBO: 214.4770 | Recon Loss: 192.0611 | KL: 28.0198
Epoch 981/3000:
--------
Negative ELBO: 215.0171 | Recon Loss: 192.5741 | KL: 28.0537
Epoch 982/3000:
--------
Negative ELBO: 214.9663 | Recon Loss: 192.4989 | KL: 28.0842
Epoch 983/3000:
--------
Negative ELBO: 215.0907 | Recon Loss: 192.6542 | KL: 28.0457
Epoch 984/3000:
--------
Negative ELBO: 215.0538 | Recon Loss: 192.6033 | KL: 28.0631
Epoch 985/3000:
--------
Negative ELBO: 215.0501 | Recon Loss: 192.5911 | KL: 28.0738
Negative ELBO: 214.5009 | Recon Loss: 192.0560 | KL: 28.0561
Epoch 986/3000:
--------
Negative ELBO: 215.0802 | Recon Loss: 192.6339 | KL: 28.0579
Epoch 987/3000:
--------
Negative ELBO: 215.0651 | Recon Loss: 192.6143 | KL: 28.0635
Epoch 988/3000:
--------
Negative ELBO: 215.0421 | Recon Loss: 192.5818 | KL: 28.0753
Epoch 989/3000:
--------
Negative ELBO: 215.0952 | Recon Loss: 192.6587 | KL: 28.0457
Epoch 990/3000:
--------
Negative ELBO: 215.0699 | Recon Loss: 192.6292 | KL: 28.0509
Negative ELBO: 214.7133 | Recon Loss: 192.2976 | KL: 28.0196
Epoch 991/3000:
--------
Negative ELBO: 215.0158 | Recon Loss: 192.5692 | KL: 28.0582
Epoch 992/3000:
--------
Negative ELBO: 215.0132 | Recon Loss: 192.5735 | KL: 28.0496
Epoch 993/3000:
--------
Negative ELBO: 214.9984 | Recon Loss: 192.5653 | KL: 28.0414
Epoch 994/3000:
--------
Negative ELBO: 215.0322 | Recon Loss: 192.6055 | KL: 28.0334
Epoch 995/3000:
--------
Negative ELBO: 214.9482 | Recon Loss: 192.4992 | KL: 28.0612
Negative ELBO: 214.5707 | Recon Loss: 192.1500 | KL: 28.0259
Epoch 996/3000:
--------
Negative ELBO: 215.0802 | Recon Loss: 192.6379 | KL: 28.0529
Epoch 997/3000:
--------
Negative ELBO: 215.0517 | Recon Loss: 192.6179 | KL: 28.0422
Epoch 998/3000:
--------
Negative ELBO: 215.0274 | Recon Loss: 192.5914 | KL: 28.0450
Epoch 999/3000:
--------
Negative ELBO: 215.1120 | Recon Loss: 192.6926 | KL: 28.0242
Epoch 1000/3000:
--------
Negative ELBO: 215.0244 | Recon Loss: 192.6048 | KL: 28.0246
Negative ELBO: 214.3505 | Recon Loss: 191.9306 | KL: 28.0249
Epoch 1001/3000:
--------
Negative ELBO: 214.9862 | Recon Loss: 192.5599 | KL: 28.0328
Epoch 1002/3000:
--------
Negative ELBO: 214.9949 | Recon Loss: 192.5696 | KL: 28.0315
Epoch 1003/3000:
--------
Negative ELBO: 214.9852 | Recon Loss: 192.5439 | KL: 28.0517
Epoch 1004/3000:
--------
Negative ELBO: 214.9998 | Recon Loss: 192.5720 | KL: 28.0347
Epoch 1005/3000:
--------
Negative ELBO: 214.9514 | Recon Loss: 192.5207 | KL: 28.0383
Negative ELBO: 214.4424 | Recon Loss: 192.0299 | KL: 28.0156
Epoch 1006/3000:
--------
Negative ELBO: 214.9180 | Recon Loss: 192.4752 | KL: 28.0535
Epoch 1007/3000:
--------
Negative ELBO: 215.0287 | Recon Loss: 192.5993 | KL: 28.0367
Epoch 1008/3000:
--------
Negative ELBO: 214.9680 | Recon Loss: 192.5356 | KL: 28.0405
Epoch 1009/3000:
--------
Negative ELBO: 214.9120 | Recon Loss: 192.4703 | KL: 28.0521
Epoch 1010/3000:
--------
Negative ELBO: 214.9075 | Recon Loss: 192.4841 | KL: 28.0293
Negative ELBO: 214.4507 | Recon Loss: 192.0303 | KL: 28.0255
Epoch 1011/3000:
--------
Negative ELBO: 215.0393 | Recon Loss: 192.6243 | KL: 28.0188
Epoch 1012/3000:
--------
Negative ELBO: 214.9639 | Recon Loss: 192.5367 | KL: 28.0340
Epoch 1013/3000:
--------
Negative ELBO: 214.9807 | Recon Loss: 192.5412 | KL: 28.0493
Epoch 1014/3000:
--------
Negative ELBO: 215.0104 | Recon Loss: 192.5688 | KL: 28.0521
Epoch 1015/3000:
--------
Negative ELBO: 214.9852 | Recon Loss: 192.5644 | KL: 28.0260
Negative ELBO: 214.3347 | Recon Loss: 191.9050 | KL: 28.0371
Epoch 1016/3000:
--------
Negative ELBO: 214.9926 | Recon Loss: 192.5575 | KL: 28.0439
Epoch 1017/3000:
--------
Negative ELBO: 215.1356 | Recon Loss: 192.7133 | KL: 28.0279
Epoch 1018/3000:
--------
Negative ELBO: 214.9559 | Recon Loss: 192.5343 | KL: 28.0269
Epoch 1019/3000:
--------
Negative ELBO: 215.0361 | Recon Loss: 192.6008 | KL: 28.0442
Epoch 1020/3000:
--------
Negative ELBO: 215.0612 | Recon Loss: 192.6235 | KL: 28.0470
Negative ELBO: 214.2698 | Recon Loss: 191.8574 | KL: 28.0155
Epoch 1021/3000:
--------
Negative ELBO: 215.0029 | Recon Loss: 192.5743 | KL: 28.0357
Epoch 1022/3000:
--------
Negative ELBO: 214.9566 | Recon Loss: 192.5276 | KL: 28.0363
Epoch 1023/3000:
--------
Negative ELBO: 215.0104 | Recon Loss: 192.5838 | KL: 28.0333
Epoch 1024/3000:
--------
Negative ELBO: 214.9701 | Recon Loss: 192.5432 | KL: 28.0336
Epoch 1025/3000:
--------
Negative ELBO: 215.0472 | Recon Loss: 192.6185 | KL: 28.0359
Negative ELBO: 214.5471 | Recon Loss: 192.1226 | KL: 28.0306
Epoch 1026/3000:
--------
Negative ELBO: 214.9788 | Recon Loss: 192.5312 | KL: 28.0595
Epoch 1027/3000:
--------
Negative ELBO: 215.0427 | Recon Loss: 192.6092 | KL: 28.0419
Epoch 1028/3000:
--------
Negative ELBO: 214.9991 | Recon Loss: 192.5767 | KL: 28.0280
Epoch 1029/3000:
--------
Negative ELBO: 215.0629 | Recon Loss: 192.6329 | KL: 28.0374
Epoch 1030/3000:
--------
Negative ELBO: 215.0475 | Recon Loss: 192.6275 | KL: 28.0251
Negative ELBO: 214.5639 | Recon Loss: 192.1214 | KL: 28.0532
Epoch 1031/3000:
--------
Negative ELBO: 215.0909 | Recon Loss: 192.6710 | KL: 28.0249
Epoch 1032/3000:
--------
Negative ELBO: 214.9953 | Recon Loss: 192.5616 | KL: 28.0421
Epoch 1033/3000:
--------
Negative ELBO: 214.9838 | Recon Loss: 192.5448 | KL: 28.0487
Epoch 1034/3000:
--------
Negative ELBO: 214.9327 | Recon Loss: 192.5081 | KL: 28.0307
Epoch 1035/3000:
--------
Negative ELBO: 215.0802 | Recon Loss: 192.6592 | KL: 28.0262
Negative ELBO: 214.5465 | Recon Loss: 192.1529 | KL: 27.9920
Epoch 1036/3000:
--------
Negative ELBO: 215.0195 | Recon Loss: 192.5830 | KL: 28.0457
Epoch 1037/3000:
--------
Negative ELBO: 215.0182 | Recon Loss: 192.5897 | KL: 28.0357
Epoch 1038/3000:
--------
Negative ELBO: 214.9338 | Recon Loss: 192.5048 | KL: 28.0363
Epoch 1039/3000:
--------
Negative ELBO: 215.0340 | Recon Loss: 192.5976 | KL: 28.0455
Epoch 1040/3000:
--------
Negative ELBO: 214.8800 | Recon Loss: 192.4434 | KL: 28.0458
Negative ELBO: 214.5670 | Recon Loss: 192.1576 | KL: 28.0118
Epoch 1041/3000:
--------
Negative ELBO: 214.9118 | Recon Loss: 192.4841 | KL: 28.0345
Epoch 1042/3000:
--------
Negative ELBO: 214.9852 | Recon Loss: 192.5442 | KL: 28.0513
Epoch 1043/3000:
--------
Negative ELBO: 215.0373 | Recon Loss: 192.6055 | KL: 28.0397
Epoch 1044/3000:
--------
Negative ELBO: 214.9811 | Recon Loss: 192.5529 | KL: 28.0354
Epoch 1045/3000:
--------
Negative ELBO: 214.9534 | Recon Loss: 192.5158 | KL: 28.0471
Negative ELBO: 214.4274 | Recon Loss: 191.9977 | KL: 28.0371
Epoch 1046/3000:
--------
Negative ELBO: 215.0854 | Recon Loss: 192.6462 | KL: 28.0490
Epoch 1047/3000:
--------
Negative ELBO: 214.9967 | Recon Loss: 192.5779 | KL: 28.0235
Epoch 1048/3000:
--------
Negative ELBO: 215.0330 | Recon Loss: 192.5995 | KL: 28.0419
Epoch 1049/3000:
--------
Negative ELBO: 215.0556 | Recon Loss: 192.6258 | KL: 28.0372
Epoch 1050/3000:
--------
Negative ELBO: 214.9846 | Recon Loss: 192.5597 | KL: 28.0311
Negative ELBO: 214.4642 | Recon Loss: 192.0136 | KL: 28.0633
Epoch 1051/3000:
--------
Negative ELBO: 214.9843 | Recon Loss: 192.5593 | KL: 28.0312
Epoch 1052/3000:
--------
Negative ELBO: 215.1057 | Recon Loss: 192.6913 | KL: 28.0180
Epoch 1053/3000:
--------
Negative ELBO: 215.0282 | Recon Loss: 192.5993 | KL: 28.0361
Epoch 1054/3000:
--------
Negative ELBO: 215.0486 | Recon Loss: 192.6273 | KL: 28.0267
Epoch 1055/3000:
--------
Negative ELBO: 215.0905 | Recon Loss: 192.6563 | KL: 28.0427
Negative ELBO: 214.5179 | Recon Loss: 192.0671 | KL: 28.0636
Epoch 1056/3000:
--------
Negative ELBO: 215.1236 | Recon Loss: 192.6914 | KL: 28.0402
Epoch 1057/3000:
--------
Negative ELBO: 215.0789 | Recon Loss: 192.6611 | KL: 28.0222
Epoch 1058/3000:
--------
Negative ELBO: 215.0094 | Recon Loss: 192.5732 | KL: 28.0453
Epoch 1059/3000:
--------
Negative ELBO: 215.0871 | Recon Loss: 192.6550 | KL: 28.0401
Epoch 1060/3000:
--------
Negative ELBO: 215.1339 | Recon Loss: 192.7002 | KL: 28.0421
Negative ELBO: 214.4271 | Recon Loss: 192.0157 | KL: 28.0143
Epoch 1061/3000:
--------
Negative ELBO: 215.0233 | Recon Loss: 192.5944 | KL: 28.0362
Epoch 1062/3000:
--------
Negative ELBO: 215.0892 | Recon Loss: 192.6573 | KL: 28.0399
Epoch 1063/3000:
--------
Negative ELBO: 215.0169 | Recon Loss: 192.5811 | KL: 28.0447
Epoch 1064/3000:
--------
Negative ELBO: 214.9827 | Recon Loss: 192.5544 | KL: 28.0353
Epoch 1065/3000:
--------
Negative ELBO: 215.0128 | Recon Loss: 192.5820 | KL: 28.0385
Negative ELBO: 214.2545 | Recon Loss: 191.7985 | KL: 28.0700
Epoch 1066/3000:
--------
Negative ELBO: 215.0347 | Recon Loss: 192.6094 | KL: 28.0317
Epoch 1067/3000:
--------
Negative ELBO: 215.0521 | Recon Loss: 192.6088 | KL: 28.0542
Epoch 1068/3000:
--------
Negative ELBO: 215.0025 | Recon Loss: 192.5623 | KL: 28.0503
Epoch 1069/3000:
--------
Negative ELBO: 215.0846 | Recon Loss: 192.6476 | KL: 28.0463
Epoch 1070/3000:
--------
Negative ELBO: 215.0727 | Recon Loss: 192.6422 | KL: 28.0382
Negative ELBO: 214.4168 | Recon Loss: 191.9877 | KL: 28.0363
Epoch 1071/3000:
--------
Negative ELBO: 215.0517 | Recon Loss: 192.6277 | KL: 28.0300
Epoch 1072/3000:
--------
Negative ELBO: 214.9621 | Recon Loss: 192.5160 | KL: 28.0576
Epoch 1073/3000:
--------
Negative ELBO: 214.9817 | Recon Loss: 192.5473 | KL: 28.0431
Epoch 1074/3000:
--------
Negative ELBO: 214.9498 | Recon Loss: 192.5145 | KL: 28.0442
Epoch 1075/3000:
--------
Negative ELBO: 214.9929 | Recon Loss: 192.5594 | KL: 28.0419
Negative ELBO: 214.6360 | Recon Loss: 192.2254 | KL: 28.0133
Epoch 1076/3000:
--------
Negative ELBO: 215.0670 | Recon Loss: 192.6364 | KL: 28.0383
Epoch 1077/3000:
--------
Negative ELBO: 215.0576 | Recon Loss: 192.6272 | KL: 28.0381
Epoch 1078/3000:
--------
Negative ELBO: 214.9856 | Recon Loss: 192.5453 | KL: 28.0504
Epoch 1079/3000:
--------
Negative ELBO: 214.9651 | Recon Loss: 192.5269 | KL: 28.0477
Epoch 1080/3000:
--------
Negative ELBO: 215.0611 | Recon Loss: 192.6174 | KL: 28.0546
Negative ELBO: 214.4142 | Recon Loss: 191.9560 | KL: 28.0728
Epoch 1081/3000:
--------
Negative ELBO: 214.9196 | Recon Loss: 192.4766 | KL: 28.0538
Epoch 1082/3000:
--------
Negative ELBO: 215.0975 | Recon Loss: 192.6569 | KL: 28.0507
Epoch 1083/3000:
--------
Negative ELBO: 215.0367 | Recon Loss: 192.5990 | KL: 28.0471
Epoch 1084/3000:
--------
Negative ELBO: 215.0892 | Recon Loss: 192.6517 | KL: 28.0469
Epoch 1085/3000:
--------
Negative ELBO: 214.9602 | Recon Loss: 192.5080 | KL: 28.0653
Negative ELBO: 214.3378 | Recon Loss: 191.8893 | KL: 28.0607
Epoch 1086/3000:
--------
Negative ELBO: 214.9775 | Recon Loss: 192.5287 | KL: 28.0610
Epoch 1087/3000:
--------
Negative ELBO: 215.0150 | Recon Loss: 192.5704 | KL: 28.0557
Epoch 1088/3000:
--------
Negative ELBO: 215.1277 | Recon Loss: 192.6940 | KL: 28.0421
Epoch 1089/3000:
--------
Negative ELBO: 214.9967 | Recon Loss: 192.5679 | KL: 28.0360
Epoch 1090/3000:
--------
Negative ELBO: 215.0309 | Recon Loss: 192.5909 | KL: 28.0500
Negative ELBO: 214.6242 | Recon Loss: 192.1933 | KL: 28.0386
Epoch 1091/3000:
--------
Negative ELBO: 214.9245 | Recon Loss: 192.4829 | KL: 28.0521
Epoch 1092/3000:
--------
Negative ELBO: 214.9747 | Recon Loss: 192.5438 | KL: 28.0386
Epoch 1093/3000:
--------
Negative ELBO: 214.9940 | Recon Loss: 192.5468 | KL: 28.0591
Epoch 1094/3000:
--------
Negative ELBO: 215.0841 | Recon Loss: 192.6709 | KL: 28.0164
Epoch 1095/3000:
--------
Negative ELBO: 215.0096 | Recon Loss: 192.5749 | KL: 28.0434
Negative ELBO: 214.2497 | Recon Loss: 191.8268 | KL: 28.0286
Epoch 1096/3000:
--------
Negative ELBO: 215.0353 | Recon Loss: 192.5981 | KL: 28.0465
Epoch 1097/3000:
--------
Negative ELBO: 214.9899 | Recon Loss: 192.5462 | KL: 28.0546
Epoch 1098/3000:
--------
Negative ELBO: 215.0499 | Recon Loss: 192.6038 | KL: 28.0576
Epoch 1099/3000:
--------
Negative ELBO: 214.9631 | Recon Loss: 192.5258 | KL: 28.0467
Epoch 1100/3000:
--------
Negative ELBO: 215.0169 | Recon Loss: 192.5704 | KL: 28.0581
Negative ELBO: 214.3899 | Recon Loss: 191.9296 | KL: 28.0754
Epoch 1101/3000:
--------
Negative ELBO: 214.9534 | Recon Loss: 192.5139 | KL: 28.0494
Epoch 1102/3000:
--------
Negative ELBO: 214.9579 | Recon Loss: 192.5091 | KL: 28.0611
Epoch 1103/3000:
--------
Negative ELBO: 215.0022 | Recon Loss: 192.5662 | KL: 28.0450
Epoch 1104/3000:
--------
Negative ELBO: 214.9586 | Recon Loss: 192.5112 | KL: 28.0593
Epoch 1105/3000:
--------
Negative ELBO: 215.0042 | Recon Loss: 192.5675 | KL: 28.0458
Negative ELBO: 214.4536 | Recon Loss: 191.9893 | KL: 28.0804
Epoch 1106/3000:
--------
Negative ELBO: 214.9292 | Recon Loss: 192.4926 | KL: 28.0458
Epoch 1107/3000:
--------
Negative ELBO: 215.0680 | Recon Loss: 192.6438 | KL: 28.0303
Epoch 1108/3000:
--------
Negative ELBO: 215.0119 | Recon Loss: 192.5781 | KL: 28.0422
Epoch 1109/3000:
--------
Negative ELBO: 214.9608 | Recon Loss: 192.5171 | KL: 28.0546
Epoch 1110/3000:
--------
Negative ELBO: 214.9991 | Recon Loss: 192.5644 | KL: 28.0435
Negative ELBO: 214.5207 | Recon Loss: 192.0929 | KL: 28.0348
Epoch 1111/3000:
--------
Negative ELBO: 214.8864 | Recon Loss: 192.4486 | KL: 28.0473
Epoch 1112/3000:
--------
Negative ELBO: 214.9319 | Recon Loss: 192.4776 | KL: 28.0679
Epoch 1113/3000:
--------
Negative ELBO: 214.9828 | Recon Loss: 192.5458 | KL: 28.0463
Epoch 1114/3000:
--------
Negative ELBO: 215.0726 | Recon Loss: 192.6362 | KL: 28.0455
Epoch 1115/3000:
--------
Negative ELBO: 214.9958 | Recon Loss: 192.5641 | KL: 28.0397
Negative ELBO: 214.5147 | Recon Loss: 192.0966 | KL: 28.0226
Epoch 1116/3000:
--------
Negative ELBO: 215.0028 | Recon Loss: 192.5726 | KL: 28.0378
Epoch 1117/3000:
--------
Negative ELBO: 214.9985 | Recon Loss: 192.5659 | KL: 28.0407
Epoch 1118/3000:
--------
Negative ELBO: 215.0500 | Recon Loss: 192.6217 | KL: 28.0354
Epoch 1119/3000:
--------
Negative ELBO: 214.9348 | Recon Loss: 192.4864 | KL: 28.0605
Epoch 1120/3000:
--------
Negative ELBO: 214.9119 | Recon Loss: 192.4722 | KL: 28.0496
Negative ELBO: 214.4674 | Recon Loss: 192.0472 | KL: 28.0252
Epoch 1121/3000:
--------
Negative ELBO: 215.0071 | Recon Loss: 192.5844 | KL: 28.0283
Epoch 1122/3000:
--------
Negative ELBO: 215.0694 | Recon Loss: 192.6372 | KL: 28.0403
Epoch 1123/3000:
--------
Negative ELBO: 214.9639 | Recon Loss: 192.5201 | KL: 28.0548
Epoch 1124/3000:
--------
Negative ELBO: 214.9620 | Recon Loss: 192.5224 | KL: 28.0495
Epoch 1125/3000:
--------
Negative ELBO: 214.9922 | Recon Loss: 192.5539 | KL: 28.0479
Negative ELBO: 214.7101 | Recon Loss: 192.2690 | KL: 28.0513
Epoch 1126/3000:
--------
Negative ELBO: 214.9926 | Recon Loss: 192.5589 | KL: 28.0422
Epoch 1127/3000:
--------
Negative ELBO: 214.9879 | Recon Loss: 192.5430 | KL: 28.0562
Epoch 1128/3000:
--------
Negative ELBO: 214.9492 | Recon Loss: 192.5033 | KL: 28.0574
Epoch 1129/3000:
--------
Negative ELBO: 214.9659 | Recon Loss: 192.5386 | KL: 28.0342
Epoch 1130/3000:
--------
Negative ELBO: 215.0361 | Recon Loss: 192.5928 | KL: 28.0541
Negative ELBO: 214.6839 | Recon Loss: 192.2771 | KL: 28.0084
Epoch 1131/3000:
--------
Negative ELBO: 214.8843 | Recon Loss: 192.4535 | KL: 28.0386
Epoch 1132/3000:
--------
Negative ELBO: 214.9698 | Recon Loss: 192.5443 | KL: 28.0319
Epoch 1133/3000:
--------
Negative ELBO: 215.0373 | Recon Loss: 192.6129 | KL: 28.0305
Epoch 1134/3000:
--------
Negative ELBO: 215.0278 | Recon Loss: 192.6015 | KL: 28.0329
Epoch 1135/3000:
--------
Negative ELBO: 214.9390 | Recon Loss: 192.5180 | KL: 28.0262
Negative ELBO: 214.4325 | Recon Loss: 191.9968 | KL: 28.0445
Epoch 1136/3000:
--------
Negative ELBO: 214.9821 | Recon Loss: 192.5540 | KL: 28.0352
Epoch 1137/3000:
--------
Negative ELBO: 214.9856 | Recon Loss: 192.5627 | KL: 28.0286
Epoch 1138/3000:
--------
Negative ELBO: 214.9746 | Recon Loss: 192.5320 | KL: 28.0533
Epoch 1139/3000:
--------
Negative ELBO: 214.9850 | Recon Loss: 192.5596 | KL: 28.0317
Epoch 1140/3000:
--------
Negative ELBO: 214.9154 | Recon Loss: 192.4733 | KL: 28.0527
Negative ELBO: 214.1637 | Recon Loss: 191.6892 | KL: 28.0931
Epoch 1141/3000:
--------
Negative ELBO: 214.9913 | Recon Loss: 192.5679 | KL: 28.0292
Epoch 1142/3000:
--------
Negative ELBO: 214.9969 | Recon Loss: 192.5688 | KL: 28.0351
Epoch 1143/3000:
--------
Negative ELBO: 214.9907 | Recon Loss: 192.5610 | KL: 28.0371
Epoch 1144/3000:
--------
Negative ELBO: 214.9379 | Recon Loss: 192.4877 | KL: 28.0628
Epoch 1145/3000:
--------
Negative ELBO: 214.9980 | Recon Loss: 192.5490 | KL: 28.0613
Negative ELBO: 214.4299 | Recon Loss: 191.9853 | KL: 28.0557
Epoch 1146/3000:
--------
Negative ELBO: 215.0628 | Recon Loss: 192.6289 | KL: 28.0424
Epoch 1147/3000:
--------
Negative ELBO: 214.9511 | Recon Loss: 192.5010 | KL: 28.0626
Epoch 1148/3000:
--------
Negative ELBO: 215.0448 | Recon Loss: 192.6051 | KL: 28.0497
Epoch 1149/3000:
--------
Negative ELBO: 214.9245 | Recon Loss: 192.4635 | KL: 28.0763
Epoch 1150/3000:
--------
Negative ELBO: 215.0451 | Recon Loss: 192.5946 | KL: 28.0632
Negative ELBO: 214.3872 | Recon Loss: 191.9264 | KL: 28.0759
Epoch 1151/3000:
--------
Negative ELBO: 214.9948 | Recon Loss: 192.5566 | KL: 28.0477
Epoch 1152/3000:
--------
Negative ELBO: 215.0529 | Recon Loss: 192.6005 | KL: 28.0655
Epoch 1153/3000:
--------
Negative ELBO: 215.0119 | Recon Loss: 192.5682 | KL: 28.0546
Epoch 1154/3000:
--------
Negative ELBO: 215.0134 | Recon Loss: 192.5873 | KL: 28.0327
Epoch 1155/3000:
--------
Negative ELBO: 215.0109 | Recon Loss: 192.5848 | KL: 28.0326
Negative ELBO: 214.5091 | Recon Loss: 192.0416 | KL: 28.0844
Epoch 1156/3000:
--------
Negative ELBO: 214.8964 | Recon Loss: 192.4536 | KL: 28.0534
Epoch 1157/3000:
--------
Negative ELBO: 215.0321 | Recon Loss: 192.5829 | KL: 28.0615
Epoch 1158/3000:
--------
Negative ELBO: 214.9157 | Recon Loss: 192.4666 | KL: 28.0614
Epoch 1159/3000:
--------
Negative ELBO: 215.0254 | Recon Loss: 192.5948 | KL: 28.0382
Epoch 1160/3000:
--------
Negative ELBO: 214.9882 | Recon Loss: 192.5545 | KL: 28.0421
Negative ELBO: 214.4099 | Recon Loss: 191.9923 | KL: 28.0220
Epoch 1161/3000:
--------
Negative ELBO: 214.9721 | Recon Loss: 192.5392 | KL: 28.0411
Epoch 1162/3000:
--------
Negative ELBO: 215.0429 | Recon Loss: 192.6133 | KL: 28.0370
Epoch 1163/3000:
--------
Negative ELBO: 215.0382 | Recon Loss: 192.5964 | KL: 28.0523
Epoch 1164/3000:
--------
Negative ELBO: 214.9522 | Recon Loss: 192.5187 | KL: 28.0419
Epoch 1165/3000:
--------
Negative ELBO: 214.9540 | Recon Loss: 192.5156 | KL: 28.0480
Negative ELBO: 214.5696 | Recon Loss: 192.1575 | KL: 28.0151
Epoch 1166/3000:
--------
Negative ELBO: 214.9665 | Recon Loss: 192.5272 | KL: 28.0491
Epoch 1167/3000:
--------
Negative ELBO: 214.9719 | Recon Loss: 192.5273 | KL: 28.0557
Epoch 1168/3000:
--------
Negative ELBO: 214.9344 | Recon Loss: 192.4823 | KL: 28.0651
Epoch 1169/3000:
--------
Negative ELBO: 214.9948 | Recon Loss: 192.5622 | KL: 28.0407
Epoch 1170/3000:
--------
Negative ELBO: 215.0012 | Recon Loss: 192.5669 | KL: 28.0429
Negative ELBO: 214.6942 | Recon Loss: 192.2966 | KL: 27.9971
Epoch 1171/3000:
--------
Negative ELBO: 214.9555 | Recon Loss: 192.5139 | KL: 28.0520
Epoch 1172/3000:
--------
Negative ELBO: 214.9992 | Recon Loss: 192.5741 | KL: 28.0314
Epoch 1173/3000:
--------
Negative ELBO: 215.0004 | Recon Loss: 192.5721 | KL: 28.0354
Epoch 1174/3000:
--------
Negative ELBO: 215.0089 | Recon Loss: 192.5736 | KL: 28.0441
Epoch 1175/3000:
--------
Negative ELBO: 214.9695 | Recon Loss: 192.5299 | KL: 28.0494
Negative ELBO: 214.6467 | Recon Loss: 192.2363 | KL: 28.0131
Epoch 1176/3000:
--------
Negative ELBO: 214.9896 | Recon Loss: 192.5547 | KL: 28.0435
Epoch 1177/3000:
--------
Negative ELBO: 215.0511 | Recon Loss: 192.6315 | KL: 28.0245
Epoch 1178/3000:
--------
Negative ELBO: 215.0132 | Recon Loss: 192.5996 | KL: 28.0171
Epoch 1179/3000:
--------
Negative ELBO: 214.8990 | Recon Loss: 192.4527 | KL: 28.0579
Epoch 1180/3000:
--------
Negative ELBO: 214.9352 | Recon Loss: 192.5101 | KL: 28.0314
Negative ELBO: 214.2762 | Recon Loss: 191.8659 | KL: 28.0128
Epoch 1181/3000:
--------
Negative ELBO: 215.0130 | Recon Loss: 192.5815 | KL: 28.0395
Epoch 1182/3000:
--------
Negative ELBO: 214.9709 | Recon Loss: 192.5291 | KL: 28.0523
Epoch 1183/3000:
--------
Negative ELBO: 215.0486 | Recon Loss: 192.6337 | KL: 28.0186
Epoch 1184/3000:
--------
Negative ELBO: 215.0174 | Recon Loss: 192.5914 | KL: 28.0326
Epoch 1185/3000:
--------
Negative ELBO: 214.9352 | Recon Loss: 192.5078 | KL: 28.0341
Negative ELBO: 214.6345 | Recon Loss: 192.2181 | KL: 28.0206
Epoch 1186/3000:
--------
Negative ELBO: 215.0042 | Recon Loss: 192.5731 | KL: 28.0389
Epoch 1187/3000:
--------
Negative ELBO: 214.9485 | Recon Loss: 192.5138 | KL: 28.0435
Epoch 1188/3000:
--------
Negative ELBO: 214.9072 | Recon Loss: 192.4619 | KL: 28.0566
Epoch 1189/3000:
--------
Negative ELBO: 215.0308 | Recon Loss: 192.6041 | KL: 28.0333
Epoch 1190/3000:
--------
Negative ELBO: 215.0394 | Recon Loss: 192.6046 | KL: 28.0436
Negative ELBO: 214.3523 | Recon Loss: 191.9455 | KL: 28.0084
Epoch 1191/3000:
--------
Negative ELBO: 214.9256 | Recon Loss: 192.5065 | KL: 28.0239
Epoch 1192/3000:
--------
Negative ELBO: 214.9902 | Recon Loss: 192.5705 | KL: 28.0246
Epoch 1193/3000:
--------
Negative ELBO: 214.9194 | Recon Loss: 192.4906 | KL: 28.0361
Epoch 1194/3000:
--------
Negative ELBO: 214.9146 | Recon Loss: 192.4906 | KL: 28.0299
Epoch 1195/3000:
--------
Negative ELBO: 214.8858 | Recon Loss: 192.4592 | KL: 28.0333
Negative ELBO: 214.5081 | Recon Loss: 192.0676 | KL: 28.0507
Epoch 1196/3000:
--------
Negative ELBO: 214.9070 | Recon Loss: 192.4808 | KL: 28.0328
Epoch 1197/3000:
--------
Negative ELBO: 215.0363 | Recon Loss: 192.6180 | KL: 28.0228
Epoch 1198/3000:
--------
Negative ELBO: 215.0774 | Recon Loss: 192.6594 | KL: 28.0226
Epoch 1199/3000:
--------
Negative ELBO: 214.9292 | Recon Loss: 192.5083 | KL: 28.0261
Epoch 1200/3000:
--------
Negative ELBO: 214.9904 | Recon Loss: 192.5580 | KL: 28.0406
Negative ELBO: 214.3573 | Recon Loss: 191.9393 | KL: 28.0226
Epoch 1201/3000:
--------
Negative ELBO: 214.9677 | Recon Loss: 192.5340 | KL: 28.0421
Epoch 1202/3000:
--------
Negative ELBO: 214.9796 | Recon Loss: 192.5386 | KL: 28.0513
Epoch 1203/3000:
--------
Negative ELBO: 214.9062 | Recon Loss: 192.4761 | KL: 28.0376
Epoch 1204/3000:
--------
Negative ELBO: 215.0270 | Recon Loss: 192.5911 | KL: 28.0449
Epoch 1205/3000:
--------
Negative ELBO: 214.9723 | Recon Loss: 192.5399 | KL: 28.0404
Negative ELBO: 214.5174 | Recon Loss: 192.1055 | KL: 28.0149
Epoch 1206/3000:
--------
Negative ELBO: 215.0259 | Recon Loss: 192.5888 | KL: 28.0464
Epoch 1207/3000:
--------
Negative ELBO: 214.9635 | Recon Loss: 192.5380 | KL: 28.0320
Epoch 1208/3000:
--------
Negative ELBO: 214.9011 | Recon Loss: 192.4543 | KL: 28.0585
Epoch 1209/3000:
--------
Negative ELBO: 215.0116 | Recon Loss: 192.5752 | KL: 28.0456
Epoch 1210/3000:
--------
Negative ELBO: 215.0411 | Recon Loss: 192.6106 | KL: 28.0382
Negative ELBO: 214.5762 | Recon Loss: 192.1583 | KL: 28.0224
Epoch 1211/3000:
--------
Negative ELBO: 214.9309 | Recon Loss: 192.5042 | KL: 28.0334
Epoch 1212/3000:
--------
Negative ELBO: 215.0071 | Recon Loss: 192.5726 | KL: 28.0432
Epoch 1213/3000:
--------
Negative ELBO: 215.0762 | Recon Loss: 192.6615 | KL: 28.0183
Epoch 1214/3000:
--------
Negative ELBO: 214.9247 | Recon Loss: 192.4932 | KL: 28.0393
Epoch 1215/3000:
--------
Negative ELBO: 215.0609 | Recon Loss: 192.6390 | KL: 28.0273
Negative ELBO: 214.3619 | Recon Loss: 191.9091 | KL: 28.0660
Epoch 1216/3000:
--------
Negative ELBO: 214.9495 | Recon Loss: 192.5163 | KL: 28.0415
Epoch 1217/3000:
--------
Negative ELBO: 214.9281 | Recon Loss: 192.4912 | KL: 28.0461
Epoch 1218/3000:
--------
Negative ELBO: 215.0181 | Recon Loss: 192.5718 | KL: 28.0578
Epoch 1219/3000:
--------
Negative ELBO: 214.9110 | Recon Loss: 192.4829 | KL: 28.0350
Epoch 1220/3000:
--------
Negative ELBO: 214.9493 | Recon Loss: 192.5320 | KL: 28.0216
Negative ELBO: 214.3240 | Recon Loss: 191.8722 | KL: 28.0648
Epoch 1221/3000:
--------
Negative ELBO: 214.9860 | Recon Loss: 192.5445 | KL: 28.0518
Epoch 1222/3000:
--------
Negative ELBO: 215.0184 | Recon Loss: 192.5944 | KL: 28.0299
Epoch 1223/3000:
--------
Negative ELBO: 214.9935 | Recon Loss: 192.5591 | KL: 28.0429
Epoch 1224/3000:
--------
Negative ELBO: 214.9370 | Recon Loss: 192.4968 | KL: 28.0503
Epoch 1225/3000:
--------
Negative ELBO: 214.8820 | Recon Loss: 192.4643 | KL: 28.0221
Negative ELBO: 214.3088 | Recon Loss: 191.8409 | KL: 28.0849
Epoch 1226/3000:
--------
Negative ELBO: 214.9251 | Recon Loss: 192.4849 | KL: 28.0503
Epoch 1227/3000:
--------
Negative ELBO: 214.9158 | Recon Loss: 192.4793 | KL: 28.0456
Epoch 1228/3000:
--------
Negative ELBO: 215.0627 | Recon Loss: 192.6260 | KL: 28.0459
Epoch 1229/3000:
--------
Negative ELBO: 214.9838 | Recon Loss: 192.5646 | KL: 28.0239
Epoch 1230/3000:
--------
Negative ELBO: 214.9166 | Recon Loss: 192.4788 | KL: 28.0473
Negative ELBO: 214.5842 | Recon Loss: 192.1763 | KL: 28.0099
Epoch 1231/3000:
--------
Negative ELBO: 215.0339 | Recon Loss: 192.6168 | KL: 28.0213
Epoch 1232/3000:
--------
Negative ELBO: 214.9892 | Recon Loss: 192.5761 | KL: 28.0164
Epoch 1233/3000:
--------
Negative ELBO: 214.9700 | Recon Loss: 192.5414 | KL: 28.0357
Epoch 1234/3000:
--------
Negative ELBO: 215.0500 | Recon Loss: 192.6269 | KL: 28.0288
Epoch 1235/3000:
--------
Negative ELBO: 214.9596 | Recon Loss: 192.5246 | KL: 28.0438
Negative ELBO: 214.5386 | Recon Loss: 192.1069 | KL: 28.0396
Epoch 1236/3000:
--------
Negative ELBO: 215.0006 | Recon Loss: 192.5592 | KL: 28.0517
Epoch 1237/3000:
--------
Negative ELBO: 214.9701 | Recon Loss: 192.5417 | KL: 28.0354
Epoch 1238/3000:
--------
Negative ELBO: 215.0010 | Recon Loss: 192.5770 | KL: 28.0300
Epoch 1239/3000:
--------
Negative ELBO: 215.0457 | Recon Loss: 192.6204 | KL: 28.0316
Epoch 1240/3000:
--------
Negative ELBO: 215.0717 | Recon Loss: 192.6488 | KL: 28.0287
Negative ELBO: 214.3366 | Recon Loss: 191.8858 | KL: 28.0635
Epoch 1241/3000:
--------
Negative ELBO: 214.9791 | Recon Loss: 192.5518 | KL: 28.0340
Epoch 1242/3000:
--------
Negative ELBO: 214.9076 | Recon Loss: 192.4803 | KL: 28.0341
Epoch 1243/3000:
--------
Negative ELBO: 214.9110 | Recon Loss: 192.4784 | KL: 28.0407
Epoch 1244/3000:
--------
Negative ELBO: 214.9983 | Recon Loss: 192.5745 | KL: 28.0297
Epoch 1245/3000:
--------
Negative ELBO: 214.9361 | Recon Loss: 192.5053 | KL: 28.0384
Negative ELBO: 214.4463 | Recon Loss: 192.0183 | KL: 28.0350
Epoch 1246/3000:
--------
Negative ELBO: 214.8772 | Recon Loss: 192.4386 | KL: 28.0482
Epoch 1247/3000:
--------
Negative ELBO: 214.9192 | Recon Loss: 192.4808 | KL: 28.0480
Epoch 1248/3000:
--------
Negative ELBO: 214.9493 | Recon Loss: 192.5262 | KL: 28.0289
Epoch 1249/3000:
--------
Negative ELBO: 215.0168 | Recon Loss: 192.6061 | KL: 28.0135
Epoch 1250/3000:
--------
Negative ELBO: 215.0027 | Recon Loss: 192.5736 | KL: 28.0365
Negative ELBO: 214.5853 | Recon Loss: 192.1744 | KL: 28.0136
Epoch 1251/3000:
--------
Negative ELBO: 214.9719 | Recon Loss: 192.5478 | KL: 28.0300
Epoch 1252/3000:
--------
Negative ELBO: 214.9520 | Recon Loss: 192.5299 | KL: 28.0276
Epoch 1253/3000:
--------
Negative ELBO: 214.8766 | Recon Loss: 192.4455 | KL: 28.0388
Epoch 1254/3000:
--------
Negative ELBO: 215.0422 | Recon Loss: 192.6152 | KL: 28.0338
Epoch 1255/3000:
--------
Negative ELBO: 214.9509 | Recon Loss: 192.5271 | KL: 28.0298
Negative ELBO: 214.4767 | Recon Loss: 192.0833 | KL: 27.9918
Epoch 1256/3000:
--------
Negative ELBO: 215.0145 | Recon Loss: 192.5841 | KL: 28.0380
Epoch 1257/3000:
--------
Negative ELBO: 214.9681 | Recon Loss: 192.5470 | KL: 28.0263
Epoch 1258/3000:
--------
Negative ELBO: 214.9824 | Recon Loss: 192.5571 | KL: 28.0316
Epoch 1259/3000:
--------
Negative ELBO: 214.9695 | Recon Loss: 192.5495 | KL: 28.0249
Epoch 1260/3000:
--------
Negative ELBO: 214.9450 | Recon Loss: 192.5201 | KL: 28.0311
Negative ELBO: 214.2922 | Recon Loss: 191.8599 | KL: 28.0404
Epoch 1261/3000:
--------
Negative ELBO: 215.0767 | Recon Loss: 192.6685 | KL: 28.0102
Epoch 1262/3000:
--------
Negative ELBO: 214.9787 | Recon Loss: 192.5505 | KL: 28.0353
Epoch 1263/3000:
--------
Negative ELBO: 214.9613 | Recon Loss: 192.5276 | KL: 28.0421
Epoch 1264/3000:
--------
Negative ELBO: 215.0528 | Recon Loss: 192.6324 | KL: 28.0255
Epoch 1265/3000:
--------
Negative ELBO: 214.8963 | Recon Loss: 192.4628 | KL: 28.0418
Negative ELBO: 214.4421 | Recon Loss: 192.0023 | KL: 28.0497
Epoch 1266/3000:
--------
Negative ELBO: 214.9753 | Recon Loss: 192.5575 | KL: 28.0223
Epoch 1267/3000:
--------
Negative ELBO: 215.0429 | Recon Loss: 192.6018 | KL: 28.0514
Epoch 1268/3000:
--------
Negative ELBO: 214.9922 | Recon Loss: 192.5540 | KL: 28.0477
Epoch 1269/3000:
--------
Negative ELBO: 215.0045 | Recon Loss: 192.5606 | KL: 28.0549
Epoch 1270/3000:
--------
Negative ELBO: 214.9731 | Recon Loss: 192.5502 | KL: 28.0287
Negative ELBO: 214.6035 | Recon Loss: 192.1407 | KL: 28.0785
Epoch 1271/3000:
--------
Negative ELBO: 214.9778 | Recon Loss: 192.5420 | KL: 28.0448
Epoch 1272/3000:
--------
Negative ELBO: 215.0083 | Recon Loss: 192.5867 | KL: 28.0269
Epoch 1273/3000:
--------
Negative ELBO: 215.0317 | Recon Loss: 192.5955 | KL: 28.0452
Epoch 1274/3000:
--------
Negative ELBO: 214.9880 | Recon Loss: 192.5459 | KL: 28.0527
Epoch 1275/3000:
--------
Negative ELBO: 214.8562 | Recon Loss: 192.3952 | KL: 28.0762
Negative ELBO: 214.3891 | Recon Loss: 192.0036 | KL: 27.9819
Epoch 1276/3000:
--------
Negative ELBO: 214.8919 | Recon Loss: 192.4501 | KL: 28.0522
Epoch 1277/3000:
--------
Negative ELBO: 214.9576 | Recon Loss: 192.5432 | KL: 28.0180
Epoch 1278/3000:
--------
Negative ELBO: 214.9617 | Recon Loss: 192.5501 | KL: 28.0145
Epoch 1279/3000:
--------
Negative ELBO: 214.9294 | Recon Loss: 192.5072 | KL: 28.0277
Epoch 1280/3000:
--------
Negative ELBO: 214.9739 | Recon Loss: 192.5557 | KL: 28.0228
Negative ELBO: 214.2336 | Recon Loss: 191.8116 | KL: 28.0275
Epoch 1281/3000:
--------
Negative ELBO: 214.9825 | Recon Loss: 192.5601 | KL: 28.0280
Epoch 1282/3000:
--------
Negative ELBO: 215.0723 | Recon Loss: 192.6587 | KL: 28.0170
Epoch 1283/3000:
--------
Negative ELBO: 215.0803 | Recon Loss: 192.6609 | KL: 28.0242
Epoch 1284/3000:
--------
Negative ELBO: 214.8500 | Recon Loss: 192.4127 | KL: 28.0466
Epoch 1285/3000:
--------
Negative ELBO: 214.9452 | Recon Loss: 192.5177 | KL: 28.0344
Negative ELBO: 214.3983 | Recon Loss: 191.9671 | KL: 28.0389
Epoch 1286/3000:
--------
Negative ELBO: 214.9744 | Recon Loss: 192.5548 | KL: 28.0246
Epoch 1287/3000:
--------
Negative ELBO: 214.9217 | Recon Loss: 192.4918 | KL: 28.0375
Epoch 1288/3000:
--------
Negative ELBO: 214.9189 | Recon Loss: 192.4907 | KL: 28.0353
Epoch 1289/3000:
--------
Negative ELBO: 214.9442 | Recon Loss: 192.5159 | KL: 28.0353
Epoch 1290/3000:
--------
Negative ELBO: 214.9772 | Recon Loss: 192.5701 | KL: 28.0088
Negative ELBO: 214.4805 | Recon Loss: 192.0808 | KL: 27.9997
Epoch 1291/3000:
--------
Negative ELBO: 214.9744 | Recon Loss: 192.5536 | KL: 28.0260
Epoch 1292/3000:
--------
Negative ELBO: 214.9656 | Recon Loss: 192.5536 | KL: 28.0151
Epoch 1293/3000:
--------
Negative ELBO: 214.8998 | Recon Loss: 192.4756 | KL: 28.0303
Epoch 1294/3000:
--------
Negative ELBO: 215.0139 | Recon Loss: 192.5929 | KL: 28.0262
Epoch 1295/3000:
--------
Negative ELBO: 214.9814 | Recon Loss: 192.5633 | KL: 28.0227
Negative ELBO: 214.3254 | Recon Loss: 191.9060 | KL: 28.0242
Epoch 1296/3000:
--------
Negative ELBO: 214.9817 | Recon Loss: 192.5501 | KL: 28.0395
Epoch 1297/3000:
--------
Negative ELBO: 214.8964 | Recon Loss: 192.4812 | KL: 28.0190
Epoch 1298/3000:
--------
Negative ELBO: 214.9083 | Recon Loss: 192.4874 | KL: 28.0261
Epoch 1299/3000:
--------
Negative ELBO: 214.9545 | Recon Loss: 192.5258 | KL: 28.0359
Epoch 1300/3000:
--------
Negative ELBO: 215.0441 | Recon Loss: 192.6200 | KL: 28.0301
Negative ELBO: 214.4476 | Recon Loss: 192.0539 | KL: 27.9921
Epoch 1301/3000:
--------
Negative ELBO: 214.9013 | Recon Loss: 192.4795 | KL: 28.0273
Epoch 1302/3000:
--------
Negative ELBO: 214.8782 | Recon Loss: 192.4520 | KL: 28.0327
Epoch 1303/3000:
--------
Negative ELBO: 214.9635 | Recon Loss: 192.5342 | KL: 28.0367
Epoch 1304/3000:
--------
Negative ELBO: 214.9476 | Recon Loss: 192.5185 | KL: 28.0363
Epoch 1305/3000:
--------
Negative ELBO: 215.0004 | Recon Loss: 192.5805 | KL: 28.0248
Negative ELBO: 214.2839 | Recon Loss: 191.8585 | KL: 28.0317
Epoch 1306/3000:
--------
Negative ELBO: 214.9663 | Recon Loss: 192.5338 | KL: 28.0406
Epoch 1307/3000:
--------
Negative ELBO: 214.9661 | Recon Loss: 192.5405 | KL: 28.0320
Epoch 1308/3000:
--------
Negative ELBO: 215.0000 | Recon Loss: 192.5883 | KL: 28.0146
Epoch 1309/3000:
--------
Negative ELBO: 214.9601 | Recon Loss: 192.5324 | KL: 28.0346
Epoch 1310/3000:
--------
Negative ELBO: 215.0694 | Recon Loss: 192.6352 | KL: 28.0428
Negative ELBO: 214.4173 | Recon Loss: 191.9733 | KL: 28.0550
Epoch 1311/3000:
--------
Negative ELBO: 215.0197 | Recon Loss: 192.5915 | KL: 28.0353
Epoch 1312/3000:
--------
Negative ELBO: 215.0073 | Recon Loss: 192.5745 | KL: 28.0409
Epoch 1313/3000:
--------
Negative ELBO: 215.0251 | Recon Loss: 192.5994 | KL: 28.0322
Epoch 1314/3000:
--------
Negative ELBO: 214.9578 | Recon Loss: 192.5267 | KL: 28.0389
Epoch 1315/3000:
--------
Negative ELBO: 214.8837 | Recon Loss: 192.4569 | KL: 28.0335
Negative ELBO: 214.3628 | Recon Loss: 191.9416 | KL: 28.0266
Epoch 1316/3000:
--------
Negative ELBO: 214.9412 | Recon Loss: 192.4914 | KL: 28.0622
Epoch 1317/3000:
--------
Negative ELBO: 215.0388 | Recon Loss: 192.6239 | KL: 28.0186
Epoch 1318/3000:
--------
Negative ELBO: 215.0679 | Recon Loss: 192.6430 | KL: 28.0311
Epoch 1319/3000:
--------
Negative ELBO: 215.0187 | Recon Loss: 192.5817 | KL: 28.0463
Epoch 1320/3000:
--------
Negative ELBO: 214.9315 | Recon Loss: 192.5064 | KL: 28.0314
Negative ELBO: 214.5224 | Recon Loss: 192.0719 | KL: 28.0631
Epoch 1321/3000:
--------
Negative ELBO: 215.0385 | Recon Loss: 192.6100 | KL: 28.0357
Epoch 1322/3000:
--------
Negative ELBO: 214.9227 | Recon Loss: 192.4971 | KL: 28.0321
Epoch 1323/3000:
--------
Negative ELBO: 215.0640 | Recon Loss: 192.6379 | KL: 28.0326
Epoch 1324/3000:
--------
Negative ELBO: 215.0486 | Recon Loss: 192.6318 | KL: 28.0210
Epoch 1325/3000:
--------
Negative ELBO: 215.0077 | Recon Loss: 192.5856 | KL: 28.0276
Negative ELBO: 214.5335 | Recon Loss: 192.1425 | KL: 27.9887
Epoch 1326/3000:
--------
Negative ELBO: 215.0290 | Recon Loss: 192.6120 | KL: 28.0213
Epoch 1327/3000:
--------
Negative ELBO: 214.9123 | Recon Loss: 192.4813 | KL: 28.0388
Epoch 1328/3000:
--------
Negative ELBO: 214.9315 | Recon Loss: 192.4871 | KL: 28.0554
Epoch 1329/3000:
--------
Negative ELBO: 215.0054 | Recon Loss: 192.5856 | KL: 28.0247
Epoch 1330/3000:
--------
Negative ELBO: 214.9311 | Recon Loss: 192.4955 | KL: 28.0445
Negative ELBO: 214.5826 | Recon Loss: 192.1576 | KL: 28.0312
Epoch 1331/3000:
--------
Negative ELBO: 215.0523 | Recon Loss: 192.6438 | KL: 28.0106
Epoch 1332/3000:
--------
Negative ELBO: 215.0189 | Recon Loss: 192.5937 | KL: 28.0314
Epoch 1333/3000:
--------
Negative ELBO: 215.0434 | Recon Loss: 192.6234 | KL: 28.0250
Epoch 1334/3000:
--------
Negative ELBO: 214.9443 | Recon Loss: 192.5148 | KL: 28.0369
Epoch 1335/3000:
--------
Negative ELBO: 215.0434 | Recon Loss: 192.5984 | KL: 28.0563
Negative ELBO: 214.5291 | Recon Loss: 192.0938 | KL: 28.0441
Epoch 1336/3000:
--------
Negative ELBO: 214.9899 | Recon Loss: 192.5623 | KL: 28.0345
Epoch 1337/3000:
--------
Negative ELBO: 215.0034 | Recon Loss: 192.5741 | KL: 28.0366
Epoch 1338/3000:
--------
Negative ELBO: 215.0117 | Recon Loss: 192.5818 | KL: 28.0374
Epoch 1339/3000:
--------
Negative ELBO: 214.9501 | Recon Loss: 192.5144 | KL: 28.0446
Epoch 1340/3000:
--------
Negative ELBO: 215.0092 | Recon Loss: 192.5765 | KL: 28.0409
Negative ELBO: 214.1380 | Recon Loss: 191.6881 | KL: 28.0625
Epoch 1341/3000:
--------
Negative ELBO: 215.0669 | Recon Loss: 192.6351 | KL: 28.0397
Epoch 1342/3000:
--------
Negative ELBO: 214.9181 | Recon Loss: 192.4473 | KL: 28.0885
Epoch 1343/3000:
--------
Negative ELBO: 215.0228 | Recon Loss: 192.5762 | KL: 28.0582
Epoch 1344/3000:
--------
Negative ELBO: 215.0236 | Recon Loss: 192.5889 | KL: 28.0434
Epoch 1345/3000:
--------
Negative ELBO: 215.0549 | Recon Loss: 192.6285 | KL: 28.0331
Negative ELBO: 214.6194 | Recon Loss: 192.1731 | KL: 28.0579
Epoch 1346/3000:
--------
Negative ELBO: 215.0255 | Recon Loss: 192.6037 | KL: 28.0272
Epoch 1347/3000:
--------
Negative ELBO: 214.9763 | Recon Loss: 192.5491 | KL: 28.0340
Epoch 1348/3000:
--------
Negative ELBO: 215.0008 | Recon Loss: 192.5622 | KL: 28.0483
Epoch 1349/3000:
--------
Negative ELBO: 214.9292 | Recon Loss: 192.5188 | KL: 28.0131
Epoch 1350/3000:
--------
Negative ELBO: 215.0591 | Recon Loss: 192.6326 | KL: 28.0332
Negative ELBO: 214.7486 | Recon Loss: 192.3314 | KL: 28.0215
Epoch 1351/3000:
--------
Negative ELBO: 214.9445 | Recon Loss: 192.5131 | KL: 28.0392
Epoch 1352/3000:
--------
Negative ELBO: 214.8897 | Recon Loss: 192.4558 | KL: 28.0424
Epoch 1353/3000:
--------
Negative ELBO: 214.9415 | Recon Loss: 192.5118 | KL: 28.0371
Epoch 1354/3000:
--------
Negative ELBO: 214.9275 | Recon Loss: 192.4794 | KL: 28.0602
Epoch 1355/3000:
--------
Negative ELBO: 215.0033 | Recon Loss: 192.5723 | KL: 28.0388
Negative ELBO: 214.5809 | Recon Loss: 192.1846 | KL: 27.9953
Epoch 1356/3000:
--------
Negative ELBO: 214.9521 | Recon Loss: 192.5145 | KL: 28.0470
Epoch 1357/3000:
--------
Negative ELBO: 214.9882 | Recon Loss: 192.5423 | KL: 28.0573
Epoch 1358/3000:
--------
Negative ELBO: 215.0111 | Recon Loss: 192.5901 | KL: 28.0263
Epoch 1359/3000:
--------
Negative ELBO: 214.9911 | Recon Loss: 192.5457 | KL: 28.0567
Epoch 1360/3000:
--------
Negative ELBO: 214.9265 | Recon Loss: 192.4898 | KL: 28.0459
Negative ELBO: 214.4611 | Recon Loss: 192.0339 | KL: 28.0340
Epoch 1361/3000:
--------
Negative ELBO: 215.0142 | Recon Loss: 192.5832 | KL: 28.0388
Epoch 1362/3000:
--------
Negative ELBO: 214.9730 | Recon Loss: 192.5354 | KL: 28.0470
Epoch 1363/3000:
--------
Negative ELBO: 215.0053 | Recon Loss: 192.5556 | KL: 28.0621
Epoch 1364/3000:
--------
Negative ELBO: 214.9818 | Recon Loss: 192.5615 | KL: 28.0253
Epoch 1365/3000:
--------
Negative ELBO: 215.0355 | Recon Loss: 192.5940 | KL: 28.0519
Negative ELBO: 214.5342 | Recon Loss: 192.1066 | KL: 28.0344
Epoch 1366/3000:
--------
Negative ELBO: 214.9746 | Recon Loss: 192.5359 | KL: 28.0485
Epoch 1367/3000:
--------
Negative ELBO: 214.9803 | Recon Loss: 192.5431 | KL: 28.0465
Epoch 1368/3000:
--------
Negative ELBO: 215.0317 | Recon Loss: 192.6058 | KL: 28.0323
Epoch 1369/3000:
--------
Negative ELBO: 214.9988 | Recon Loss: 192.5657 | KL: 28.0413
Epoch 1370/3000:
--------
Negative ELBO: 214.9487 | Recon Loss: 192.5006 | KL: 28.0601
Negative ELBO: 214.6743 | Recon Loss: 192.2169 | KL: 28.0717
Epoch 1371/3000:
--------
Negative ELBO: 215.0234 | Recon Loss: 192.5706 | KL: 28.0661
Epoch 1372/3000:
--------
Negative ELBO: 215.0239 | Recon Loss: 192.5713 | KL: 28.0658
Epoch 1373/3000:
--------
Negative ELBO: 214.9926 | Recon Loss: 192.5602 | KL: 28.0405
Epoch 1374/3000:
--------
Negative ELBO: 214.8674 | Recon Loss: 192.4288 | KL: 28.0482
Epoch 1375/3000:
--------
Negative ELBO: 214.9730 | Recon Loss: 192.5337 | KL: 28.0491
Negative ELBO: 214.7377 | Recon Loss: 192.2844 | KL: 28.0666
Epoch 1376/3000:
--------
Negative ELBO: 215.0297 | Recon Loss: 192.5838 | KL: 28.0573
Epoch 1377/3000:
--------
Negative ELBO: 214.9378 | Recon Loss: 192.5077 | KL: 28.0377
Epoch 1378/3000:
--------
Negative ELBO: 214.9743 | Recon Loss: 192.5377 | KL: 28.0457
Epoch 1379/3000:
--------
Negative ELBO: 215.0022 | Recon Loss: 192.5726 | KL: 28.0370
Epoch 1380/3000:
--------
Negative ELBO: 215.0247 | Recon Loss: 192.5997 | KL: 28.0312
Negative ELBO: 214.1723 | Recon Loss: 191.7236 | KL: 28.0608
Epoch 1381/3000:
--------
Negative ELBO: 214.9332 | Recon Loss: 192.4927 | KL: 28.0506
Epoch 1382/3000:
--------
Negative ELBO: 214.9288 | Recon Loss: 192.4920 | KL: 28.0460
Epoch 1383/3000:
--------
Negative ELBO: 214.9840 | Recon Loss: 192.5482 | KL: 28.0448
Epoch 1384/3000:
--------
Negative ELBO: 214.9144 | Recon Loss: 192.4660 | KL: 28.0605
Epoch 1385/3000:
--------
Negative ELBO: 214.9064 | Recon Loss: 192.4628 | KL: 28.0545
Negative ELBO: 214.3887 | Recon Loss: 191.9266 | KL: 28.0776
Epoch 1386/3000:
--------
Negative ELBO: 214.9381 | Recon Loss: 192.5012 | KL: 28.0461
Epoch 1387/3000:
--------
Negative ELBO: 214.9794 | Recon Loss: 192.5553 | KL: 28.0302
Epoch 1388/3000:
--------
Negative ELBO: 214.9984 | Recon Loss: 192.5746 | KL: 28.0298
Epoch 1389/3000:
--------
Negative ELBO: 215.0017 | Recon Loss: 192.5762 | KL: 28.0319
Epoch 1390/3000:
--------
Negative ELBO: 214.9522 | Recon Loss: 192.5119 | KL: 28.0503
Negative ELBO: 214.3998 | Recon Loss: 191.9797 | KL: 28.0250
Epoch 1391/3000:
--------
Negative ELBO: 214.8920 | Recon Loss: 192.4570 | KL: 28.0437
Epoch 1392/3000:
--------
Negative ELBO: 215.0539 | Recon Loss: 192.6221 | KL: 28.0398
Epoch 1393/3000:
--------
Negative ELBO: 215.0722 | Recon Loss: 192.6526 | KL: 28.0245
Epoch 1394/3000:
--------
Negative ELBO: 215.0195 | Recon Loss: 192.5752 | KL: 28.0554
Epoch 1395/3000:
--------
Negative ELBO: 214.9599 | Recon Loss: 192.5357 | KL: 28.0303
Negative ELBO: 214.5354 | Recon Loss: 192.0752 | KL: 28.0753
Epoch 1396/3000:
--------
Negative ELBO: 214.9705 | Recon Loss: 192.5213 | KL: 28.0614
Epoch 1397/3000:
--------
Negative ELBO: 214.9634 | Recon Loss: 192.5182 | KL: 28.0565
Epoch 1398/3000:
--------
Negative ELBO: 215.0348 | Recon Loss: 192.6081 | KL: 28.0334
Epoch 1399/3000:
--------
Negative ELBO: 215.0553 | Recon Loss: 192.6265 | KL: 28.0361
Epoch 1400/3000:
--------
Negative ELBO: 215.0447 | Recon Loss: 192.6183 | KL: 28.0331
Negative ELBO: 214.4809 | Recon Loss: 192.0816 | KL: 27.9991
Epoch 1401/3000:
--------
Negative ELBO: 214.9549 | Recon Loss: 192.5170 | KL: 28.0474
Epoch 1402/3000:
--------
Negative ELBO: 215.0017 | Recon Loss: 192.5630 | KL: 28.0484
Epoch 1403/3000:
--------
Negative ELBO: 214.9826 | Recon Loss: 192.5494 | KL: 28.0414
Epoch 1404/3000:
--------
Negative ELBO: 215.0461 | Recon Loss: 192.6333 | KL: 28.0160
Epoch 1405/3000:
--------
Negative ELBO: 215.0164 | Recon Loss: 192.5956 | KL: 28.0260
Negative ELBO: 214.3295 | Recon Loss: 191.8789 | KL: 28.0632
Epoch 1406/3000:
--------
Negative ELBO: 215.0531 | Recon Loss: 192.6280 | KL: 28.0314
Epoch 1407/3000:
--------
Negative ELBO: 214.9758 | Recon Loss: 192.5372 | KL: 28.0482
Epoch 1408/3000:
--------
Negative ELBO: 215.0710 | Recon Loss: 192.6480 | KL: 28.0287
Epoch 1409/3000:
--------
Negative ELBO: 214.9515 | Recon Loss: 192.5269 | KL: 28.0307
Epoch 1410/3000:
--------
Negative ELBO: 215.0344 | Recon Loss: 192.6065 | KL: 28.0350
Negative ELBO: 214.5387 | Recon Loss: 192.1515 | KL: 27.9840
Epoch 1411/3000:
--------
Negative ELBO: 215.0176 | Recon Loss: 192.5885 | KL: 28.0364
Epoch 1412/3000:
--------
Negative ELBO: 215.0522 | Recon Loss: 192.6286 | KL: 28.0295
Epoch 1413/3000:
--------
Negative ELBO: 215.0648 | Recon Loss: 192.6381 | KL: 28.0333
Epoch 1414/3000:
--------
Negative ELBO: 215.0906 | Recon Loss: 192.6660 | KL: 28.0307
Epoch 1415/3000:
--------
Negative ELBO: 215.0623 | Recon Loss: 192.6345 | KL: 28.0348
Negative ELBO: 214.4259 | Recon Loss: 191.9769 | KL: 28.0613
Epoch 1416/3000:
--------
Negative ELBO: 215.0447 | Recon Loss: 192.6195 | KL: 28.0315
Epoch 1417/3000:
--------
Negative ELBO: 215.0674 | Recon Loss: 192.6377 | KL: 28.0372
Epoch 1418/3000:
--------
Negative ELBO: 215.0263 | Recon Loss: 192.5977 | KL: 28.0358
Epoch 1419/3000:
--------
Negative ELBO: 215.0140 | Recon Loss: 192.6020 | KL: 28.0150
Epoch 1420/3000:
--------
Negative ELBO: 215.0353 | Recon Loss: 192.6068 | KL: 28.0357
Negative ELBO: 214.5851 | Recon Loss: 192.1586 | KL: 28.0331
Epoch 1421/3000:
--------
Negative ELBO: 214.9847 | Recon Loss: 192.5409 | KL: 28.0547
Epoch 1422/3000:
--------
Negative ELBO: 215.0555 | Recon Loss: 192.6034 | KL: 28.0652
Epoch 1423/3000:
--------
Negative ELBO: 214.9238 | Recon Loss: 192.4982 | KL: 28.0320
Epoch 1424/3000:
--------
Negative ELBO: 215.1089 | Recon Loss: 192.6814 | KL: 28.0344
Epoch 1425/3000:
--------
Negative ELBO: 215.0905 | Recon Loss: 192.6743 | KL: 28.0203
Negative ELBO: 214.4382 | Recon Loss: 192.0204 | KL: 28.0221
Epoch 1426/3000:
--------
Negative ELBO: 214.9951 | Recon Loss: 192.5699 | KL: 28.0315
Epoch 1427/3000:
--------
Negative ELBO: 215.0934 | Recon Loss: 192.6586 | KL: 28.0435
Epoch 1428/3000:
--------
Negative ELBO: 215.0313 | Recon Loss: 192.5915 | KL: 28.0498
Epoch 1429/3000:
--------
Negative ELBO: 215.0494 | Recon Loss: 192.6381 | KL: 28.0141
Epoch 1430/3000:
--------
Negative ELBO: 214.8983 | Recon Loss: 192.4681 | KL: 28.0377
Negative ELBO: 214.5041 | Recon Loss: 192.0807 | KL: 28.0292
Epoch 1431/3000:
--------
Negative ELBO: 214.9968 | Recon Loss: 192.5690 | KL: 28.0346
Epoch 1432/3000:
--------
Negative ELBO: 215.0027 | Recon Loss: 192.5598 | KL: 28.0537
Epoch 1433/3000:
--------
Negative ELBO: 215.0072 | Recon Loss: 192.5678 | KL: 28.0492
Epoch 1434/3000:
--------
Negative ELBO: 214.9697 | Recon Loss: 192.5443 | KL: 28.0317
Epoch 1435/3000:
--------
Negative ELBO: 214.9939 | Recon Loss: 192.5579 | KL: 28.0451
Negative ELBO: 214.4470 | Recon Loss: 191.9944 | KL: 28.0657
Epoch 1436/3000:
--------
Negative ELBO: 215.0530 | Recon Loss: 192.6261 | KL: 28.0336
Epoch 1437/3000:
--------
Negative ELBO: 215.0218 | Recon Loss: 192.5989 | KL: 28.0287
Epoch 1438/3000:
--------
Negative ELBO: 214.9718 | Recon Loss: 192.5442 | KL: 28.0344
Epoch 1439/3000:
--------
Negative ELBO: 215.0909 | Recon Loss: 192.6643 | KL: 28.0332
Epoch 1440/3000:
--------
Negative ELBO: 214.9360 | Recon Loss: 192.4997 | KL: 28.0455
Negative ELBO: 214.7428 | Recon Loss: 192.3776 | KL: 27.9565
Epoch 1441/3000:
--------
Negative ELBO: 215.0253 | Recon Loss: 192.5994 | KL: 28.0324
Epoch 1442/3000:
--------
Negative ELBO: 214.9768 | Recon Loss: 192.5383 | KL: 28.0482
Epoch 1443/3000:
--------
Negative ELBO: 214.9617 | Recon Loss: 192.5184 | KL: 28.0541
Epoch 1444/3000:
--------
Negative ELBO: 215.0735 | Recon Loss: 192.6385 | KL: 28.0437
Epoch 1445/3000:
--------
Negative ELBO: 214.9997 | Recon Loss: 192.5628 | KL: 28.0462
Negative ELBO: 214.6555 | Recon Loss: 192.2080 | KL: 28.0593
Epoch 1446/3000:
--------
Negative ELBO: 215.0436 | Recon Loss: 192.6191 | KL: 28.0307
Epoch 1447/3000:
--------
Negative ELBO: 215.0581 | Recon Loss: 192.6232 | KL: 28.0437
Epoch 1448/3000:
--------
Negative ELBO: 214.9595 | Recon Loss: 192.5236 | KL: 28.0448
Epoch 1449/3000:
--------
Negative ELBO: 214.9658 | Recon Loss: 192.5373 | KL: 28.0356
Epoch 1450/3000:
--------
Negative ELBO: 214.9928 | Recon Loss: 192.5626 | KL: 28.0378
Negative ELBO: 214.5205 | Recon Loss: 192.1161 | KL: 28.0054
Epoch 1451/3000:
--------
Negative ELBO: 215.0004 | Recon Loss: 192.5711 | KL: 28.0367
Epoch 1452/3000:
--------
Negative ELBO: 214.9868 | Recon Loss: 192.5564 | KL: 28.0380
Epoch 1453/3000:
--------
Negative ELBO: 214.9426 | Recon Loss: 192.5192 | KL: 28.0292
Epoch 1454/3000:
--------
Negative ELBO: 214.9823 | Recon Loss: 192.5403 | KL: 28.0525
Epoch 1455/3000:
--------
Negative ELBO: 215.0072 | Recon Loss: 192.5795 | KL: 28.0346
Negative ELBO: 214.6540 | Recon Loss: 192.2278 | KL: 28.0328
Epoch 1456/3000:
--------
Negative ELBO: 215.0289 | Recon Loss: 192.6013 | KL: 28.0346
Epoch 1457/3000:
--------
Negative ELBO: 215.1250 | Recon Loss: 192.7062 | KL: 28.0235
Epoch 1458/3000:
--------
Negative ELBO: 215.0386 | Recon Loss: 192.6191 | KL: 28.0243
Epoch 1459/3000:
--------
Negative ELBO: 214.9849 | Recon Loss: 192.5588 | KL: 28.0327
Epoch 1460/3000:
--------
Negative ELBO: 214.9867 | Recon Loss: 192.5446 | KL: 28.0526
Negative ELBO: 214.5619 | Recon Loss: 192.1427 | KL: 28.0240
Epoch 1461/3000:
--------
Negative ELBO: 215.0959 | Recon Loss: 192.6717 | KL: 28.0304
Epoch 1462/3000:
--------
Negative ELBO: 215.0986 | Recon Loss: 192.6885 | KL: 28.0127
Epoch 1463/3000:
--------
Negative ELBO: 214.8865 | Recon Loss: 192.4518 | KL: 28.0433
Epoch 1464/3000:
--------
Negative ELBO: 215.0387 | Recon Loss: 192.6071 | KL: 28.0396
Epoch 1465/3000:
--------
Negative ELBO: 215.0700 | Recon Loss: 192.6526 | KL: 28.0217
Negative ELBO: 214.6229 | Recon Loss: 192.2239 | KL: 27.9988
Epoch 1466/3000:
--------
Negative ELBO: 214.9736 | Recon Loss: 192.5534 | KL: 28.0252
Epoch 1467/3000:
--------
Negative ELBO: 215.0236 | Recon Loss: 192.5983 | KL: 28.0317
Epoch 1468/3000:
--------
Negative ELBO: 215.0135 | Recon Loss: 192.5933 | KL: 28.0252
Epoch 1469/3000:
--------
Negative ELBO: 215.1944 | Recon Loss: 192.7820 | KL: 28.0155
Epoch 1470/3000:
--------
Negative ELBO: 215.0054 | Recon Loss: 192.5720 | KL: 28.0418
Negative ELBO: 214.6332 | Recon Loss: 192.1893 | KL: 28.0548
Epoch 1471/3000:
--------
Negative ELBO: 215.0525 | Recon Loss: 192.6279 | KL: 28.0306
Epoch 1472/3000:
--------
Negative ELBO: 215.0834 | Recon Loss: 192.6565 | KL: 28.0336
Epoch 1473/3000:
--------
Negative ELBO: 215.0342 | Recon Loss: 192.5912 | KL: 28.0538
Epoch 1474/3000:
--------
Negative ELBO: 214.9807 | Recon Loss: 192.5494 | KL: 28.0392
Epoch 1475/3000:
--------
Negative ELBO: 215.0088 | Recon Loss: 192.5811 | KL: 28.0347
Negative ELBO: 214.5682 | Recon Loss: 192.1472 | KL: 28.0263
Epoch 1476/3000:
--------
Negative ELBO: 215.0720 | Recon Loss: 192.6416 | KL: 28.0380
Epoch 1477/3000:
--------
Negative ELBO: 215.0149 | Recon Loss: 192.5868 | KL: 28.0351
Epoch 1478/3000:
--------
Negative ELBO: 214.9496 | Recon Loss: 192.5254 | KL: 28.0303
Epoch 1479/3000:
--------
Negative ELBO: 215.0004 | Recon Loss: 192.5749 | KL: 28.0319
Epoch 1480/3000:
--------
Negative ELBO: 215.1064 | Recon Loss: 192.6799 | KL: 28.0331
Negative ELBO: 214.4248 | Recon Loss: 191.9604 | KL: 28.0805
Epoch 1481/3000:
--------
Negative ELBO: 214.9805 | Recon Loss: 192.5462 | KL: 28.0429
Epoch 1482/3000:
--------
Negative ELBO: 214.9892 | Recon Loss: 192.5585 | KL: 28.0383
Epoch 1483/3000:
--------
Negative ELBO: 214.9368 | Recon Loss: 192.5039 | KL: 28.0411
Epoch 1484/3000:
--------
Negative ELBO: 215.0241 | Recon Loss: 192.6079 | KL: 28.0202
Epoch 1485/3000:
--------
Negative ELBO: 215.0540 | Recon Loss: 192.6210 | KL: 28.0412
Negative ELBO: 214.3314 | Recon Loss: 191.8311 | KL: 28.1253
Epoch 1486/3000:
--------
Negative ELBO: 215.1053 | Recon Loss: 192.6809 | KL: 28.0305
Epoch 1487/3000:
--------
Negative ELBO: 215.0926 | Recon Loss: 192.6662 | KL: 28.0330
Epoch 1488/3000:
--------
Negative ELBO: 214.9956 | Recon Loss: 192.5569 | KL: 28.0484
Epoch 1489/3000:
--------
Negative ELBO: 214.9908 | Recon Loss: 192.5635 | KL: 28.0341
Epoch 1490/3000:
--------
Negative ELBO: 215.0025 | Recon Loss: 192.5787 | KL: 28.0297
Negative ELBO: 214.5800 | Recon Loss: 192.1728 | KL: 28.0090
Epoch 1491/3000:
--------
Negative ELBO: 215.0734 | Recon Loss: 192.6559 | KL: 28.0219
Epoch 1492/3000:
--------
Negative ELBO: 214.9889 | Recon Loss: 192.5518 | KL: 28.0464
Epoch 1493/3000:
--------
Negative ELBO: 215.0602 | Recon Loss: 192.6215 | KL: 28.0484
Epoch 1494/3000:
--------
Negative ELBO: 215.0523 | Recon Loss: 192.6381 | KL: 28.0177
Epoch 1495/3000:
--------
Negative ELBO: 215.0010 | Recon Loss: 192.5769 | KL: 28.0301
Negative ELBO: 214.2103 | Recon Loss: 191.7747 | KL: 28.0445
Epoch 1496/3000:
--------
Negative ELBO: 214.9678 | Recon Loss: 192.5545 | KL: 28.0166
Epoch 1497/3000:
--------
Negative ELBO: 215.0051 | Recon Loss: 192.5779 | KL: 28.0339
Epoch 1498/3000:
--------
Negative ELBO: 214.9539 | Recon Loss: 192.5394 | KL: 28.0181
Epoch 1499/3000:
--------
Negative ELBO: 214.9662 | Recon Loss: 192.5341 | KL: 28.0402
Epoch 1500/3000:
--------
Negative ELBO: 214.9812 | Recon Loss: 192.5590 | KL: 28.0277
Negative ELBO: 214.5419 | Recon Loss: 192.1534 | KL: 27.9857
Epoch 1501/3000:
--------
Negative ELBO: 215.0093 | Recon Loss: 192.5812 | KL: 28.0352
Epoch 1502/3000:
--------
Negative ELBO: 215.0332 | Recon Loss: 192.6056 | KL: 28.0345
Epoch 1503/3000:
--------
Negative ELBO: 215.0840 | Recon Loss: 192.6723 | KL: 28.0146
Epoch 1504/3000:
--------
Negative ELBO: 214.9718 | Recon Loss: 192.5592 | KL: 28.0158
Epoch 1505/3000:
--------
Negative ELBO: 214.9812 | Recon Loss: 192.5448 | KL: 28.0455
Negative ELBO: 214.3528 | Recon Loss: 191.8976 | KL: 28.0689
Epoch 1506/3000:
--------
Negative ELBO: 215.0361 | Recon Loss: 192.6108 | KL: 28.0316
Epoch 1507/3000:
--------
Negative ELBO: 215.1055 | Recon Loss: 192.6789 | KL: 28.0333
Epoch 1508/3000:
--------
Negative ELBO: 214.9619 | Recon Loss: 192.5250 | KL: 28.0461
Epoch 1509/3000:
--------
Negative ELBO: 214.9186 | Recon Loss: 192.4884 | KL: 28.0377
Epoch 1510/3000:
--------
Negative ELBO: 215.0205 | Recon Loss: 192.5980 | KL: 28.0281
Negative ELBO: 214.4578 | Recon Loss: 192.0338 | KL: 28.0300
Epoch 1511/3000:
--------
Negative ELBO: 215.0266 | Recon Loss: 192.6041 | KL: 28.0281
Epoch 1512/3000:
--------
Negative ELBO: 214.9952 | Recon Loss: 192.5699 | KL: 28.0316
Epoch 1513/3000:
--------
Negative ELBO: 215.0990 | Recon Loss: 192.6831 | KL: 28.0199
Epoch 1514/3000:
--------
Negative ELBO: 215.0605 | Recon Loss: 192.6387 | KL: 28.0272
Epoch 1515/3000:
--------
Negative ELBO: 215.0734 | Recon Loss: 192.6304 | KL: 28.0538
Negative ELBO: 214.3595 | Recon Loss: 191.9433 | KL: 28.0202
Epoch 1516/3000:
--------
Negative ELBO: 215.0200 | Recon Loss: 192.5847 | KL: 28.0442
Epoch 1517/3000:
--------
Negative ELBO: 215.0101 | Recon Loss: 192.5807 | KL: 28.0368
Epoch 1518/3000:
--------
Negative ELBO: 214.9709 | Recon Loss: 192.5351 | KL: 28.0447
Epoch 1519/3000:
--------
Negative ELBO: 215.0162 | Recon Loss: 192.5961 | KL: 28.0252
Epoch 1520/3000:
--------
Negative ELBO: 214.9711 | Recon Loss: 192.5311 | KL: 28.0500
Negative ELBO: 214.4377 | Recon Loss: 191.9951 | KL: 28.0532
Epoch 1521/3000:
--------
Negative ELBO: 215.0434 | Recon Loss: 192.6163 | KL: 28.0339
Epoch 1522/3000:
--------
Negative ELBO: 215.0401 | Recon Loss: 192.6055 | KL: 28.0433
Epoch 1523/3000:
--------
Negative ELBO: 215.0171 | Recon Loss: 192.5889 | KL: 28.0353
Epoch 1524/3000:
--------
Negative ELBO: 214.9299 | Recon Loss: 192.4960 | KL: 28.0423
Epoch 1525/3000:
--------
Negative ELBO: 214.9744 | Recon Loss: 192.5287 | KL: 28.0570
Negative ELBO: 214.1424 | Recon Loss: 191.7036 | KL: 28.0485
Epoch 1526/3000:
--------
Negative ELBO: 215.0477 | Recon Loss: 192.6169 | KL: 28.0384
Epoch 1527/3000:
--------
Negative ELBO: 215.0093 | Recon Loss: 192.5750 | KL: 28.0429
Epoch 1528/3000:
--------
Negative ELBO: 214.9835 | Recon Loss: 192.5366 | KL: 28.0586
Epoch 1529/3000:
--------
Negative ELBO: 215.0846 | Recon Loss: 192.6483 | KL: 28.0454
Epoch 1530/3000:
--------
Negative ELBO: 214.9892 | Recon Loss: 192.5472 | KL: 28.0525
Negative ELBO: 214.5123 | Recon Loss: 192.0830 | KL: 28.0366
Epoch 1531/3000:
--------
Negative ELBO: 215.0575 | Recon Loss: 192.6223 | KL: 28.0440
Epoch 1532/3000:
--------
Negative ELBO: 214.9768 | Recon Loss: 192.5434 | KL: 28.0418
Epoch 1533/3000:
--------
Negative ELBO: 215.0219 | Recon Loss: 192.5927 | KL: 28.0365
Epoch 1534/3000:
--------
Negative ELBO: 214.9350 | Recon Loss: 192.5144 | KL: 28.0258
Epoch 1535/3000:
--------
Negative ELBO: 215.0573 | Recon Loss: 192.6334 | KL: 28.0298
Negative ELBO: 214.5334 | Recon Loss: 192.1180 | KL: 28.0193
Epoch 1536/3000:
--------
Negative ELBO: 215.0166 | Recon Loss: 192.5869 | KL: 28.0371
Epoch 1537/3000:
--------
Negative ELBO: 215.0009 | Recon Loss: 192.5739 | KL: 28.0337
Epoch 1538/3000:
--------
Negative ELBO: 215.0967 | Recon Loss: 192.6819 | KL: 28.0185
Epoch 1539/3000:
--------
Negative ELBO: 214.9876 | Recon Loss: 192.5646 | KL: 28.0287
Epoch 1540/3000:
--------
Negative ELBO: 214.9802 | Recon Loss: 192.5394 | KL: 28.0510
Negative ELBO: 214.4345 | Recon Loss: 192.0213 | KL: 28.0164
Epoch 1541/3000:
--------
Negative ELBO: 214.9900 | Recon Loss: 192.5605 | KL: 28.0368
Epoch 1542/3000:
--------
Negative ELBO: 215.0801 | Recon Loss: 192.6462 | KL: 28.0423
Epoch 1543/3000:
--------
Negative ELBO: 215.0207 | Recon Loss: 192.5882 | KL: 28.0407
Epoch 1544/3000:
--------
Negative ELBO: 214.9813 | Recon Loss: 192.5418 | KL: 28.0494
Epoch 1545/3000:
--------
Negative ELBO: 215.0028 | Recon Loss: 192.5714 | KL: 28.0392
Negative ELBO: 214.5396 | Recon Loss: 192.1034 | KL: 28.0452
Epoch 1546/3000:
--------
Negative ELBO: 214.9960 | Recon Loss: 192.5558 | KL: 28.0503
Epoch 1547/3000:
--------
Negative ELBO: 215.0498 | Recon Loss: 192.6228 | KL: 28.0337
Epoch 1548/3000:
--------
Negative ELBO: 214.8922 | Recon Loss: 192.4561 | KL: 28.0451
Epoch 1549/3000:
--------
Negative ELBO: 215.0230 | Recon Loss: 192.5893 | KL: 28.0420
Epoch 1550/3000:
--------
Negative ELBO: 215.0372 | Recon Loss: 192.5950 | KL: 28.0528
Negative ELBO: 214.4804 | Recon Loss: 192.0581 | KL: 28.0279
Epoch 1551/3000:
--------
Negative ELBO: 215.0199 | Recon Loss: 192.5933 | KL: 28.0333
Epoch 1552/3000:
--------
Negative ELBO: 215.0507 | Recon Loss: 192.6180 | KL: 28.0409
Epoch 1553/3000:
--------
Negative ELBO: 214.9490 | Recon Loss: 192.5213 | KL: 28.0346
Epoch 1554/3000:
--------
Negative ELBO: 214.9395 | Recon Loss: 192.5089 | KL: 28.0382
Epoch 1555/3000:
--------
Negative ELBO: 215.0377 | Recon Loss: 192.6179 | KL: 28.0246
Negative ELBO: 214.4013 | Recon Loss: 191.9736 | KL: 28.0346
Epoch 1556/3000:
--------
Negative ELBO: 214.9936 | Recon Loss: 192.5567 | KL: 28.0461
Epoch 1557/3000:
--------
Negative ELBO: 214.9122 | Recon Loss: 192.4734 | KL: 28.0485
Epoch 1558/3000:
--------
Negative ELBO: 215.0528 | Recon Loss: 192.6333 | KL: 28.0244
Epoch 1559/3000:
--------
Negative ELBO: 215.1487 | Recon Loss: 192.7362 | KL: 28.0156
Epoch 1560/3000:
--------
Negative ELBO: 215.0509 | Recon Loss: 192.6295 | KL: 28.0267
Negative ELBO: 214.4691 | Recon Loss: 192.0376 | KL: 28.0393
Epoch 1561/3000:
--------
Negative ELBO: 215.1444 | Recon Loss: 192.7189 | KL: 28.0319
Epoch 1562/3000:
--------
Negative ELBO: 214.9299 | Recon Loss: 192.4868 | KL: 28.0539
Epoch 1563/3000:
--------
Negative ELBO: 215.0777 | Recon Loss: 192.6392 | KL: 28.0481
Epoch 1564/3000:
--------
Negative ELBO: 215.0437 | Recon Loss: 192.6238 | KL: 28.0248
Epoch 1565/3000:
--------
Negative ELBO: 215.0027 | Recon Loss: 192.5701 | KL: 28.0408
Negative ELBO: 214.3749 | Recon Loss: 191.9277 | KL: 28.0589
Epoch 1566/3000:
--------
Negative ELBO: 214.9736 | Recon Loss: 192.5379 | KL: 28.0447
Epoch 1567/3000:
--------
Negative ELBO: 215.0557 | Recon Loss: 192.6139 | KL: 28.0522
Epoch 1568/3000:
--------
Negative ELBO: 215.1431 | Recon Loss: 192.7121 | KL: 28.0387
Epoch 1569/3000:
--------
Negative ELBO: 215.0835 | Recon Loss: 192.6390 | KL: 28.0556
Epoch 1570/3000:
--------
Negative ELBO: 215.0556 | Recon Loss: 192.6212 | KL: 28.0431
Negative ELBO: 214.5708 | Recon Loss: 192.1299 | KL: 28.0512
Epoch 1571/3000:
--------
Negative ELBO: 214.9805 | Recon Loss: 192.5414 | KL: 28.0489
Epoch 1572/3000:
--------
Negative ELBO: 215.0889 | Recon Loss: 192.6451 | KL: 28.0548
Epoch 1573/3000:
--------
Negative ELBO: 215.0686 | Recon Loss: 192.6452 | KL: 28.0293
Epoch 1574/3000:
--------
Negative ELBO: 215.1016 | Recon Loss: 192.6649 | KL: 28.0458
Epoch 1575/3000:
--------
Negative ELBO: 215.0436 | Recon Loss: 192.6132 | KL: 28.0380
Negative ELBO: 214.3839 | Recon Loss: 191.9706 | KL: 28.0166
Epoch 1576/3000:
--------
Negative ELBO: 215.0244 | Recon Loss: 192.5766 | KL: 28.0598
Epoch 1577/3000:
--------
Negative ELBO: 215.0863 | Recon Loss: 192.6582 | KL: 28.0352
Epoch 1578/3000:
--------
Negative ELBO: 215.0263 | Recon Loss: 192.5876 | KL: 28.0485
Epoch 1579/3000:
--------
Negative ELBO: 214.9014 | Recon Loss: 192.4489 | KL: 28.0656
Epoch 1580/3000:
--------
Negative ELBO: 215.0552 | Recon Loss: 192.6188 | KL: 28.0455
Negative ELBO: 214.1610 | Recon Loss: 191.7309 | KL: 28.0376
Epoch 1581/3000:
--------
Negative ELBO: 214.9894 | Recon Loss: 192.5488 | KL: 28.0508
Epoch 1582/3000:
--------
Negative ELBO: 215.0189 | Recon Loss: 192.5981 | KL: 28.0260
Epoch 1583/3000:
--------
Negative ELBO: 214.9594 | Recon Loss: 192.5232 | KL: 28.0453
Epoch 1584/3000:
--------
Negative ELBO: 214.8472 | Recon Loss: 192.4127 | KL: 28.0430
Epoch 1585/3000:
--------
Negative ELBO: 215.0171 | Recon Loss: 192.5837 | KL: 28.0418
Negative ELBO: 214.5197 | Recon Loss: 192.1061 | KL: 28.0170
Epoch 1586/3000:
--------
Negative ELBO: 215.0914 | Recon Loss: 192.6705 | KL: 28.0261
Epoch 1587/3000:
--------
Negative ELBO: 214.9531 | Recon Loss: 192.5170 | KL: 28.0451
Epoch 1588/3000:
--------
Negative ELBO: 214.9682 | Recon Loss: 192.5401 | KL: 28.0350
Epoch 1589/3000:
--------
Negative ELBO: 214.9663 | Recon Loss: 192.5261 | KL: 28.0503
Epoch 1590/3000:
--------
Negative ELBO: 215.0006 | Recon Loss: 192.5704 | KL: 28.0377
Negative ELBO: 214.4166 | Recon Loss: 191.9799 | KL: 28.0458
Epoch 1591/3000:
--------
Negative ELBO: 214.9255 | Recon Loss: 192.4890 | KL: 28.0457
Epoch 1592/3000:
--------
Negative ELBO: 215.0701 | Recon Loss: 192.6476 | KL: 28.0281
Epoch 1593/3000:
--------
Negative ELBO: 214.9415 | Recon Loss: 192.4927 | KL: 28.0609
Epoch 1594/3000:
--------
Negative ELBO: 215.0688 | Recon Loss: 192.6459 | KL: 28.0286
Epoch 1595/3000:
--------
Negative ELBO: 214.9931 | Recon Loss: 192.5520 | KL: 28.0513
Negative ELBO: 214.3620 | Recon Loss: 191.9489 | KL: 28.0165
Epoch 1596/3000:
--------
Negative ELBO: 214.9566 | Recon Loss: 192.5238 | KL: 28.0410
Epoch 1597/3000:
--------
Negative ELBO: 214.9814 | Recon Loss: 192.5578 | KL: 28.0295
Epoch 1598/3000:
--------
Negative ELBO: 214.9515 | Recon Loss: 192.5173 | KL: 28.0427
Epoch 1599/3000:
--------
Negative ELBO: 214.9711 | Recon Loss: 192.5211 | KL: 28.0626
Epoch 1600/3000:
--------
Negative ELBO: 214.9655 | Recon Loss: 192.5467 | KL: 28.0236
Negative ELBO: 214.3569 | Recon Loss: 191.9513 | KL: 28.0070
Epoch 1601/3000:
--------
Negative ELBO: 214.9576 | Recon Loss: 192.5306 | KL: 28.0338
Epoch 1602/3000:
--------
Negative ELBO: 215.0492 | Recon Loss: 192.6221 | KL: 28.0338
Epoch 1603/3000:
--------
Negative ELBO: 214.9577 | Recon Loss: 192.5205 | KL: 28.0465
Epoch 1604/3000:
--------
Negative ELBO: 214.9486 | Recon Loss: 192.5205 | KL: 28.0351
Epoch 1605/3000:
--------
Negative ELBO: 214.9769 | Recon Loss: 192.5376 | KL: 28.0492
Negative ELBO: 214.4160 | Recon Loss: 191.9542 | KL: 28.0773
Epoch 1606/3000:
--------
Negative ELBO: 214.9569 | Recon Loss: 192.5244 | KL: 28.0407
Epoch 1607/3000:
--------
Negative ELBO: 215.0239 | Recon Loss: 192.6008 | KL: 28.0289
Epoch 1608/3000:
--------
Negative ELBO: 215.0428 | Recon Loss: 192.6082 | KL: 28.0432
Epoch 1609/3000:
--------
Negative ELBO: 215.0366 | Recon Loss: 192.6071 | KL: 28.0368
Epoch 1610/3000:
--------
Negative ELBO: 215.0205 | Recon Loss: 192.5951 | KL: 28.0318
Negative ELBO: 214.6256 | Recon Loss: 192.2148 | KL: 28.0135
Epoch 1611/3000:
--------
Negative ELBO: 215.0745 | Recon Loss: 192.6449 | KL: 28.0370
Epoch 1612/3000:
--------
Negative ELBO: 215.0098 | Recon Loss: 192.5825 | KL: 28.0341
Epoch 1613/3000:
--------
Negative ELBO: 214.9335 | Recon Loss: 192.5055 | KL: 28.0350
Epoch 1614/3000:
--------
Negative ELBO: 214.9691 | Recon Loss: 192.5441 | KL: 28.0313
Epoch 1615/3000:
--------
Negative ELBO: 215.0702 | Recon Loss: 192.6463 | KL: 28.0299
Negative ELBO: 214.5918 | Recon Loss: 192.1760 | KL: 28.0199
Epoch 1616/3000:
--------
Negative ELBO: 215.0042 | Recon Loss: 192.5775 | KL: 28.0334
Epoch 1617/3000:
--------
Negative ELBO: 214.9793 | Recon Loss: 192.5445 | KL: 28.0434
Epoch 1618/3000:
--------
Negative ELBO: 214.9658 | Recon Loss: 192.5395 | KL: 28.0329
Epoch 1619/3000:
--------
Negative ELBO: 215.0729 | Recon Loss: 192.6440 | KL: 28.0361
Epoch 1620/3000:
--------
Negative ELBO: 215.0279 | Recon Loss: 192.5958 | KL: 28.0401
Negative ELBO: 214.3621 | Recon Loss: 191.9177 | KL: 28.0556
Epoch 1621/3000:
--------
Negative ELBO: 214.8916 | Recon Loss: 192.4409 | KL: 28.0634
Epoch 1622/3000:
--------
Negative ELBO: 215.0559 | Recon Loss: 192.6178 | KL: 28.0477
Epoch 1623/3000:
--------
Negative ELBO: 215.0463 | Recon Loss: 192.6216 | KL: 28.0309
Epoch 1624/3000:
--------
Negative ELBO: 214.9553 | Recon Loss: 192.5177 | KL: 28.0471
Epoch 1625/3000:
--------
Negative ELBO: 214.9833 | Recon Loss: 192.5490 | KL: 28.0429
Negative ELBO: 214.5506 | Recon Loss: 192.1601 | KL: 27.9881
Epoch 1626/3000:
--------
Negative ELBO: 214.9612 | Recon Loss: 192.5214 | KL: 28.0498
Epoch 1627/3000:
--------
Negative ELBO: 215.0110 | Recon Loss: 192.5760 | KL: 28.0437
Epoch 1628/3000:
--------
Negative ELBO: 214.9456 | Recon Loss: 192.5086 | KL: 28.0462
Epoch 1629/3000:
--------
Negative ELBO: 214.9883 | Recon Loss: 192.5610 | KL: 28.0341
Epoch 1630/3000:
--------
Negative ELBO: 215.0644 | Recon Loss: 192.6330 | KL: 28.0392
Negative ELBO: 214.3111 | Recon Loss: 191.8909 | KL: 28.0252
Epoch 1631/3000:
--------
Negative ELBO: 214.9787 | Recon Loss: 192.5397 | KL: 28.0487
Epoch 1632/3000:
--------
Negative ELBO: 215.0069 | Recon Loss: 192.5656 | KL: 28.0516
Epoch 1633/3000:
--------
Negative ELBO: 215.0694 | Recon Loss: 192.6307 | KL: 28.0484
Epoch 1634/3000:
--------
Negative ELBO: 215.0360 | Recon Loss: 192.6012 | KL: 28.0435
Epoch 1635/3000:
--------
Negative ELBO: 214.9852 | Recon Loss: 192.5519 | KL: 28.0416
Negative ELBO: 214.4004 | Recon Loss: 191.9604 | KL: 28.0500
Epoch 1636/3000:
--------
Negative ELBO: 215.0575 | Recon Loss: 192.6359 | KL: 28.0270
Epoch 1637/3000:
--------
Negative ELBO: 215.0388 | Recon Loss: 192.6141 | KL: 28.0308
Epoch 1638/3000:
--------
Negative ELBO: 215.0660 | Recon Loss: 192.6429 | KL: 28.0288
Epoch 1639/3000:
--------
Negative ELBO: 215.0369 | Recon Loss: 192.6093 | KL: 28.0345
Epoch 1640/3000:
--------
Negative ELBO: 214.9727 | Recon Loss: 192.5425 | KL: 28.0377
Negative ELBO: 214.1864 | Recon Loss: 191.7615 | KL: 28.0311
Epoch 1641/3000:
--------
Negative ELBO: 215.0223 | Recon Loss: 192.5860 | KL: 28.0455
Epoch 1642/3000:
--------
Negative ELBO: 215.0065 | Recon Loss: 192.5662 | KL: 28.0504
Epoch 1643/3000:
--------
Negative ELBO: 215.0290 | Recon Loss: 192.5891 | KL: 28.0498
Epoch 1644/3000:
--------
Negative ELBO: 214.9895 | Recon Loss: 192.5715 | KL: 28.0225
Epoch 1645/3000:
--------
Negative ELBO: 214.9540 | Recon Loss: 192.5339 | KL: 28.0251
Negative ELBO: 214.2961 | Recon Loss: 191.8459 | KL: 28.0628
Epoch 1646/3000:
--------
Negative ELBO: 214.9513 | Recon Loss: 192.5204 | KL: 28.0387
Epoch 1647/3000:
--------
Negative ELBO: 214.9991 | Recon Loss: 192.5736 | KL: 28.0319
Epoch 1648/3000:
--------
Negative ELBO: 215.0228 | Recon Loss: 192.6038 | KL: 28.0237
Epoch 1649/3000:
--------
Negative ELBO: 214.9915 | Recon Loss: 192.5463 | KL: 28.0565
Epoch 1650/3000:
--------
Negative ELBO: 214.9699 | Recon Loss: 192.5421 | KL: 28.0347
Negative ELBO: 214.3444 | Recon Loss: 191.9014 | KL: 28.0538
Epoch 1651/3000:
--------
Negative ELBO: 214.9849 | Recon Loss: 192.5482 | KL: 28.0459
Epoch 1652/3000:
--------
Negative ELBO: 214.9891 | Recon Loss: 192.5597 | KL: 28.0367
Epoch 1653/3000:
--------
Negative ELBO: 215.0239 | Recon Loss: 192.5875 | KL: 28.0455
Epoch 1654/3000:
--------
Negative ELBO: 215.0378 | Recon Loss: 192.6040 | KL: 28.0422
Epoch 1655/3000:
--------
Negative ELBO: 214.9608 | Recon Loss: 192.5076 | KL: 28.0665
Negative ELBO: 214.5705 | Recon Loss: 192.1727 | KL: 27.9972
Epoch 1656/3000:
--------
Negative ELBO: 214.9539 | Recon Loss: 192.5175 | KL: 28.0454
Epoch 1657/3000:
--------
Negative ELBO: 215.0445 | Recon Loss: 192.6184 | KL: 28.0327
Epoch 1658/3000:
--------
Negative ELBO: 214.9943 | Recon Loss: 192.5702 | KL: 28.0301
Epoch 1659/3000:
--------
Negative ELBO: 214.9566 | Recon Loss: 192.5072 | KL: 28.0618
Epoch 1660/3000:
--------
Negative ELBO: 215.0282 | Recon Loss: 192.6024 | KL: 28.0323
Negative ELBO: 214.3190 | Recon Loss: 191.8645 | KL: 28.0681
Epoch 1661/3000:
--------
Negative ELBO: 214.9457 | Recon Loss: 192.5098 | KL: 28.0449
Epoch 1662/3000:
--------
Negative ELBO: 215.0238 | Recon Loss: 192.6000 | KL: 28.0297
Epoch 1663/3000:
--------
Negative ELBO: 214.9655 | Recon Loss: 192.5281 | KL: 28.0468
Epoch 1664/3000:
--------
Negative ELBO: 215.0801 | Recon Loss: 192.6576 | KL: 28.0281
Epoch 1665/3000:
--------
Negative ELBO: 215.0469 | Recon Loss: 192.6201 | KL: 28.0336
Negative ELBO: 214.4501 | Recon Loss: 192.0107 | KL: 28.0492
Epoch 1666/3000:
--------
Negative ELBO: 215.0458 | Recon Loss: 192.6104 | KL: 28.0443
Epoch 1667/3000:
--------
Negative ELBO: 215.0022 | Recon Loss: 192.5593 | KL: 28.0537
Epoch 1668/3000:
--------
Negative ELBO: 215.1092 | Recon Loss: 192.6817 | KL: 28.0344
Epoch 1669/3000:
--------
Negative ELBO: 214.9977 | Recon Loss: 192.5564 | KL: 28.0516
Epoch 1670/3000:
--------
Negative ELBO: 214.9975 | Recon Loss: 192.5573 | KL: 28.0503
Negative ELBO: 214.3525 | Recon Loss: 191.9540 | KL: 27.9982
Epoch 1671/3000:
--------
Negative ELBO: 215.0885 | Recon Loss: 192.6496 | KL: 28.0487
Epoch 1672/3000:
--------
Negative ELBO: 215.0699 | Recon Loss: 192.6341 | KL: 28.0447
Epoch 1673/3000:
--------
Negative ELBO: 215.0895 | Recon Loss: 192.6444 | KL: 28.0565
Epoch 1674/3000:
--------
Negative ELBO: 215.1664 | Recon Loss: 192.7319 | KL: 28.0432
Epoch 1675/3000:
--------
Negative ELBO: 215.1322 | Recon Loss: 192.6979 | KL: 28.0430
Negative ELBO: 214.5879 | Recon Loss: 192.1740 | KL: 28.0173
Epoch 1676/3000:
--------
Negative ELBO: 215.1262 | Recon Loss: 192.7000 | KL: 28.0327
Epoch 1677/3000:
--------
Negative ELBO: 215.1378 | Recon Loss: 192.7097 | KL: 28.0351
Epoch 1678/3000:
--------
Negative ELBO: 215.1097 | Recon Loss: 192.6653 | KL: 28.0555
Epoch 1679/3000:
--------
Negative ELBO: 215.0724 | Recon Loss: 192.6252 | KL: 28.0590
Epoch 1680/3000:
--------
Negative ELBO: 215.0443 | Recon Loss: 192.6068 | KL: 28.0469
Negative ELBO: 214.5177 | Recon Loss: 192.0716 | KL: 28.0576
Epoch 1681/3000:
--------
Negative ELBO: 215.1136 | Recon Loss: 192.6711 | KL: 28.0531
Epoch 1682/3000:
--------
Negative ELBO: 215.1868 | Recon Loss: 192.7408 | KL: 28.0574
Epoch 1683/3000:
--------
Negative ELBO: 215.0872 | Recon Loss: 192.6525 | KL: 28.0433
Epoch 1684/3000:
--------
Negative ELBO: 215.0439 | Recon Loss: 192.6146 | KL: 28.0366
Epoch 1685/3000:
--------
Negative ELBO: 215.0847 | Recon Loss: 192.6510 | KL: 28.0422
Negative ELBO: 214.5138 | Recon Loss: 192.0577 | KL: 28.0701
Epoch 1686/3000:
--------
Negative ELBO: 215.0415 | Recon Loss: 192.6043 | KL: 28.0465
Epoch 1687/3000:
--------
Negative ELBO: 215.0159 | Recon Loss: 192.5712 | KL: 28.0559
Epoch 1688/3000:
--------
Negative ELBO: 215.1469 | Recon Loss: 192.7192 | KL: 28.0347
Epoch 1689/3000:
--------
Negative ELBO: 214.9958 | Recon Loss: 192.5559 | KL: 28.0500
Epoch 1690/3000:
--------
Negative ELBO: 215.0180 | Recon Loss: 192.5727 | KL: 28.0566
Negative ELBO: 214.5541 | Recon Loss: 192.1358 | KL: 28.0229
Epoch 1691/3000:
--------
Negative ELBO: 215.0679 | Recon Loss: 192.6294 | KL: 28.0482
Epoch 1692/3000:
--------
Negative ELBO: 215.0678 | Recon Loss: 192.6317 | KL: 28.0451
Epoch 1693/3000:
--------
Negative ELBO: 215.0827 | Recon Loss: 192.6494 | KL: 28.0417
Epoch 1694/3000:
--------
Negative ELBO: 215.0515 | Recon Loss: 192.6053 | KL: 28.0578
Epoch 1695/3000:
--------
Negative ELBO: 215.0477 | Recon Loss: 192.6141 | KL: 28.0420
Negative ELBO: 214.5768 | Recon Loss: 192.1648 | KL: 28.0151
Epoch 1696/3000:
--------
Negative ELBO: 215.0184 | Recon Loss: 192.5827 | KL: 28.0446
Epoch 1697/3000:
--------
Negative ELBO: 215.0276 | Recon Loss: 192.5939 | KL: 28.0420
Epoch 1698/3000:
--------
Negative ELBO: 215.1038 | Recon Loss: 192.6739 | KL: 28.0374
Epoch 1699/3000:
--------
Negative ELBO: 215.0384 | Recon Loss: 192.6207 | KL: 28.0222
Epoch 1700/3000:
--------
Negative ELBO: 215.0640 | Recon Loss: 192.6561 | KL: 28.0098
Negative ELBO: 214.4917 | Recon Loss: 192.0463 | KL: 28.0567
Epoch 1701/3000:
--------
Negative ELBO: 215.0037 | Recon Loss: 192.5658 | KL: 28.0473
Epoch 1702/3000:
--------
Negative ELBO: 215.0980 | Recon Loss: 192.6546 | KL: 28.0542
Epoch 1703/3000:
--------
Negative ELBO: 215.0108 | Recon Loss: 192.5773 | KL: 28.0419
Epoch 1704/3000:
--------
Negative ELBO: 214.9744 | Recon Loss: 192.5375 | KL: 28.0461
Epoch 1705/3000:
--------
Negative ELBO: 215.0676 | Recon Loss: 192.6311 | KL: 28.0457
Negative ELBO: 214.6123 | Recon Loss: 192.1940 | KL: 28.0229
Epoch 1706/3000:
--------
Negative ELBO: 215.0325 | Recon Loss: 192.5962 | KL: 28.0454
Epoch 1707/3000:
--------
Negative ELBO: 215.0071 | Recon Loss: 192.5758 | KL: 28.0391
Epoch 1708/3000:
--------
Negative ELBO: 215.0503 | Recon Loss: 192.6133 | KL: 28.0463
Epoch 1709/3000:
--------
Negative ELBO: 214.9947 | Recon Loss: 192.5354 | KL: 28.0742
Epoch 1710/3000:
--------
Negative ELBO: 215.0927 | Recon Loss: 192.6421 | KL: 28.0634
Negative ELBO: 214.4281 | Recon Loss: 191.9726 | KL: 28.0693
Epoch 1711/3000:
--------
Negative ELBO: 215.0164 | Recon Loss: 192.5514 | KL: 28.0813
Epoch 1712/3000:
--------
Negative ELBO: 215.0627 | Recon Loss: 192.6053 | KL: 28.0717
Epoch 1713/3000:
--------
Negative ELBO: 215.0996 | Recon Loss: 192.6431 | KL: 28.0706
Epoch 1714/3000:
--------
Negative ELBO: 215.0217 | Recon Loss: 192.5745 | KL: 28.0590
Epoch 1715/3000:
--------
Negative ELBO: 215.1361 | Recon Loss: 192.6846 | KL: 28.0644
Negative ELBO: 214.5210 | Recon Loss: 192.1012 | KL: 28.0247
Epoch 1716/3000:
--------
Negative ELBO: 214.9771 | Recon Loss: 192.5211 | KL: 28.0700
Epoch 1717/3000:
--------
Negative ELBO: 215.0497 | Recon Loss: 192.6153 | KL: 28.0430
Epoch 1718/3000:
--------
Negative ELBO: 215.0209 | Recon Loss: 192.5708 | KL: 28.0627
Epoch 1719/3000:
--------
Negative ELBO: 215.0462 | Recon Loss: 192.5974 | KL: 28.0610
Epoch 1720/3000:
--------
Negative ELBO: 214.9847 | Recon Loss: 192.5212 | KL: 28.0794
Negative ELBO: 214.4777 | Recon Loss: 192.0384 | KL: 28.0491
Epoch 1721/3000:
--------
Negative ELBO: 214.9894 | Recon Loss: 192.5392 | KL: 28.0627
Epoch 1722/3000:
--------
Negative ELBO: 215.0370 | Recon Loss: 192.5985 | KL: 28.0481
Epoch 1723/3000:
--------
Negative ELBO: 214.9775 | Recon Loss: 192.5315 | KL: 28.0575
Epoch 1724/3000:
--------
Negative ELBO: 214.9462 | Recon Loss: 192.5120 | KL: 28.0428
Epoch 1725/3000:
--------
Negative ELBO: 215.0411 | Recon Loss: 192.6109 | KL: 28.0377
Negative ELBO: 214.4410 | Recon Loss: 191.9895 | KL: 28.0643
Epoch 1726/3000:
--------
Negative ELBO: 214.9962 | Recon Loss: 192.5550 | KL: 28.0515
Epoch 1727/3000:
--------
Negative ELBO: 214.9536 | Recon Loss: 192.5133 | KL: 28.0504
Epoch 1728/3000:
--------
Negative ELBO: 215.1398 | Recon Loss: 192.7125 | KL: 28.0341
Epoch 1729/3000:
--------
Negative ELBO: 215.0022 | Recon Loss: 192.5795 | KL: 28.0284
Epoch 1730/3000:
--------
Negative ELBO: 215.1488 | Recon Loss: 192.7248 | KL: 28.0300
Negative ELBO: 214.6315 | Recon Loss: 192.2083 | KL: 28.0289
Epoch 1731/3000:
--------
Negative ELBO: 215.0543 | Recon Loss: 192.6247 | KL: 28.0370
Epoch 1732/3000:
--------
Negative ELBO: 215.0010 | Recon Loss: 192.5810 | KL: 28.0249
Epoch 1733/3000:
--------
Negative ELBO: 214.9868 | Recon Loss: 192.5561 | KL: 28.0383
Epoch 1734/3000:
--------
Negative ELBO: 214.9741 | Recon Loss: 192.5395 | KL: 28.0433
Epoch 1735/3000:
--------
Negative ELBO: 215.0489 | Recon Loss: 192.6092 | KL: 28.0496
Negative ELBO: 214.6551 | Recon Loss: 192.2220 | KL: 28.0413
Epoch 1736/3000:
--------
Negative ELBO: 214.9230 | Recon Loss: 192.4956 | KL: 28.0342
Epoch 1737/3000:
--------
Negative ELBO: 215.0109 | Recon Loss: 192.5876 | KL: 28.0290
Epoch 1738/3000:
--------
Negative ELBO: 214.9316 | Recon Loss: 192.4946 | KL: 28.0462
Epoch 1739/3000:
--------
Negative ELBO: 215.0972 | Recon Loss: 192.6763 | KL: 28.0261
Epoch 1740/3000:
--------
Negative ELBO: 214.9999 | Recon Loss: 192.5818 | KL: 28.0226
Negative ELBO: 214.2840 | Recon Loss: 191.8523 | KL: 28.0397
Epoch 1741/3000:
--------
Negative ELBO: 215.0048 | Recon Loss: 192.5789 | KL: 28.0325
Epoch 1742/3000:
--------
Negative ELBO: 215.0193 | Recon Loss: 192.5825 | KL: 28.0460
Epoch 1743/3000:
--------
Negative ELBO: 215.0230 | Recon Loss: 192.5888 | KL: 28.0427
Epoch 1744/3000:
--------
Negative ELBO: 214.9687 | Recon Loss: 192.5413 | KL: 28.0343
Epoch 1745/3000:
--------
Negative ELBO: 214.9624 | Recon Loss: 192.5236 | KL: 28.0484
Negative ELBO: 214.5005 | Recon Loss: 192.0800 | KL: 28.0257
Epoch 1746/3000:
--------
Negative ELBO: 214.9355 | Recon Loss: 192.4910 | KL: 28.0556
Epoch 1747/3000:
--------
Negative ELBO: 215.0840 | Recon Loss: 192.6484 | KL: 28.0445
Epoch 1748/3000:
--------
Negative ELBO: 215.0575 | Recon Loss: 192.6272 | KL: 28.0379
Epoch 1749/3000:
--------
Negative ELBO: 214.9925 | Recon Loss: 192.5509 | KL: 28.0521
Epoch 1750/3000:
--------
Negative ELBO: 214.9524 | Recon Loss: 192.5098 | KL: 28.0532
Negative ELBO: 214.5113 | Recon Loss: 192.0892 | KL: 28.0276
Epoch 1751/3000:
--------
Negative ELBO: 215.0066 | Recon Loss: 192.5610 | KL: 28.0570
Epoch 1752/3000:
--------
Negative ELBO: 215.0577 | Recon Loss: 192.6267 | KL: 28.0387
Epoch 1753/3000:
--------
Negative ELBO: 214.9970 | Recon Loss: 192.5536 | KL: 28.0542
Epoch 1754/3000:
--------
Negative ELBO: 214.9767 | Recon Loss: 192.5406 | KL: 28.0451
Epoch 1755/3000:
--------
Negative ELBO: 215.0440 | Recon Loss: 192.6037 | KL: 28.0504
Negative ELBO: 214.5054 | Recon Loss: 192.0862 | KL: 28.0239
Epoch 1756/3000:
--------
Negative ELBO: 215.1094 | Recon Loss: 192.6675 | KL: 28.0524
Epoch 1757/3000:
--------
Negative ELBO: 215.1166 | Recon Loss: 192.6884 | KL: 28.0352
Epoch 1758/3000:
--------
Negative ELBO: 215.1614 | Recon Loss: 192.7224 | KL: 28.0487
Epoch 1759/3000:
--------
Negative ELBO: 215.0507 | Recon Loss: 192.6107 | KL: 28.0501
Epoch 1760/3000:
--------
Negative ELBO: 215.0827 | Recon Loss: 192.6627 | KL: 28.0250
Negative ELBO: 214.2823 | Recon Loss: 191.8507 | KL: 28.0395
Epoch 1761/3000:
--------
Negative ELBO: 215.0568 | Recon Loss: 192.6269 | KL: 28.0374
Epoch 1762/3000:
--------
Negative ELBO: 215.0312 | Recon Loss: 192.5828 | KL: 28.0605
Epoch 1763/3000:
--------
Negative ELBO: 215.0852 | Recon Loss: 192.6637 | KL: 28.0269
Epoch 1764/3000:
--------
Negative ELBO: 215.0946 | Recon Loss: 192.6655 | KL: 28.0364
Epoch 1765/3000:
--------
Negative ELBO: 215.0933 | Recon Loss: 192.6615 | KL: 28.0398
Negative ELBO: 214.3365 | Recon Loss: 191.9112 | KL: 28.0317
Epoch 1766/3000:
--------
Negative ELBO: 215.0811 | Recon Loss: 192.6407 | KL: 28.0506
Epoch 1767/3000:
--------
Negative ELBO: 215.0271 | Recon Loss: 192.5931 | KL: 28.0426
Epoch 1768/3000:
--------
Negative ELBO: 215.0600 | Recon Loss: 192.6393 | KL: 28.0259
Epoch 1769/3000:
--------
Negative ELBO: 215.0335 | Recon Loss: 192.6085 | KL: 28.0313
Epoch 1770/3000:
--------
Negative ELBO: 214.9608 | Recon Loss: 192.5281 | KL: 28.0409
Negative ELBO: 214.3866 | Recon Loss: 191.9666 | KL: 28.0250
Epoch 1771/3000:
--------
Negative ELBO: 214.9132 | Recon Loss: 192.4789 | KL: 28.0429
Epoch 1772/3000:
--------
Negative ELBO: 215.0562 | Recon Loss: 192.6095 | KL: 28.0584
Epoch 1773/3000:
--------
Negative ELBO: 215.0735 | Recon Loss: 192.6315 | KL: 28.0524
Epoch 1774/3000:
--------
Negative ELBO: 215.0103 | Recon Loss: 192.5785 | KL: 28.0397
Epoch 1775/3000:
--------
Negative ELBO: 214.9854 | Recon Loss: 192.5595 | KL: 28.0323
Negative ELBO: 214.5028 | Recon Loss: 192.0711 | KL: 28.0396
Epoch 1776/3000:
--------
Negative ELBO: 214.9877 | Recon Loss: 192.5542 | KL: 28.0418
Epoch 1777/3000:
--------
Negative ELBO: 214.9972 | Recon Loss: 192.5683 | KL: 28.0362
Epoch 1778/3000:
--------
Negative ELBO: 215.1636 | Recon Loss: 192.7339 | KL: 28.0370
Epoch 1779/3000:
--------
Negative ELBO: 215.0835 | Recon Loss: 192.6509 | KL: 28.0407
Epoch 1780/3000:
--------
Negative ELBO: 215.0298 | Recon Loss: 192.5960 | KL: 28.0422
Negative ELBO: 214.4404 | Recon Loss: 192.0179 | KL: 28.0282
Epoch 1781/3000:
--------
Negative ELBO: 215.1034 | Recon Loss: 192.6629 | KL: 28.0506
Epoch 1782/3000:
--------
Negative ELBO: 215.0443 | Recon Loss: 192.6094 | KL: 28.0436
Epoch 1783/3000:
--------
Negative ELBO: 215.0374 | Recon Loss: 192.6049 | KL: 28.0406
Epoch 1784/3000:
--------
Negative ELBO: 215.0500 | Recon Loss: 192.6077 | KL: 28.0530
Epoch 1785/3000:
--------
Negative ELBO: 215.0334 | Recon Loss: 192.5902 | KL: 28.0540
Negative ELBO: 214.6756 | Recon Loss: 192.2645 | KL: 28.0139
Epoch 1786/3000:
--------
Negative ELBO: 214.9767 | Recon Loss: 192.5426 | KL: 28.0426
Epoch 1787/3000:
--------
Negative ELBO: 214.9854 | Recon Loss: 192.5352 | KL: 28.0627
Epoch 1788/3000:
--------
Negative ELBO: 215.0023 | Recon Loss: 192.5608 | KL: 28.0519
Epoch 1789/3000:
--------
Negative ELBO: 215.0951 | Recon Loss: 192.6635 | KL: 28.0396
Epoch 1790/3000:
--------
Negative ELBO: 215.0692 | Recon Loss: 192.6365 | KL: 28.0408
Negative ELBO: 214.3956 | Recon Loss: 191.9802 | KL: 28.0192
Epoch 1791/3000:
--------
Negative ELBO: 214.9789 | Recon Loss: 192.5542 | KL: 28.0308
Epoch 1792/3000:
--------
Negative ELBO: 214.8645 | Recon Loss: 192.4217 | KL: 28.0535
Epoch 1793/3000:
--------
Negative ELBO: 215.0418 | Recon Loss: 192.6071 | KL: 28.0434
Epoch 1794/3000:
--------
Negative ELBO: 215.0980 | Recon Loss: 192.6603 | KL: 28.0471
Epoch 1795/3000:
--------
Negative ELBO: 214.9728 | Recon Loss: 192.5367 | KL: 28.0452
Negative ELBO: 214.5382 | Recon Loss: 192.0931 | KL: 28.0564
Epoch 1796/3000:
--------
Negative ELBO: 215.1267 | Recon Loss: 192.7007 | KL: 28.0325
Epoch 1797/3000:
--------
Negative ELBO: 215.0006 | Recon Loss: 192.5731 | KL: 28.0344
Epoch 1798/3000:
--------
Negative ELBO: 214.9938 | Recon Loss: 192.5657 | KL: 28.0350
Epoch 1799/3000:
--------
Negative ELBO: 215.0300 | Recon Loss: 192.5873 | KL: 28.0534
Epoch 1800/3000:
--------
Negative ELBO: 215.0038 | Recon Loss: 192.5615 | KL: 28.0529
Negative ELBO: 214.3926 | Recon Loss: 191.9274 | KL: 28.0816
Epoch 1801/3000:
--------
Negative ELBO: 215.1478 | Recon Loss: 192.7127 | KL: 28.0439
Epoch 1802/3000:
--------
Negative ELBO: 214.9108 | Recon Loss: 192.4640 | KL: 28.0585
Epoch 1803/3000:
--------
Negative ELBO: 215.1665 | Recon Loss: 192.7385 | KL: 28.0350
Epoch 1804/3000:
--------
Negative ELBO: 215.1811 | Recon Loss: 192.7410 | KL: 28.0501
Epoch 1805/3000:
--------
Negative ELBO: 215.1380 | Recon Loss: 192.7124 | KL: 28.0320
Negative ELBO: 214.6636 | Recon Loss: 192.2603 | KL: 28.0042
Epoch 1806/3000:
--------
Negative ELBO: 215.0699 | Recon Loss: 192.6281 | KL: 28.0522
Epoch 1807/3000:
--------
Negative ELBO: 214.9624 | Recon Loss: 192.5243 | KL: 28.0476
Epoch 1808/3000:
--------
Negative ELBO: 215.0135 | Recon Loss: 192.5874 | KL: 28.0326
Epoch 1809/3000:
--------
Negative ELBO: 215.0505 | Recon Loss: 192.6130 | KL: 28.0469
Epoch 1810/3000:
--------
Negative ELBO: 215.1371 | Recon Loss: 192.7170 | KL: 28.0250
Negative ELBO: 214.4043 | Recon Loss: 191.9642 | KL: 28.0501
Epoch 1811/3000:
--------
Negative ELBO: 215.0524 | Recon Loss: 192.6105 | KL: 28.0524
Epoch 1812/3000:
--------
Negative ELBO: 215.0539 | Recon Loss: 192.6246 | KL: 28.0366
Epoch 1813/3000:
--------
Negative ELBO: 214.9980 | Recon Loss: 192.5515 | KL: 28.0581
Epoch 1814/3000:
--------
Negative ELBO: 214.9949 | Recon Loss: 192.5619 | KL: 28.0412
Epoch 1815/3000:
--------
Negative ELBO: 214.9475 | Recon Loss: 192.5121 | KL: 28.0443
Negative ELBO: 214.7681 | Recon Loss: 192.3740 | KL: 27.9926
Epoch 1816/3000:
--------
Negative ELBO: 215.1134 | Recon Loss: 192.6798 | KL: 28.0421
Epoch 1817/3000:
--------
Negative ELBO: 215.0210 | Recon Loss: 192.5754 | KL: 28.0570
Epoch 1818/3000:
--------
Negative ELBO: 215.0540 | Recon Loss: 192.6222 | KL: 28.0398
Epoch 1819/3000:
--------
Negative ELBO: 215.0852 | Recon Loss: 192.6493 | KL: 28.0449
Epoch 1820/3000:
--------
Negative ELBO: 215.0561 | Recon Loss: 192.6255 | KL: 28.0382
Negative ELBO: 214.3924 | Recon Loss: 191.9591 | KL: 28.0416
Epoch 1821/3000:
--------
Negative ELBO: 215.0242 | Recon Loss: 192.5790 | KL: 28.0566
Epoch 1822/3000:
--------
Negative ELBO: 215.0639 | Recon Loss: 192.6187 | KL: 28.0564
Epoch 1823/3000:
--------
Negative ELBO: 215.0169 | Recon Loss: 192.5801 | KL: 28.0459
Epoch 1824/3000:
--------
Negative ELBO: 215.0274 | Recon Loss: 192.5913 | KL: 28.0451
Epoch 1825/3000:
--------
Negative ELBO: 215.0388 | Recon Loss: 192.6067 | KL: 28.0401
Negative ELBO: 214.5029 | Recon Loss: 192.0815 | KL: 28.0268
Epoch 1826/3000:
--------
Negative ELBO: 214.9773 | Recon Loss: 192.5318 | KL: 28.0568
Epoch 1827/3000:
--------
Negative ELBO: 214.9419 | Recon Loss: 192.5061 | KL: 28.0448
Epoch 1828/3000:
--------
Negative ELBO: 215.1448 | Recon Loss: 192.7075 | KL: 28.0466
Epoch 1829/3000:
--------
Negative ELBO: 215.0514 | Recon Loss: 192.6183 | KL: 28.0415
Epoch 1830/3000:
--------
Negative ELBO: 214.9743 | Recon Loss: 192.5420 | KL: 28.0403
Negative ELBO: 214.6815 | Recon Loss: 192.2510 | KL: 28.0382
Epoch 1831/3000:
--------
Negative ELBO: 215.0246 | Recon Loss: 192.5914 | KL: 28.0415
Epoch 1832/3000:
--------
Negative ELBO: 214.9802 | Recon Loss: 192.5466 | KL: 28.0419
Epoch 1833/3000:
--------
Negative ELBO: 215.0376 | Recon Loss: 192.6156 | KL: 28.0275
Epoch 1834/3000:
--------
Negative ELBO: 215.0389 | Recon Loss: 192.5984 | KL: 28.0506
Epoch 1835/3000:
--------
Negative ELBO: 215.0033 | Recon Loss: 192.5718 | KL: 28.0393
Negative ELBO: 214.5308 | Recon Loss: 192.0879 | KL: 28.0535
Epoch 1836/3000:
--------
Negative ELBO: 214.9746 | Recon Loss: 192.5378 | KL: 28.0460
Epoch 1837/3000:
--------
Negative ELBO: 215.0655 | Recon Loss: 192.6203 | KL: 28.0564
Epoch 1838/3000:
--------
Negative ELBO: 214.8889 | Recon Loss: 192.4452 | KL: 28.0546
Epoch 1839/3000:
--------
Negative ELBO: 215.0410 | Recon Loss: 192.6087 | KL: 28.0403
Epoch 1840/3000:
--------
Negative ELBO: 215.0299 | Recon Loss: 192.5875 | KL: 28.0530
Negative ELBO: 214.3321 | Recon Loss: 191.8870 | KL: 28.0563
Epoch 1841/3000:
--------
Negative ELBO: 215.0067 | Recon Loss: 192.5678 | KL: 28.0487
Epoch 1842/3000:
--------
Negative ELBO: 215.0345 | Recon Loss: 192.6067 | KL: 28.0347
Epoch 1843/3000:
--------
Negative ELBO: 214.9299 | Recon Loss: 192.4763 | KL: 28.0670
Epoch 1844/3000:
--------
Negative ELBO: 214.9512 | Recon Loss: 192.5128 | KL: 28.0480
Epoch 1845/3000:
--------
Negative ELBO: 214.9606 | Recon Loss: 192.5176 | KL: 28.0537
Negative ELBO: 214.5290 | Recon Loss: 192.0765 | KL: 28.0657
Epoch 1846/3000:
--------
Negative ELBO: 215.0504 | Recon Loss: 192.6223 | KL: 28.0351
Epoch 1847/3000:
--------
Negative ELBO: 215.0571 | Recon Loss: 192.6240 | KL: 28.0414
Epoch 1848/3000:
--------
Negative ELBO: 215.0038 | Recon Loss: 192.5643 | KL: 28.0495
Epoch 1849/3000:
--------
Negative ELBO: 215.0010 | Recon Loss: 192.5597 | KL: 28.0515
Epoch 1850/3000:
--------
Negative ELBO: 215.0655 | Recon Loss: 192.6240 | KL: 28.0518
Negative ELBO: 214.4887 | Recon Loss: 192.0520 | KL: 28.0459
Epoch 1851/3000:
--------
Negative ELBO: 215.0086 | Recon Loss: 192.5674 | KL: 28.0515
Epoch 1852/3000:
--------
Negative ELBO: 214.9018 | Recon Loss: 192.4541 | KL: 28.0595
Epoch 1853/3000:
--------
Negative ELBO: 215.0926 | Recon Loss: 192.6657 | KL: 28.0337
Epoch 1854/3000:
--------
Negative ELBO: 214.9971 | Recon Loss: 192.5503 | KL: 28.0585
Epoch 1855/3000:
--------
Negative ELBO: 214.9600 | Recon Loss: 192.5054 | KL: 28.0683
Negative ELBO: 214.4717 | Recon Loss: 192.0290 | KL: 28.0534
Epoch 1856/3000:
--------
Negative ELBO: 215.0637 | Recon Loss: 192.6183 | KL: 28.0569
Epoch 1857/3000:
--------
Negative ELBO: 214.9810 | Recon Loss: 192.5383 | KL: 28.0533
Epoch 1858/3000:
--------
Negative ELBO: 215.1769 | Recon Loss: 192.7452 | KL: 28.0396
Epoch 1859/3000:
--------
Negative ELBO: 215.0197 | Recon Loss: 192.5850 | KL: 28.0433
Epoch 1860/3000:
--------
Negative ELBO: 215.0340 | Recon Loss: 192.6005 | KL: 28.0418
Negative ELBO: 214.2333 | Recon Loss: 191.7999 | KL: 28.0417
Epoch 1861/3000:
--------
Negative ELBO: 215.0961 | Recon Loss: 192.6574 | KL: 28.0483
Epoch 1862/3000:
--------
Negative ELBO: 214.9622 | Recon Loss: 192.5256 | KL: 28.0456
Epoch 1863/3000:
--------
Negative ELBO: 214.9472 | Recon Loss: 192.5050 | KL: 28.0527
Epoch 1864/3000:
--------
Negative ELBO: 214.9243 | Recon Loss: 192.4843 | KL: 28.0500
Epoch 1865/3000:
--------
Negative ELBO: 215.0157 | Recon Loss: 192.5926 | KL: 28.0288
Negative ELBO: 214.2834 | Recon Loss: 191.8362 | KL: 28.0591
Epoch 1866/3000:
--------
Negative ELBO: 215.0939 | Recon Loss: 192.6638 | KL: 28.0376
Epoch 1867/3000:
--------
Negative ELBO: 214.9703 | Recon Loss: 192.5383 | KL: 28.0400
Epoch 1868/3000:
--------
Negative ELBO: 215.0333 | Recon Loss: 192.6007 | KL: 28.0408
Epoch 1869/3000:
--------
Negative ELBO: 214.9842 | Recon Loss: 192.5330 | KL: 28.0640
Epoch 1870/3000:
--------
Negative ELBO: 214.9811 | Recon Loss: 192.5518 | KL: 28.0366
Negative ELBO: 214.4372 | Recon Loss: 192.0254 | KL: 28.0147
Epoch 1871/3000:
--------
Negative ELBO: 215.0784 | Recon Loss: 192.6540 | KL: 28.0305
Epoch 1872/3000:
--------
Negative ELBO: 214.9406 | Recon Loss: 192.5015 | KL: 28.0488
Epoch 1873/3000:
--------
Negative ELBO: 214.9585 | Recon Loss: 192.5333 | KL: 28.0314
Epoch 1874/3000:
--------
Negative ELBO: 215.0338 | Recon Loss: 192.5910 | KL: 28.0534
Epoch 1875/3000:
--------
Negative ELBO: 214.9514 | Recon Loss: 192.5453 | KL: 28.0077
Negative ELBO: 214.5237 | Recon Loss: 192.1158 | KL: 28.0099
Epoch 1876/3000:
--------
Negative ELBO: 214.8960 | Recon Loss: 192.4651 | KL: 28.0387
Epoch 1877/3000:
--------
Negative ELBO: 215.0399 | Recon Loss: 192.6155 | KL: 28.0306
Epoch 1878/3000:
--------
Negative ELBO: 215.0163 | Recon Loss: 192.5848 | KL: 28.0394
Epoch 1879/3000:
--------
Negative ELBO: 214.8874 | Recon Loss: 192.4515 | KL: 28.0449
Epoch 1880/3000:
--------
Negative ELBO: 214.9123 | Recon Loss: 192.4761 | KL: 28.0452
Negative ELBO: 214.6551 | Recon Loss: 192.2376 | KL: 28.0218
Epoch 1881/3000:
--------
Negative ELBO: 214.9107 | Recon Loss: 192.4784 | KL: 28.0403
Epoch 1882/3000:
--------
Negative ELBO: 214.9420 | Recon Loss: 192.5096 | KL: 28.0406
Epoch 1883/3000:
--------
Negative ELBO: 214.9895 | Recon Loss: 192.5673 | KL: 28.0278
Epoch 1884/3000:
--------
Negative ELBO: 214.9207 | Recon Loss: 192.4971 | KL: 28.0296
Epoch 1885/3000:
--------
Negative ELBO: 214.9504 | Recon Loss: 192.5447 | KL: 28.0071
Negative ELBO: 214.4318 | Recon Loss: 192.0014 | KL: 28.0380
Epoch 1886/3000:
--------
Negative ELBO: 214.9279 | Recon Loss: 192.4991 | KL: 28.0359
Epoch 1887/3000:
--------
Negative ELBO: 214.9629 | Recon Loss: 192.5505 | KL: 28.0156
Epoch 1888/3000:
--------
Negative ELBO: 214.9394 | Recon Loss: 192.5036 | KL: 28.0448
Epoch 1889/3000:
--------
Negative ELBO: 215.0671 | Recon Loss: 192.6463 | KL: 28.0260
Epoch 1890/3000:
--------
Negative ELBO: 214.9216 | Recon Loss: 192.4997 | KL: 28.0274
Negative ELBO: 214.2840 | Recon Loss: 191.8682 | KL: 28.0198
Epoch 1891/3000:
--------
Negative ELBO: 215.0408 | Recon Loss: 192.6266 | KL: 28.0178
Epoch 1892/3000:
--------
Negative ELBO: 214.9279 | Recon Loss: 192.5025 | KL: 28.0318
Epoch 1893/3000:
--------
Negative ELBO: 214.9653 | Recon Loss: 192.5497 | KL: 28.0196
Epoch 1894/3000:
--------
Negative ELBO: 215.0680 | Recon Loss: 192.6369 | KL: 28.0389
Epoch 1895/3000:
--------
Negative ELBO: 214.9241 | Recon Loss: 192.4909 | KL: 28.0415
Negative ELBO: 214.2861 | Recon Loss: 191.8836 | KL: 28.0031
Epoch 1896/3000:
--------
Negative ELBO: 215.0074 | Recon Loss: 192.5902 | KL: 28.0214
Epoch 1897/3000:
--------
Negative ELBO: 214.9784 | Recon Loss: 192.5534 | KL: 28.0313
Epoch 1898/3000:
--------
Negative ELBO: 215.0150 | Recon Loss: 192.5858 | KL: 28.0365
Epoch 1899/3000:
--------
Negative ELBO: 214.9907 | Recon Loss: 192.5734 | KL: 28.0216
Epoch 1900/3000:
--------
Negative ELBO: 215.0041 | Recon Loss: 192.5743 | KL: 28.0373
Negative ELBO: 214.4243 | Recon Loss: 192.0315 | KL: 27.9910
Epoch 1901/3000:
--------
Negative ELBO: 214.9446 | Recon Loss: 192.5025 | KL: 28.0526
Epoch 1902/3000:
--------
Negative ELBO: 215.0325 | Recon Loss: 192.6181 | KL: 28.0181
Epoch 1903/3000:
--------
Negative ELBO: 214.9330 | Recon Loss: 192.5105 | KL: 28.0281
Epoch 1904/3000:
--------
Negative ELBO: 214.9729 | Recon Loss: 192.5530 | KL: 28.0248
Epoch 1905/3000:
--------
Negative ELBO: 214.9851 | Recon Loss: 192.5644 | KL: 28.0259
Negative ELBO: 214.6952 | Recon Loss: 192.2681 | KL: 28.0339
Epoch 1906/3000:
--------
Negative ELBO: 214.9498 | Recon Loss: 192.5251 | KL: 28.0309
Epoch 1907/3000:
--------
Negative ELBO: 215.0063 | Recon Loss: 192.5752 | KL: 28.0389
Epoch 1908/3000:
--------
Negative ELBO: 215.0226 | Recon Loss: 192.6037 | KL: 28.0237
Epoch 1909/3000:
--------
Negative ELBO: 215.0304 | Recon Loss: 192.5921 | KL: 28.0479
Epoch 1910/3000:
--------
Negative ELBO: 215.0274 | Recon Loss: 192.5880 | KL: 28.0493
Negative ELBO: 214.4168 | Recon Loss: 192.0026 | KL: 28.0177
Epoch 1911/3000:
--------
Negative ELBO: 214.9340 | Recon Loss: 192.4996 | KL: 28.0431
Epoch 1912/3000:
--------
Negative ELBO: 215.0326 | Recon Loss: 192.5970 | KL: 28.0445
Epoch 1913/3000:
--------
Negative ELBO: 214.9683 | Recon Loss: 192.5405 | KL: 28.0347
Epoch 1914/3000:
--------
Negative ELBO: 214.9505 | Recon Loss: 192.5150 | KL: 28.0444
Epoch 1915/3000:
--------
Negative ELBO: 214.9338 | Recon Loss: 192.5030 | KL: 28.0386
Negative ELBO: 214.1683 | Recon Loss: 191.7300 | KL: 28.0479
Epoch 1916/3000:
--------
Negative ELBO: 214.9547 | Recon Loss: 192.5170 | KL: 28.0471
Epoch 1917/3000:
--------
Negative ELBO: 214.9807 | Recon Loss: 192.5445 | KL: 28.0452
Epoch 1918/3000:
--------
Negative ELBO: 214.9442 | Recon Loss: 192.5210 | KL: 28.0290
Epoch 1919/3000:
--------
Negative ELBO: 215.0362 | Recon Loss: 192.6095 | KL: 28.0334
Epoch 1920/3000:
--------
Negative ELBO: 214.9538 | Recon Loss: 192.5128 | KL: 28.0513
Negative ELBO: 214.3626 | Recon Loss: 191.9080 | KL: 28.0682
Epoch 1921/3000:
--------
Negative ELBO: 214.9749 | Recon Loss: 192.5496 | KL: 28.0317
Epoch 1922/3000:
--------
Negative ELBO: 214.9157 | Recon Loss: 192.4784 | KL: 28.0466
Epoch 1923/3000:
--------
Negative ELBO: 214.9935 | Recon Loss: 192.5590 | KL: 28.0431
Epoch 1924/3000:
--------
Negative ELBO: 214.9296 | Recon Loss: 192.5026 | KL: 28.0338
Epoch 1925/3000:
--------
Negative ELBO: 214.9261 | Recon Loss: 192.4917 | KL: 28.0429
Negative ELBO: 214.4830 | Recon Loss: 192.0608 | KL: 28.0277
Epoch 1926/3000:
--------
Negative ELBO: 214.9214 | Recon Loss: 192.4893 | KL: 28.0401
Epoch 1927/3000:
--------
Negative ELBO: 214.9492 | Recon Loss: 192.5086 | KL: 28.0507
Epoch 1928/3000:
--------
Negative ELBO: 214.9037 | Recon Loss: 192.4707 | KL: 28.0413
Epoch 1929/3000:
--------
Negative ELBO: 214.9290 | Recon Loss: 192.4888 | KL: 28.0503
Epoch 1930/3000:
--------
Negative ELBO: 214.9914 | Recon Loss: 192.5470 | KL: 28.0555
Negative ELBO: 214.4349 | Recon Loss: 192.0097 | KL: 28.0315
Epoch 1931/3000:
--------
Negative ELBO: 214.9898 | Recon Loss: 192.5379 | KL: 28.0650
Epoch 1932/3000:
--------
Negative ELBO: 215.0182 | Recon Loss: 192.5741 | KL: 28.0552
Epoch 1933/3000:
--------
Negative ELBO: 214.9755 | Recon Loss: 192.5359 | KL: 28.0496
Epoch 1934/3000:
--------
Negative ELBO: 214.9842 | Recon Loss: 192.5454 | KL: 28.0485
Epoch 1935/3000:
--------
Negative ELBO: 214.9644 | Recon Loss: 192.5157 | KL: 28.0609
Negative ELBO: 214.6040 | Recon Loss: 192.1652 | KL: 28.0485
Epoch 1936/3000:
--------
Negative ELBO: 214.9501 | Recon Loss: 192.5222 | KL: 28.0349
Epoch 1937/3000:
--------
Negative ELBO: 214.9083 | Recon Loss: 192.4832 | KL: 28.0314
Epoch 1938/3000:
--------
Negative ELBO: 215.0263 | Recon Loss: 192.5972 | KL: 28.0363
Epoch 1939/3000:
--------
Negative ELBO: 215.0283 | Recon Loss: 192.5927 | KL: 28.0445
Epoch 1940/3000:
--------
Negative ELBO: 214.9164 | Recon Loss: 192.4789 | KL: 28.0468
Negative ELBO: 214.4526 | Recon Loss: 192.0334 | KL: 28.0240
Epoch 1941/3000:
--------
Negative ELBO: 214.9801 | Recon Loss: 192.5564 | KL: 28.0297
Epoch 1942/3000:
--------
Negative ELBO: 214.9669 | Recon Loss: 192.5206 | KL: 28.0579
Epoch 1943/3000:
--------
Negative ELBO: 214.9416 | Recon Loss: 192.5038 | KL: 28.0472
Epoch 1944/3000:
--------
Negative ELBO: 214.8680 | Recon Loss: 192.4270 | KL: 28.0513
Epoch 1945/3000:
--------
Negative ELBO: 215.0047 | Recon Loss: 192.5702 | KL: 28.0431
Negative ELBO: 214.6786 | Recon Loss: 192.2598 | KL: 28.0235
Epoch 1946/3000:
--------
Negative ELBO: 214.9863 | Recon Loss: 192.5518 | KL: 28.0432
Epoch 1947/3000:
--------
Negative ELBO: 214.9835 | Recon Loss: 192.5580 | KL: 28.0319
Epoch 1948/3000:
--------
Negative ELBO: 215.0124 | Recon Loss: 192.5796 | KL: 28.0410
Epoch 1949/3000:
--------
Negative ELBO: 214.9522 | Recon Loss: 192.5097 | KL: 28.0532
Epoch 1950/3000:
--------
Negative ELBO: 215.0161 | Recon Loss: 192.5836 | KL: 28.0407
Negative ELBO: 214.6292 | Recon Loss: 192.2076 | KL: 28.0270
Epoch 1951/3000:
--------
Negative ELBO: 215.0162 | Recon Loss: 192.5827 | KL: 28.0419
Epoch 1952/3000:
--------
Negative ELBO: 215.0534 | Recon Loss: 192.6097 | KL: 28.0546
Epoch 1953/3000:
--------
Negative ELBO: 214.9345 | Recon Loss: 192.5090 | KL: 28.0318
Epoch 1954/3000:
--------
Negative ELBO: 214.9934 | Recon Loss: 192.5506 | KL: 28.0534
Epoch 1955/3000:
--------
Negative ELBO: 214.9940 | Recon Loss: 192.5575 | KL: 28.0457
Negative ELBO: 214.4874 | Recon Loss: 192.0826 | KL: 28.0060
Epoch 1956/3000:
--------
Negative ELBO: 215.0328 | Recon Loss: 192.6114 | KL: 28.0268
Epoch 1957/3000:
--------
Negative ELBO: 214.9034 | Recon Loss: 192.4719 | KL: 28.0394
Epoch 1958/3000:
--------
Negative ELBO: 214.9964 | Recon Loss: 192.5741 | KL: 28.0279
Epoch 1959/3000:
--------
Negative ELBO: 214.9292 | Recon Loss: 192.4904 | KL: 28.0485
Epoch 1960/3000:
--------
Negative ELBO: 214.9823 | Recon Loss: 192.5524 | KL: 28.0374
Negative ELBO: 214.3143 | Recon Loss: 191.8665 | KL: 28.0597
Epoch 1961/3000:
--------
Negative ELBO: 214.8927 | Recon Loss: 192.4719 | KL: 28.0260
Epoch 1962/3000:
--------
Negative ELBO: 215.0029 | Recon Loss: 192.5802 | KL: 28.0284
Epoch 1963/3000:
--------
Negative ELBO: 214.9800 | Recon Loss: 192.5519 | KL: 28.0351
Epoch 1964/3000:
--------
Negative ELBO: 214.8848 | Recon Loss: 192.4541 | KL: 28.0383
Epoch 1965/3000:
--------
Negative ELBO: 215.0074 | Recon Loss: 192.5736 | KL: 28.0422
Negative ELBO: 214.3872 | Recon Loss: 191.9684 | KL: 28.0235
Epoch 1966/3000:
--------
Negative ELBO: 214.9009 | Recon Loss: 192.4800 | KL: 28.0261
Epoch 1967/3000:
--------
Negative ELBO: 214.8840 | Recon Loss: 192.4507 | KL: 28.0416
Epoch 1968/3000:
--------
Negative ELBO: 214.9908 | Recon Loss: 192.5624 | KL: 28.0355
Epoch 1969/3000:
--------
Negative ELBO: 214.9837 | Recon Loss: 192.5675 | KL: 28.0203
Epoch 1970/3000:
--------
Negative ELBO: 214.9043 | Recon Loss: 192.4825 | KL: 28.0273
Negative ELBO: 214.2867 | Recon Loss: 191.8809 | KL: 28.0073
Epoch 1971/3000:
--------
Negative ELBO: 214.9757 | Recon Loss: 192.5469 | KL: 28.0360
Epoch 1972/3000:
--------
Negative ELBO: 215.0096 | Recon Loss: 192.5702 | KL: 28.0492
Epoch 1973/3000:
--------
Negative ELBO: 214.9696 | Recon Loss: 192.5415 | KL: 28.0351
Epoch 1974/3000:
--------
Negative ELBO: 214.9506 | Recon Loss: 192.5233 | KL: 28.0341
Epoch 1975/3000:
--------
Negative ELBO: 215.0477 | Recon Loss: 192.6316 | KL: 28.0201
Negative ELBO: 214.5482 | Recon Loss: 192.1377 | KL: 28.0131
Epoch 1976/3000:
--------
Negative ELBO: 215.0151 | Recon Loss: 192.6057 | KL: 28.0118
Epoch 1977/3000:
--------
Negative ELBO: 214.9457 | Recon Loss: 192.5144 | KL: 28.0391
Epoch 1978/3000:
--------
Negative ELBO: 215.0578 | Recon Loss: 192.6313 | KL: 28.0331
Epoch 1979/3000:
--------
Negative ELBO: 214.9586 | Recon Loss: 192.5278 | KL: 28.0386
Epoch 1980/3000:
--------
Negative ELBO: 214.9199 | Recon Loss: 192.4907 | KL: 28.0364
Negative ELBO: 214.5281 | Recon Loss: 192.0945 | KL: 28.0420
Epoch 1981/3000:
--------
Negative ELBO: 215.0103 | Recon Loss: 192.5974 | KL: 28.0162
Epoch 1982/3000:
--------
Negative ELBO: 215.1227 | Recon Loss: 192.7028 | KL: 28.0249
Epoch 1983/3000:
--------
Negative ELBO: 214.9490 | Recon Loss: 192.5191 | KL: 28.0374
Epoch 1984/3000:
--------
Negative ELBO: 214.8585 | Recon Loss: 192.4209 | KL: 28.0470
Epoch 1985/3000:
--------
Negative ELBO: 214.9510 | Recon Loss: 192.5200 | KL: 28.0387
Negative ELBO: 214.3845 | Recon Loss: 191.9522 | KL: 28.0404
Epoch 1986/3000:
--------
Negative ELBO: 214.9625 | Recon Loss: 192.5300 | KL: 28.0406
Epoch 1987/3000:
--------
Negative ELBO: 215.1418 | Recon Loss: 192.7343 | KL: 28.0093
Epoch 1988/3000:
--------
Negative ELBO: 214.9397 | Recon Loss: 192.5215 | KL: 28.0228
Epoch 1989/3000:
--------
Negative ELBO: 214.9795 | Recon Loss: 192.5402 | KL: 28.0491
Epoch 1990/3000:
--------
Negative ELBO: 214.9560 | Recon Loss: 192.5427 | KL: 28.0166
Negative ELBO: 214.4156 | Recon Loss: 192.0138 | KL: 28.0022
Epoch 1991/3000:
--------
Negative ELBO: 214.9236 | Recon Loss: 192.4953 | KL: 28.0353
Epoch 1992/3000:
--------
Negative ELBO: 214.9902 | Recon Loss: 192.5685 | KL: 28.0271
Epoch 1993/3000:
--------
Negative ELBO: 214.9244 | Recon Loss: 192.5102 | KL: 28.0177
Epoch 1994/3000:
--------
Negative ELBO: 215.0224 | Recon Loss: 192.6079 | KL: 28.0181
Epoch 1995/3000:
--------
Negative ELBO: 214.9409 | Recon Loss: 192.5139 | KL: 28.0338
Negative ELBO: 214.6583 | Recon Loss: 192.2396 | KL: 28.0234
Epoch 1996/3000:
--------
Negative ELBO: 214.9150 | Recon Loss: 192.4826 | KL: 28.0406
Epoch 1997/3000:
--------
Negative ELBO: 214.9440 | Recon Loss: 192.5180 | KL: 28.0325
Epoch 1998/3000:
--------
Negative ELBO: 214.9003 | Recon Loss: 192.4840 | KL: 28.0203
Epoch 1999/3000:
--------
Negative ELBO: 215.0016 | Recon Loss: 192.5754 | KL: 28.0328
Epoch 2000/3000:
--------
Negative ELBO: 214.9958 | Recon Loss: 192.5747 | KL: 28.0263
Negative ELBO: 214.4546 | Recon Loss: 192.0374 | KL: 28.0215
Epoch 2001/3000:
--------
Negative ELBO: 215.0400 | Recon Loss: 192.6199 | KL: 28.0251
Epoch 2002/3000:
--------
Negative ELBO: 215.0357 | Recon Loss: 192.6129 | KL: 28.0286
Epoch 2003/3000:
--------
Negative ELBO: 214.9509 | Recon Loss: 192.5345 | KL: 28.0206
Epoch 2004/3000:
--------
Negative ELBO: 214.9301 | Recon Loss: 192.5011 | KL: 28.0363
Epoch 2005/3000:
--------
Negative ELBO: 215.0673 | Recon Loss: 192.6471 | KL: 28.0253
Negative ELBO: 214.6321 | Recon Loss: 192.2391 | KL: 27.9913
Epoch 2006/3000:
--------
Negative ELBO: 214.9996 | Recon Loss: 192.5758 | KL: 28.0297
Epoch 2007/3000:
--------
Negative ELBO: 215.0106 | Recon Loss: 192.5796 | KL: 28.0387
Epoch 2008/3000:
--------
Negative ELBO: 215.0047 | Recon Loss: 192.5828 | KL: 28.0273
Epoch 2009/3000:
--------
Negative ELBO: 214.9141 | Recon Loss: 192.4996 | KL: 28.0181
Epoch 2010/3000:
--------
Negative ELBO: 214.9213 | Recon Loss: 192.4959 | KL: 28.0317
Negative ELBO: 214.5451 | Recon Loss: 192.1411 | KL: 28.0049
Epoch 2011/3000:
--------
Negative ELBO: 214.9013 | Recon Loss: 192.4758 | KL: 28.0319
Epoch 2012/3000:
--------
Negative ELBO: 215.0647 | Recon Loss: 192.6467 | KL: 28.0226
Epoch 2013/3000:
--------
Negative ELBO: 214.9537 | Recon Loss: 192.5238 | KL: 28.0373
Epoch 2014/3000:
--------
Negative ELBO: 215.0119 | Recon Loss: 192.5800 | KL: 28.0399
Epoch 2015/3000:
--------
Negative ELBO: 214.9592 | Recon Loss: 192.5391 | KL: 28.0251
Negative ELBO: 214.3884 | Recon Loss: 191.9534 | KL: 28.0437
Epoch 2016/3000:
--------
Negative ELBO: 214.9541 | Recon Loss: 192.5285 | KL: 28.0320
Epoch 2017/3000:
--------
Negative ELBO: 214.9570 | Recon Loss: 192.5381 | KL: 28.0236
Epoch 2018/3000:
--------
Negative ELBO: 214.9934 | Recon Loss: 192.5624 | KL: 28.0388
Epoch 2019/3000:
--------
Negative ELBO: 214.9440 | Recon Loss: 192.5218 | KL: 28.0278
Epoch 2020/3000:
--------
Negative ELBO: 214.9064 | Recon Loss: 192.4804 | KL: 28.0325
Negative ELBO: 214.5520 | Recon Loss: 192.1443 | KL: 28.0097
Epoch 2021/3000:
--------
Negative ELBO: 214.9248 | Recon Loss: 192.5078 | KL: 28.0213
Epoch 2022/3000:
--------
Negative ELBO: 214.9729 | Recon Loss: 192.5608 | KL: 28.0152
Epoch 2023/3000:
--------
Negative ELBO: 215.0207 | Recon Loss: 192.6064 | KL: 28.0178
Epoch 2024/3000:
--------
Negative ELBO: 214.9467 | Recon Loss: 192.5184 | KL: 28.0354
Epoch 2025/3000:
--------
Negative ELBO: 214.9796 | Recon Loss: 192.5458 | KL: 28.0422
Negative ELBO: 214.6799 | Recon Loss: 192.2967 | KL: 27.9790
Epoch 2026/3000:
--------
Negative ELBO: 215.0185 | Recon Loss: 192.6007 | KL: 28.0223
Epoch 2027/3000:
--------
Negative ELBO: 215.0367 | Recon Loss: 192.6205 | KL: 28.0202
Epoch 2028/3000:
--------
Negative ELBO: 214.9559 | Recon Loss: 192.5252 | KL: 28.0384
Epoch 2029/3000:
--------
Negative ELBO: 215.0570 | Recon Loss: 192.6400 | KL: 28.0213
Epoch 2030/3000:
--------
Negative ELBO: 214.8925 | Recon Loss: 192.4646 | KL: 28.0349
Negative ELBO: 214.2290 | Recon Loss: 191.7798 | KL: 28.0615
Epoch 2031/3000:
--------
Negative ELBO: 215.0268 | Recon Loss: 192.6132 | KL: 28.0171
Epoch 2032/3000:
--------
Negative ELBO: 215.0257 | Recon Loss: 192.6034 | KL: 28.0280
Epoch 2033/3000:
--------
Negative ELBO: 214.9676 | Recon Loss: 192.5432 | KL: 28.0305
Epoch 2034/3000:
--------
Negative ELBO: 214.9565 | Recon Loss: 192.5411 | KL: 28.0193
Epoch 2035/3000:
--------
Negative ELBO: 214.9752 | Recon Loss: 192.5443 | KL: 28.0386
Negative ELBO: 214.4505 | Recon Loss: 192.0518 | KL: 27.9984
Epoch 2036/3000:
--------
Negative ELBO: 214.9490 | Recon Loss: 192.5185 | KL: 28.0381
Epoch 2037/3000:
--------
Negative ELBO: 214.9742 | Recon Loss: 192.5590 | KL: 28.0190
Epoch 2038/3000:
--------
Negative ELBO: 214.9898 | Recon Loss: 192.5906 | KL: 27.9989
Epoch 2039/3000:
--------
Negative ELBO: 214.9255 | Recon Loss: 192.5021 | KL: 28.0293
Epoch 2040/3000:
--------
Negative ELBO: 215.0509 | Recon Loss: 192.6381 | KL: 28.0160
Negative ELBO: 214.4134 | Recon Loss: 191.9523 | KL: 28.0763
Epoch 2041/3000:
--------
Negative ELBO: 214.9715 | Recon Loss: 192.5625 | KL: 28.0112
Epoch 2042/3000:
--------
Negative ELBO: 214.9486 | Recon Loss: 192.5218 | KL: 28.0336
Epoch 2043/3000:
--------
Negative ELBO: 214.9534 | Recon Loss: 192.5265 | KL: 28.0336
Epoch 2044/3000:
--------
Negative ELBO: 214.9917 | Recon Loss: 192.5658 | KL: 28.0323
Epoch 2045/3000:
--------
Negative ELBO: 214.9778 | Recon Loss: 192.5581 | KL: 28.0246
Negative ELBO: 214.4773 | Recon Loss: 192.0773 | KL: 28.0000
Epoch 2046/3000:
--------
Negative ELBO: 215.0304 | Recon Loss: 192.6035 | KL: 28.0337
Epoch 2047/3000:
--------
Negative ELBO: 215.0425 | Recon Loss: 192.6290 | KL: 28.0169
Epoch 2048/3000:
--------
Negative ELBO: 214.9011 | Recon Loss: 192.4878 | KL: 28.0166
Epoch 2049/3000:
--------
Negative ELBO: 214.8928 | Recon Loss: 192.4795 | KL: 28.0166
Epoch 2050/3000:
--------
Negative ELBO: 214.9387 | Recon Loss: 192.5325 | KL: 28.0076
Negative ELBO: 214.4167 | Recon Loss: 191.9904 | KL: 28.0328
Epoch 2051/3000:
--------
Negative ELBO: 215.0118 | Recon Loss: 192.6074 | KL: 28.0055
Epoch 2052/3000:
--------
Negative ELBO: 214.8918 | Recon Loss: 192.4714 | KL: 28.0254
Epoch 2053/3000:
--------
Negative ELBO: 214.9635 | Recon Loss: 192.5394 | KL: 28.0302
Epoch 2054/3000:
--------
Negative ELBO: 214.9969 | Recon Loss: 192.5870 | KL: 28.0124
Epoch 2055/3000:
--------
Negative ELBO: 214.9598 | Recon Loss: 192.5303 | KL: 28.0368
Negative ELBO: 214.3545 | Recon Loss: 191.9408 | KL: 28.0172
Epoch 2056/3000:
--------
Negative ELBO: 214.9452 | Recon Loss: 192.5320 | KL: 28.0165
Epoch 2057/3000:
--------
Negative ELBO: 214.9812 | Recon Loss: 192.5683 | KL: 28.0161
Epoch 2058/3000:
--------
Negative ELBO: 214.7912 | Recon Loss: 192.3528 | KL: 28.0480
Epoch 2059/3000:
--------
Negative ELBO: 215.0074 | Recon Loss: 192.5773 | KL: 28.0376
Epoch 2060/3000:
--------
Negative ELBO: 214.8943 | Recon Loss: 192.4654 | KL: 28.0362
Negative ELBO: 214.6634 | Recon Loss: 192.2546 | KL: 28.0111
Epoch 2061/3000:
--------
Negative ELBO: 214.9254 | Recon Loss: 192.4974 | KL: 28.0351
Epoch 2062/3000:
--------
Negative ELBO: 214.8220 | Recon Loss: 192.3703 | KL: 28.0646
Epoch 2063/3000:
--------
Negative ELBO: 214.9107 | Recon Loss: 192.4790 | KL: 28.0397
Epoch 2064/3000:
--------
Negative ELBO: 214.9486 | Recon Loss: 192.5218 | KL: 28.0335
Epoch 2065/3000:
--------
Negative ELBO: 214.9384 | Recon Loss: 192.5155 | KL: 28.0286
Negative ELBO: 214.6012 | Recon Loss: 192.1802 | KL: 28.0263
Epoch 2066/3000:
--------
Negative ELBO: 214.8672 | Recon Loss: 192.4384 | KL: 28.0360
Epoch 2067/3000:
--------
Negative ELBO: 214.9560 | Recon Loss: 192.5116 | KL: 28.0555
Epoch 2068/3000:
--------
Negative ELBO: 214.8847 | Recon Loss: 192.4618 | KL: 28.0287
Epoch 2069/3000:
--------
Negative ELBO: 214.9027 | Recon Loss: 192.4534 | KL: 28.0616
Epoch 2070/3000:
--------
Negative ELBO: 214.9418 | Recon Loss: 192.5167 | KL: 28.0314
Negative ELBO: 214.5185 | Recon Loss: 192.0672 | KL: 28.0642
Epoch 2071/3000:
--------
Negative ELBO: 214.9858 | Recon Loss: 192.5594 | KL: 28.0330
Epoch 2072/3000:
--------
Negative ELBO: 214.9846 | Recon Loss: 192.5528 | KL: 28.0398
Epoch 2073/3000:
--------
Negative ELBO: 214.9379 | Recon Loss: 192.5055 | KL: 28.0405
Epoch 2074/3000:
--------
Negative ELBO: 214.9225 | Recon Loss: 192.4811 | KL: 28.0518
Epoch 2075/3000:
--------
Negative ELBO: 214.9383 | Recon Loss: 192.5159 | KL: 28.0280
Negative ELBO: 214.4007 | Recon Loss: 191.9628 | KL: 28.0474
Epoch 2076/3000:
--------
Negative ELBO: 214.9729 | Recon Loss: 192.5655 | KL: 28.0092
Epoch 2077/3000:
--------
Negative ELBO: 214.8469 | Recon Loss: 192.4145 | KL: 28.0406
Epoch 2078/3000:
--------
Negative ELBO: 214.9737 | Recon Loss: 192.5494 | KL: 28.0304
Epoch 2079/3000:
--------
Negative ELBO: 214.8728 | Recon Loss: 192.4382 | KL: 28.0432
Epoch 2080/3000:
--------
Negative ELBO: 214.9662 | Recon Loss: 192.5390 | KL: 28.0340
Negative ELBO: 214.2281 | Recon Loss: 191.8212 | KL: 28.0086
Epoch 2081/3000:
--------
Negative ELBO: 214.9570 | Recon Loss: 192.5340 | KL: 28.0287
Epoch 2082/3000:
--------
Negative ELBO: 214.9866 | Recon Loss: 192.5693 | KL: 28.0216
Epoch 2083/3000:
--------
Negative ELBO: 214.9069 | Recon Loss: 192.4649 | KL: 28.0524
Epoch 2084/3000:
--------
Negative ELBO: 214.9213 | Recon Loss: 192.4813 | KL: 28.0500
Epoch 2085/3000:
--------
Negative ELBO: 214.9540 | Recon Loss: 192.5267 | KL: 28.0341
Negative ELBO: 214.4529 | Recon Loss: 192.0477 | KL: 28.0064
Epoch 2086/3000:
--------
Negative ELBO: 214.9987 | Recon Loss: 192.5690 | KL: 28.0371
Epoch 2087/3000:
--------
Negative ELBO: 214.9648 | Recon Loss: 192.5148 | KL: 28.0625
Epoch 2088/3000:
--------
Negative ELBO: 215.0372 | Recon Loss: 192.6035 | KL: 28.0422
Epoch 2089/3000:
--------
Negative ELBO: 215.0275 | Recon Loss: 192.5886 | KL: 28.0486
Epoch 2090/3000:
--------
Negative ELBO: 214.9998 | Recon Loss: 192.5637 | KL: 28.0452
Negative ELBO: 214.5824 | Recon Loss: 192.1706 | KL: 28.0148
Epoch 2091/3000:
--------
Negative ELBO: 214.9961 | Recon Loss: 192.5526 | KL: 28.0543
Epoch 2092/3000:
--------
Negative ELBO: 215.0741 | Recon Loss: 192.6558 | KL: 28.0229
Epoch 2093/3000:
--------
Negative ELBO: 214.9667 | Recon Loss: 192.5284 | KL: 28.0479
Epoch 2094/3000:
--------
Negative ELBO: 214.9219 | Recon Loss: 192.4825 | KL: 28.0492
Epoch 2095/3000:
--------
Negative ELBO: 214.9665 | Recon Loss: 192.5297 | KL: 28.0459
Negative ELBO: 214.5396 | Recon Loss: 192.0837 | KL: 28.0700
Epoch 2096/3000:
--------
Negative ELBO: 215.0421 | Recon Loss: 192.6145 | KL: 28.0346
Epoch 2097/3000:
--------
Negative ELBO: 215.0361 | Recon Loss: 192.6006 | KL: 28.0443
Epoch 2098/3000:
--------
Negative ELBO: 214.9201 | Recon Loss: 192.4813 | KL: 28.0485
Epoch 2099/3000:
--------
Negative ELBO: 214.9382 | Recon Loss: 192.4943 | KL: 28.0549
Epoch 2100/3000:
--------
Negative ELBO: 214.9724 | Recon Loss: 192.5454 | KL: 28.0337
Negative ELBO: 214.6036 | Recon Loss: 192.2012 | KL: 28.0029
Epoch 2101/3000:
--------
Negative ELBO: 215.0504 | Recon Loss: 192.6039 | KL: 28.0582
Epoch 2102/3000:
--------
Negative ELBO: 214.9748 | Recon Loss: 192.5424 | KL: 28.0405
Epoch 2103/3000:
--------
Negative ELBO: 214.9271 | Recon Loss: 192.4962 | KL: 28.0387
Epoch 2104/3000:
--------
Negative ELBO: 214.9951 | Recon Loss: 192.5498 | KL: 28.0566
Epoch 2105/3000:
--------
Negative ELBO: 215.0012 | Recon Loss: 192.5743 | KL: 28.0336
Negative ELBO: 214.5103 | Recon Loss: 192.1174 | KL: 27.9911
Epoch 2106/3000:
--------
Negative ELBO: 215.0368 | Recon Loss: 192.6165 | KL: 28.0253
Epoch 2107/3000:
--------
Negative ELBO: 214.9580 | Recon Loss: 192.5385 | KL: 28.0243
Epoch 2108/3000:
--------
Negative ELBO: 215.0115 | Recon Loss: 192.5879 | KL: 28.0295
Epoch 2109/3000:
--------
Negative ELBO: 214.9948 | Recon Loss: 192.5606 | KL: 28.0427
Epoch 2110/3000:
--------
Negative ELBO: 214.9868 | Recon Loss: 192.5477 | KL: 28.0488
Negative ELBO: 214.3550 | Recon Loss: 191.8989 | KL: 28.0701
Epoch 2111/3000:
--------
Negative ELBO: 214.9466 | Recon Loss: 192.4899 | KL: 28.0708
Epoch 2112/3000:
--------
Negative ELBO: 215.0545 | Recon Loss: 192.6112 | KL: 28.0541
Epoch 2113/3000:
--------
Negative ELBO: 214.9595 | Recon Loss: 192.5278 | KL: 28.0396
Epoch 2114/3000:
--------
Negative ELBO: 215.0190 | Recon Loss: 192.5814 | KL: 28.0470
Epoch 2115/3000:
--------
Negative ELBO: 214.9365 | Recon Loss: 192.4981 | KL: 28.0480
Negative ELBO: 214.5193 | Recon Loss: 192.1054 | KL: 28.0173
Epoch 2116/3000:
--------
Negative ELBO: 214.8810 | Recon Loss: 192.4401 | KL: 28.0511
Epoch 2117/3000:
--------
Negative ELBO: 215.0555 | Recon Loss: 192.6202 | KL: 28.0441
Epoch 2118/3000:
--------
Negative ELBO: 214.9641 | Recon Loss: 192.5231 | KL: 28.0513
Epoch 2119/3000:
--------
Negative ELBO: 215.0258 | Recon Loss: 192.5825 | KL: 28.0542
Epoch 2120/3000:
--------
Negative ELBO: 214.9938 | Recon Loss: 192.5561 | KL: 28.0471
Negative ELBO: 214.4274 | Recon Loss: 192.0074 | KL: 28.0250
Epoch 2121/3000:
--------
Negative ELBO: 214.9792 | Recon Loss: 192.5385 | KL: 28.0509
Epoch 2122/3000:
--------
Negative ELBO: 215.0407 | Recon Loss: 192.5922 | KL: 28.0607
Epoch 2123/3000:
--------
Negative ELBO: 214.9883 | Recon Loss: 192.5525 | KL: 28.0447
Epoch 2124/3000:
--------
Negative ELBO: 214.9717 | Recon Loss: 192.5354 | KL: 28.0453
Epoch 2125/3000:
--------
Negative ELBO: 214.9972 | Recon Loss: 192.5655 | KL: 28.0395
Negative ELBO: 214.2732 | Recon Loss: 191.8475 | KL: 28.0321
Epoch 2126/3000:
--------
Negative ELBO: 215.0400 | Recon Loss: 192.5978 | KL: 28.0527
Epoch 2127/3000:
--------
Negative ELBO: 214.9673 | Recon Loss: 192.5380 | KL: 28.0367
Epoch 2128/3000:
--------
Negative ELBO: 214.9522 | Recon Loss: 192.5268 | KL: 28.0317
Epoch 2129/3000:
--------
Negative ELBO: 214.9580 | Recon Loss: 192.5201 | KL: 28.0473
Epoch 2130/3000:
--------
Negative ELBO: 214.9838 | Recon Loss: 192.5635 | KL: 28.0254
Negative ELBO: 214.3779 | Recon Loss: 191.9318 | KL: 28.0576
Epoch 2131/3000:
--------
Negative ELBO: 214.9449 | Recon Loss: 192.5095 | KL: 28.0443
Epoch 2132/3000:
--------
Negative ELBO: 214.9528 | Recon Loss: 192.5182 | KL: 28.0432
Epoch 2133/3000:
--------
Negative ELBO: 214.9803 | Recon Loss: 192.5537 | KL: 28.0333
Epoch 2134/3000:
--------
Negative ELBO: 215.0564 | Recon Loss: 192.6414 | KL: 28.0188
Epoch 2135/3000:
--------
Negative ELBO: 214.9402 | Recon Loss: 192.5163 | KL: 28.0298
Negative ELBO: 214.4481 | Recon Loss: 192.0233 | KL: 28.0310
Epoch 2136/3000:
--------
Negative ELBO: 214.8729 | Recon Loss: 192.4467 | KL: 28.0328
Epoch 2137/3000:
--------
Negative ELBO: 214.9594 | Recon Loss: 192.5517 | KL: 28.0097
Epoch 2138/3000:
--------
Negative ELBO: 215.0026 | Recon Loss: 192.5914 | KL: 28.0140
Epoch 2139/3000:
--------
Negative ELBO: 215.0161 | Recon Loss: 192.5933 | KL: 28.0286
Epoch 2140/3000:
--------
Negative ELBO: 214.9723 | Recon Loss: 192.5324 | KL: 28.0499
Negative ELBO: 214.2356 | Recon Loss: 191.7947 | KL: 28.0511
Epoch 2141/3000:
--------
Negative ELBO: 215.0484 | Recon Loss: 192.6442 | KL: 28.0053
Epoch 2142/3000:
--------
Negative ELBO: 215.0185 | Recon Loss: 192.5921 | KL: 28.0330
Epoch 2143/3000:
--------
Negative ELBO: 214.8823 | Recon Loss: 192.4505 | KL: 28.0398
Epoch 2144/3000:
--------
Negative ELBO: 215.0273 | Recon Loss: 192.6075 | KL: 28.0247
Epoch 2145/3000:
--------
Negative ELBO: 214.9709 | Recon Loss: 192.5514 | KL: 28.0244
Negative ELBO: 214.5091 | Recon Loss: 192.1114 | KL: 27.9972
Epoch 2146/3000:
--------
Negative ELBO: 214.9942 | Recon Loss: 192.5730 | KL: 28.0265
Epoch 2147/3000:
--------
Negative ELBO: 215.0103 | Recon Loss: 192.5986 | KL: 28.0146
Epoch 2148/3000:
--------
Negative ELBO: 214.8646 | Recon Loss: 192.4399 | KL: 28.0309
Epoch 2149/3000:
--------
Negative ELBO: 214.9950 | Recon Loss: 192.5562 | KL: 28.0485
Epoch 2150/3000:
--------
Negative ELBO: 214.9406 | Recon Loss: 192.5179 | KL: 28.0284
Negative ELBO: 214.7010 | Recon Loss: 192.3014 | KL: 27.9994
Epoch 2151/3000:
--------
Negative ELBO: 214.8961 | Recon Loss: 192.4617 | KL: 28.0431
Epoch 2152/3000:
--------
Negative ELBO: 214.9620 | Recon Loss: 192.5433 | KL: 28.0234
Epoch 2153/3000:
--------
Negative ELBO: 214.9924 | Recon Loss: 192.5718 | KL: 28.0258
Epoch 2154/3000:
--------
Negative ELBO: 215.0224 | Recon Loss: 192.5994 | KL: 28.0287
Epoch 2155/3000:
--------
Negative ELBO: 214.9594 | Recon Loss: 192.5361 | KL: 28.0291
Negative ELBO: 214.3806 | Recon Loss: 191.9421 | KL: 28.0482
Epoch 2156/3000:
--------
Negative ELBO: 214.9541 | Recon Loss: 192.5350 | KL: 28.0239
Epoch 2157/3000:
--------
Negative ELBO: 215.0244 | Recon Loss: 192.5974 | KL: 28.0338
Epoch 2158/3000:
--------
Negative ELBO: 214.9774 | Recon Loss: 192.5509 | KL: 28.0331
Epoch 2159/3000:
--------
Negative ELBO: 215.0535 | Recon Loss: 192.6402 | KL: 28.0167
Epoch 2160/3000:
--------
Negative ELBO: 214.9439 | Recon Loss: 192.5141 | KL: 28.0372
Negative ELBO: 214.3131 | Recon Loss: 191.8770 | KL: 28.0451
Epoch 2161/3000:
--------
Negative ELBO: 214.9384 | Recon Loss: 192.5133 | KL: 28.0314
Epoch 2162/3000:
--------
Negative ELBO: 215.0409 | Recon Loss: 192.6181 | KL: 28.0284
Epoch 2163/3000:
--------
Negative ELBO: 214.8543 | Recon Loss: 192.4215 | KL: 28.0410
Epoch 2164/3000:
--------
Negative ELBO: 214.9223 | Recon Loss: 192.5043 | KL: 28.0225
Epoch 2165/3000:
--------
Negative ELBO: 214.9163 | Recon Loss: 192.4890 | KL: 28.0341
Negative ELBO: 214.5546 | Recon Loss: 192.1599 | KL: 27.9934
Epoch 2166/3000:
--------
Negative ELBO: 214.9122 | Recon Loss: 192.4682 | KL: 28.0549
Epoch 2167/3000:
--------
Negative ELBO: 214.9202 | Recon Loss: 192.4968 | KL: 28.0293
Epoch 2168/3000:
--------
Negative ELBO: 215.0002 | Recon Loss: 192.5817 | KL: 28.0231
Epoch 2169/3000:
--------
Negative ELBO: 214.8980 | Recon Loss: 192.4703 | KL: 28.0347
Epoch 2170/3000:
--------
Negative ELBO: 214.9141 | Recon Loss: 192.4768 | KL: 28.0466
Negative ELBO: 214.5801 | Recon Loss: 192.1726 | KL: 28.0094
Epoch 2171/3000:
--------
Negative ELBO: 214.8887 | Recon Loss: 192.4587 | KL: 28.0375
Epoch 2172/3000:
--------
Negative ELBO: 214.9685 | Recon Loss: 192.5395 | KL: 28.0363
Epoch 2173/3000:
--------
Negative ELBO: 214.8979 | Recon Loss: 192.4535 | KL: 28.0556
Epoch 2174/3000:
--------
Negative ELBO: 214.9143 | Recon Loss: 192.4870 | KL: 28.0341
Epoch 2175/3000:
--------
Negative ELBO: 214.9100 | Recon Loss: 192.4728 | KL: 28.0465
Negative ELBO: 214.4352 | Recon Loss: 192.0122 | KL: 28.0288
Epoch 2176/3000:
--------
Negative ELBO: 214.9759 | Recon Loss: 192.5237 | KL: 28.0653
Epoch 2177/3000:
--------
Negative ELBO: 215.0576 | Recon Loss: 192.6023 | KL: 28.0691
Epoch 2178/3000:
--------
Negative ELBO: 214.9458 | Recon Loss: 192.4921 | KL: 28.0671
Epoch 2179/3000:
--------
Negative ELBO: 214.9426 | Recon Loss: 192.5012 | KL: 28.0517
Epoch 2180/3000:
--------
Negative ELBO: 215.0405 | Recon Loss: 192.6140 | KL: 28.0331
Negative ELBO: 214.4318 | Recon Loss: 191.9953 | KL: 28.0456
Epoch 2181/3000:
--------
Negative ELBO: 214.9594 | Recon Loss: 192.5069 | KL: 28.0656
Epoch 2182/3000:
--------
Negative ELBO: 215.0099 | Recon Loss: 192.5719 | KL: 28.0475
Epoch 2183/3000:
--------
Negative ELBO: 215.0740 | Recon Loss: 192.6364 | KL: 28.0470
Epoch 2184/3000:
--------
Negative ELBO: 214.9947 | Recon Loss: 192.5710 | KL: 28.0297
Epoch 2185/3000:
--------
Negative ELBO: 214.9180 | Recon Loss: 192.4822 | KL: 28.0448
Negative ELBO: 214.8308 | Recon Loss: 192.4225 | KL: 28.0104
Epoch 2186/3000:
--------
Negative ELBO: 214.9830 | Recon Loss: 192.5551 | KL: 28.0349
Epoch 2187/3000:
--------
Negative ELBO: 214.9619 | Recon Loss: 192.5226 | KL: 28.0491
Epoch 2188/3000:
--------
Negative ELBO: 215.0429 | Recon Loss: 192.6072 | KL: 28.0446
Epoch 2189/3000:
--------
Negative ELBO: 214.9593 | Recon Loss: 192.5341 | KL: 28.0316
Epoch 2190/3000:
--------
Negative ELBO: 215.0160 | Recon Loss: 192.5771 | KL: 28.0485
Negative ELBO: 214.5865 | Recon Loss: 192.1639 | KL: 28.0283
Epoch 2191/3000:
--------
Negative ELBO: 215.0271 | Recon Loss: 192.6022 | KL: 28.0311
Epoch 2192/3000:
--------
Negative ELBO: 214.9082 | Recon Loss: 192.4671 | KL: 28.0513
Epoch 2193/3000:
--------
Negative ELBO: 214.9615 | Recon Loss: 192.5360 | KL: 28.0318
Epoch 2194/3000:
--------
Negative ELBO: 215.0180 | Recon Loss: 192.5861 | KL: 28.0398
Epoch 2195/3000:
--------
Negative ELBO: 214.9802 | Recon Loss: 192.5471 | KL: 28.0414
Negative ELBO: 214.4219 | Recon Loss: 192.0162 | KL: 28.0072
Epoch 2196/3000:
--------
Negative ELBO: 215.0158 | Recon Loss: 192.5931 | KL: 28.0284
Epoch 2197/3000:
--------
Negative ELBO: 215.0398 | Recon Loss: 192.6181 | KL: 28.0271
Epoch 2198/3000:
--------
Negative ELBO: 215.0380 | Recon Loss: 192.6270 | KL: 28.0137
Epoch 2199/3000:
--------
Negative ELBO: 214.9933 | Recon Loss: 192.5628 | KL: 28.0381
Epoch 2200/3000:
--------
Negative ELBO: 214.8982 | Recon Loss: 192.4751 | KL: 28.0289
Negative ELBO: 214.5547 | Recon Loss: 192.1410 | KL: 28.0172
Epoch 2201/3000:
--------
Negative ELBO: 214.9108 | Recon Loss: 192.4718 | KL: 28.0487
Epoch 2202/3000:
--------
Negative ELBO: 214.9984 | Recon Loss: 192.5709 | KL: 28.0344
Epoch 2203/3000:
--------
Negative ELBO: 215.0557 | Recon Loss: 192.6187 | KL: 28.0462
Epoch 2204/3000:
--------
Negative ELBO: 214.9789 | Recon Loss: 192.5508 | KL: 28.0352
Epoch 2205/3000:
--------
Negative ELBO: 214.9895 | Recon Loss: 192.5596 | KL: 28.0373
Negative ELBO: 214.4062 | Recon Loss: 191.9892 | KL: 28.0213
Epoch 2206/3000:
--------
Negative ELBO: 214.9661 | Recon Loss: 192.5266 | KL: 28.0493
Epoch 2207/3000:
--------
Negative ELBO: 215.0545 | Recon Loss: 192.6317 | KL: 28.0284
Epoch 2208/3000:
--------
Negative ELBO: 215.0274 | Recon Loss: 192.5923 | KL: 28.0439
Epoch 2209/3000:
--------
Negative ELBO: 214.9912 | Recon Loss: 192.5661 | KL: 28.0315
Epoch 2210/3000:
--------
Negative ELBO: 215.0398 | Recon Loss: 192.6195 | KL: 28.0255
Negative ELBO: 214.7019 | Recon Loss: 192.3052 | KL: 27.9958
Epoch 2211/3000:
--------
Negative ELBO: 215.0334 | Recon Loss: 192.6153 | KL: 28.0227
Epoch 2212/3000:
--------
Negative ELBO: 214.9798 | Recon Loss: 192.5562 | KL: 28.0294
Epoch 2213/3000:
--------
Negative ELBO: 215.0759 | Recon Loss: 192.6502 | KL: 28.0321
Epoch 2214/3000:
--------
Negative ELBO: 214.9438 | Recon Loss: 192.5195 | KL: 28.0304
Epoch 2215/3000:
--------
Negative ELBO: 214.9076 | Recon Loss: 192.4751 | KL: 28.0406
Negative ELBO: 214.3991 | Recon Loss: 191.9807 | KL: 28.0231
Epoch 2216/3000:
--------
Negative ELBO: 214.9438 | Recon Loss: 192.5067 | KL: 28.0463
Epoch 2217/3000:
--------
Negative ELBO: 214.9856 | Recon Loss: 192.5574 | KL: 28.0352
Epoch 2218/3000:
--------
Negative ELBO: 215.0865 | Recon Loss: 192.6552 | KL: 28.0391
Epoch 2219/3000:
--------
Negative ELBO: 214.9115 | Recon Loss: 192.4680 | KL: 28.0545
Epoch 2220/3000:
--------
Negative ELBO: 215.0117 | Recon Loss: 192.5801 | KL: 28.0395
Negative ELBO: 214.4844 | Recon Loss: 192.0599 | KL: 28.0307
Epoch 2221/3000:
--------
Negative ELBO: 214.9920 | Recon Loss: 192.5517 | KL: 28.0505
Epoch 2222/3000:
--------
Negative ELBO: 214.9207 | Recon Loss: 192.4856 | KL: 28.0439
Epoch 2223/3000:
--------
Negative ELBO: 215.0320 | Recon Loss: 192.5932 | KL: 28.0485
Epoch 2224/3000:
--------
Negative ELBO: 215.0998 | Recon Loss: 192.6703 | KL: 28.0369
Epoch 2225/3000:
--------
Negative ELBO: 214.9280 | Recon Loss: 192.4942 | KL: 28.0422
Negative ELBO: 214.3366 | Recon Loss: 191.8555 | KL: 28.1013
Epoch 2226/3000:
--------
Negative ELBO: 215.0858 | Recon Loss: 192.6642 | KL: 28.0271
Epoch 2227/3000:
--------
Negative ELBO: 214.9831 | Recon Loss: 192.5482 | KL: 28.0436
Epoch 2228/3000:
--------
Negative ELBO: 215.0349 | Recon Loss: 192.6056 | KL: 28.0366
Epoch 2229/3000:
--------
Negative ELBO: 215.0111 | Recon Loss: 192.5824 | KL: 28.0359
Epoch 2230/3000:
--------
Negative ELBO: 215.0672 | Recon Loss: 192.6463 | KL: 28.0261
Negative ELBO: 214.4749 | Recon Loss: 192.0313 | KL: 28.0545
Epoch 2231/3000:
--------
Negative ELBO: 214.9882 | Recon Loss: 192.5473 | KL: 28.0512
Epoch 2232/3000:
--------
Negative ELBO: 214.9843 | Recon Loss: 192.5593 | KL: 28.0313
Epoch 2233/3000:
--------
Negative ELBO: 214.9892 | Recon Loss: 192.5518 | KL: 28.0468
Epoch 2234/3000:
--------
Negative ELBO: 214.8986 | Recon Loss: 192.4516 | KL: 28.0588
Epoch 2235/3000:
--------
Negative ELBO: 215.0306 | Recon Loss: 192.5988 | KL: 28.0397
Negative ELBO: 214.4737 | Recon Loss: 192.0489 | KL: 28.0310
Epoch 2236/3000:
--------
Negative ELBO: 215.0999 | Recon Loss: 192.6631 | KL: 28.0460
Epoch 2237/3000:
--------
Negative ELBO: 215.0599 | Recon Loss: 192.6212 | KL: 28.0484
Epoch 2238/3000:
--------
Negative ELBO: 215.0645 | Recon Loss: 192.6310 | KL: 28.0419
Epoch 2239/3000:
--------
Negative ELBO: 215.0280 | Recon Loss: 192.5908 | KL: 28.0465
Epoch 2240/3000:
--------
Negative ELBO: 215.0606 | Recon Loss: 192.6310 | KL: 28.0370
Negative ELBO: 214.5360 | Recon Loss: 192.0945 | KL: 28.0518
Epoch 2241/3000:
--------
Negative ELBO: 215.0461 | Recon Loss: 192.6100 | KL: 28.0451
Epoch 2242/3000:
--------
Negative ELBO: 215.0200 | Recon Loss: 192.5883 | KL: 28.0397
Epoch 2243/3000:
--------
Negative ELBO: 215.0845 | Recon Loss: 192.6701 | KL: 28.0180
Epoch 2244/3000:
--------
Negative ELBO: 215.0305 | Recon Loss: 192.6092 | KL: 28.0266
Epoch 2245/3000:
--------
Negative ELBO: 215.0203 | Recon Loss: 192.5860 | KL: 28.0429
Negative ELBO: 214.4931 | Recon Loss: 192.0662 | KL: 28.0337
Epoch 2246/3000:
--------
Negative ELBO: 215.0210 | Recon Loss: 192.5926 | KL: 28.0355
Epoch 2247/3000:
--------
Negative ELBO: 215.0082 | Recon Loss: 192.5700 | KL: 28.0477
Epoch 2248/3000:
--------
Negative ELBO: 214.8456 | Recon Loss: 192.3996 | KL: 28.0575
Epoch 2249/3000:
--------
Negative ELBO: 214.9676 | Recon Loss: 192.5338 | KL: 28.0422
Epoch 2250/3000:
--------
Negative ELBO: 214.9348 | Recon Loss: 192.5027 | KL: 28.0401
Negative ELBO: 214.3217 | Recon Loss: 191.9061 | KL: 28.0194
Epoch 2251/3000:
--------
Negative ELBO: 215.0288 | Recon Loss: 192.5994 | KL: 28.0368
Epoch 2252/3000:
--------
Negative ELBO: 214.9591 | Recon Loss: 192.5248 | KL: 28.0429
Epoch 2253/3000:
--------
Negative ELBO: 214.9787 | Recon Loss: 192.5341 | KL: 28.0558
Epoch 2254/3000:
--------
Negative ELBO: 214.9876 | Recon Loss: 192.5485 | KL: 28.0489
Epoch 2255/3000:
--------
Negative ELBO: 214.9356 | Recon Loss: 192.4993 | KL: 28.0455
Negative ELBO: 214.3010 | Recon Loss: 191.8939 | KL: 28.0089
Epoch 2256/3000:
--------
Negative ELBO: 214.9594 | Recon Loss: 192.5184 | KL: 28.0514
Epoch 2257/3000:
--------
Negative ELBO: 214.9836 | Recon Loss: 192.5462 | KL: 28.0467
Epoch 2258/3000:
--------
Negative ELBO: 214.9279 | Recon Loss: 192.4933 | KL: 28.0432
Epoch 2259/3000:
--------
Negative ELBO: 214.9054 | Recon Loss: 192.4636 | KL: 28.0522
Epoch 2260/3000:
--------
Negative ELBO: 215.0242 | Recon Loss: 192.5972 | KL: 28.0337
Negative ELBO: 214.6449 | Recon Loss: 192.2490 | KL: 27.9949
Epoch 2261/3000:
--------
Negative ELBO: 214.9720 | Recon Loss: 192.5347 | KL: 28.0466
Epoch 2262/3000:
--------
Negative ELBO: 214.9765 | Recon Loss: 192.5651 | KL: 28.0143
Epoch 2263/3000:
--------
Negative ELBO: 214.9521 | Recon Loss: 192.5372 | KL: 28.0186
Epoch 2264/3000:
--------
Negative ELBO: 214.9885 | Recon Loss: 192.5445 | KL: 28.0550
Epoch 2265/3000:
--------
Negative ELBO: 215.0042 | Recon Loss: 192.5823 | KL: 28.0275
Negative ELBO: 214.6490 | Recon Loss: 192.2233 | KL: 28.0320
Epoch 2266/3000:
--------
Negative ELBO: 214.9669 | Recon Loss: 192.5426 | KL: 28.0304
Epoch 2267/3000:
--------
Negative ELBO: 214.9410 | Recon Loss: 192.5074 | KL: 28.0419
Epoch 2268/3000:
--------
Negative ELBO: 215.0708 | Recon Loss: 192.6539 | KL: 28.0212
Epoch 2269/3000:
--------
Negative ELBO: 214.9389 | Recon Loss: 192.5067 | KL: 28.0402
Epoch 2270/3000:
--------
Negative ELBO: 214.9153 | Recon Loss: 192.4832 | KL: 28.0402
Negative ELBO: 214.5177 | Recon Loss: 192.0960 | KL: 28.0271
Epoch 2271/3000:
--------
Negative ELBO: 214.9677 | Recon Loss: 192.5353 | KL: 28.0404
Epoch 2272/3000:
--------
Negative ELBO: 214.9717 | Recon Loss: 192.5328 | KL: 28.0486
Epoch 2273/3000:
--------
Negative ELBO: 215.0185 | Recon Loss: 192.5812 | KL: 28.0466
Epoch 2274/3000:
--------
Negative ELBO: 214.9824 | Recon Loss: 192.5306 | KL: 28.0648
Epoch 2275/3000:
--------
Negative ELBO: 214.8839 | Recon Loss: 192.4614 | KL: 28.0281
Negative ELBO: 214.4381 | Recon Loss: 192.0172 | KL: 28.0260
Epoch 2276/3000:
--------
Negative ELBO: 215.0017 | Recon Loss: 192.5843 | KL: 28.0217
Epoch 2277/3000:
--------
Negative ELBO: 214.9778 | Recon Loss: 192.5470 | KL: 28.0385
Epoch 2278/3000:
--------
Negative ELBO: 214.9139 | Recon Loss: 192.4950 | KL: 28.0235
Epoch 2279/3000:
--------
Negative ELBO: 214.9278 | Recon Loss: 192.5042 | KL: 28.0296
Epoch 2280/3000:
--------
Negative ELBO: 214.9780 | Recon Loss: 192.5466 | KL: 28.0393
Negative ELBO: 214.1731 | Recon Loss: 191.7263 | KL: 28.0585
Epoch 2281/3000:
--------
Negative ELBO: 214.8573 | Recon Loss: 192.4143 | KL: 28.0537
Epoch 2282/3000:
--------
Negative ELBO: 214.9850 | Recon Loss: 192.5627 | KL: 28.0279
Epoch 2283/3000:
--------
Negative ELBO: 214.9407 | Recon Loss: 192.5214 | KL: 28.0242
Epoch 2284/3000:
--------
Negative ELBO: 214.8920 | Recon Loss: 192.4620 | KL: 28.0376
Epoch 2285/3000:
--------
Negative ELBO: 214.9558 | Recon Loss: 192.5330 | KL: 28.0285
Negative ELBO: 214.4255 | Recon Loss: 192.0171 | KL: 28.0104
Epoch 2286/3000:
--------
Negative ELBO: 215.0527 | Recon Loss: 192.6168 | KL: 28.0449
Epoch 2287/3000:
--------
Negative ELBO: 214.9651 | Recon Loss: 192.5222 | KL: 28.0536
Epoch 2288/3000:
--------
Negative ELBO: 215.0178 | Recon Loss: 192.5990 | KL: 28.0235
Epoch 2289/3000:
--------
Negative ELBO: 214.8820 | Recon Loss: 192.4530 | KL: 28.0363
Epoch 2290/3000:
--------
Negative ELBO: 214.9247 | Recon Loss: 192.5014 | KL: 28.0292
Negative ELBO: 214.5871 | Recon Loss: 192.1817 | KL: 28.0068
Epoch 2291/3000:
--------
Negative ELBO: 214.8868 | Recon Loss: 192.4564 | KL: 28.0380
Epoch 2292/3000:
--------
Negative ELBO: 215.0063 | Recon Loss: 192.5912 | KL: 28.0188
Epoch 2293/3000:
--------
Negative ELBO: 214.9945 | Recon Loss: 192.5750 | KL: 28.0243
Epoch 2294/3000:
--------
Negative ELBO: 214.9606 | Recon Loss: 192.5373 | KL: 28.0290
Epoch 2295/3000:
--------
Negative ELBO: 214.9161 | Recon Loss: 192.4975 | KL: 28.0232
Negative ELBO: 214.4071 | Recon Loss: 191.9993 | KL: 28.0097
Epoch 2296/3000:
--------
Negative ELBO: 214.9088 | Recon Loss: 192.4790 | KL: 28.0373
Epoch 2297/3000:
--------
Negative ELBO: 214.9971 | Recon Loss: 192.5809 | KL: 28.0203
Epoch 2298/3000:
--------
Negative ELBO: 214.9205 | Recon Loss: 192.4856 | KL: 28.0436
Epoch 2299/3000:
--------
Negative ELBO: 215.0309 | Recon Loss: 192.5977 | KL: 28.0416
Epoch 2300/3000:
--------
Negative ELBO: 214.9947 | Recon Loss: 192.5632 | KL: 28.0393
Negative ELBO: 214.5942 | Recon Loss: 192.2116 | KL: 27.9783
Epoch 2301/3000:
--------
Negative ELBO: 214.9115 | Recon Loss: 192.4830 | KL: 28.0355
Epoch 2302/3000:
--------
Negative ELBO: 214.9685 | Recon Loss: 192.5208 | KL: 28.0596
Epoch 2303/3000:
--------
Negative ELBO: 215.0230 | Recon Loss: 192.5995 | KL: 28.0295
Epoch 2304/3000:
--------
Negative ELBO: 215.0384 | Recon Loss: 192.6058 | KL: 28.0408
Epoch 2305/3000:
--------
Negative ELBO: 215.0433 | Recon Loss: 192.6003 | KL: 28.0537
Negative ELBO: 214.7715 | Recon Loss: 192.3832 | KL: 27.9854
Epoch 2306/3000:
--------
Negative ELBO: 214.9594 | Recon Loss: 192.5252 | KL: 28.0427
Epoch 2307/3000:
--------
Negative ELBO: 214.9281 | Recon Loss: 192.4878 | KL: 28.0504
Epoch 2308/3000:
--------
Negative ELBO: 214.9242 | Recon Loss: 192.4795 | KL: 28.0559
Epoch 2309/3000:
--------
Negative ELBO: 214.9508 | Recon Loss: 192.5247 | KL: 28.0327
Epoch 2310/3000:
--------
Negative ELBO: 215.0772 | Recon Loss: 192.6587 | KL: 28.0232
Negative ELBO: 214.3537 | Recon Loss: 191.9274 | KL: 28.0329
Epoch 2311/3000:
--------
Negative ELBO: 215.0375 | Recon Loss: 192.6072 | KL: 28.0379
Epoch 2312/3000:
--------
Negative ELBO: 214.8770 | Recon Loss: 192.4362 | KL: 28.0510
Epoch 2313/3000:
--------
Negative ELBO: 214.9754 | Recon Loss: 192.5621 | KL: 28.0167
Epoch 2314/3000:
--------
Negative ELBO: 215.1326 | Recon Loss: 192.7248 | KL: 28.0098
Epoch 2315/3000:
--------
Negative ELBO: 214.8959 | Recon Loss: 192.4697 | KL: 28.0327
Negative ELBO: 214.4337 | Recon Loss: 192.0001 | KL: 28.0420
Epoch 2316/3000:
--------
Negative ELBO: 214.8800 | Recon Loss: 192.4457 | KL: 28.0429
Epoch 2317/3000:
--------
Negative ELBO: 215.0517 | Recon Loss: 192.6436 | KL: 28.0101
Epoch 2318/3000:
--------
Negative ELBO: 214.9521 | Recon Loss: 192.5202 | KL: 28.0399
Epoch 2319/3000:
--------
Negative ELBO: 214.8818 | Recon Loss: 192.4229 | KL: 28.0736
Epoch 2320/3000:
--------
Negative ELBO: 214.9196 | Recon Loss: 192.4855 | KL: 28.0426
Negative ELBO: 214.4076 | Recon Loss: 191.9730 | KL: 28.0432
Epoch 2321/3000:
--------
Negative ELBO: 215.0114 | Recon Loss: 192.5989 | KL: 28.0157
Epoch 2322/3000:
--------
Negative ELBO: 214.9401 | Recon Loss: 192.5029 | KL: 28.0464
Epoch 2323/3000:
--------
Negative ELBO: 214.9377 | Recon Loss: 192.5092 | KL: 28.0357
Epoch 2324/3000:
--------
Negative ELBO: 215.0176 | Recon Loss: 192.6017 | KL: 28.0199
Epoch 2325/3000:
--------
Negative ELBO: 214.9847 | Recon Loss: 192.5832 | KL: 28.0019
Negative ELBO: 214.4611 | Recon Loss: 192.0356 | KL: 28.0319
Epoch 2326/3000:
--------
Negative ELBO: 214.8647 | Recon Loss: 192.4387 | KL: 28.0325
Epoch 2327/3000:
--------
Negative ELBO: 215.0904 | Recon Loss: 192.6674 | KL: 28.0288
Epoch 2328/3000:
--------
Negative ELBO: 214.9573 | Recon Loss: 192.5272 | KL: 28.0376
Epoch 2329/3000:
--------
Negative ELBO: 214.9474 | Recon Loss: 192.5303 | KL: 28.0214
Epoch 2330/3000:
--------
Negative ELBO: 214.8998 | Recon Loss: 192.4637 | KL: 28.0451
Negative ELBO: 214.4325 | Recon Loss: 192.0145 | KL: 28.0226
Epoch 2331/3000:
--------
Negative ELBO: 215.0359 | Recon Loss: 192.6084 | KL: 28.0344
Epoch 2332/3000:
--------
Negative ELBO: 215.0138 | Recon Loss: 192.5902 | KL: 28.0294
Epoch 2333/3000:
--------
Negative ELBO: 214.9669 | Recon Loss: 192.5258 | KL: 28.0514
Epoch 2334/3000:
--------
Negative ELBO: 215.0069 | Recon Loss: 192.5735 | KL: 28.0417
Epoch 2335/3000:
--------
Negative ELBO: 215.0282 | Recon Loss: 192.6120 | KL: 28.0204
Negative ELBO: 214.3853 | Recon Loss: 191.9630 | KL: 28.0279
Epoch 2336/3000:
--------
Negative ELBO: 215.0214 | Recon Loss: 192.6077 | KL: 28.0171
Epoch 2337/3000:
--------
Negative ELBO: 214.8409 | Recon Loss: 192.4029 | KL: 28.0475
Epoch 2338/3000:
--------
Negative ELBO: 214.8986 | Recon Loss: 192.4719 | KL: 28.0334
Epoch 2339/3000:
--------
Negative ELBO: 214.9237 | Recon Loss: 192.4964 | KL: 28.0341
Epoch 2340/3000:
--------
Negative ELBO: 215.0106 | Recon Loss: 192.5909 | KL: 28.0247
Negative ELBO: 214.7743 | Recon Loss: 192.3842 | KL: 27.9876
Epoch 2341/3000:
--------
Negative ELBO: 214.9113 | Recon Loss: 192.4794 | KL: 28.0400
Epoch 2342/3000:
--------
Negative ELBO: 214.9700 | Recon Loss: 192.5436 | KL: 28.0331
Epoch 2343/3000:
--------
Negative ELBO: 215.0516 | Recon Loss: 192.6430 | KL: 28.0107
Epoch 2344/3000:
--------
Negative ELBO: 214.9494 | Recon Loss: 192.5124 | KL: 28.0462
Epoch 2345/3000:
--------
Negative ELBO: 214.8537 | Recon Loss: 192.4228 | KL: 28.0387
Negative ELBO: 214.4457 | Recon Loss: 192.0178 | KL: 28.0349
Epoch 2346/3000:
--------
Negative ELBO: 214.9561 | Recon Loss: 192.5241 | KL: 28.0400
Epoch 2347/3000:
--------
Negative ELBO: 215.0775 | Recon Loss: 192.6638 | KL: 28.0171
Epoch 2348/3000:
--------
Negative ELBO: 215.0021 | Recon Loss: 192.5735 | KL: 28.0358
Epoch 2349/3000:
--------
Negative ELBO: 214.9763 | Recon Loss: 192.5414 | KL: 28.0436
Epoch 2350/3000:
--------
Negative ELBO: 215.0014 | Recon Loss: 192.5825 | KL: 28.0235
Negative ELBO: 214.3925 | Recon Loss: 191.9772 | KL: 28.0191
Epoch 2351/3000:
--------
Negative ELBO: 214.9577 | Recon Loss: 192.5214 | KL: 28.0454
Epoch 2352/3000:
--------
Negative ELBO: 214.9637 | Recon Loss: 192.5336 | KL: 28.0377
Epoch 2353/3000:
--------
Negative ELBO: 214.8888 | Recon Loss: 192.4507 | KL: 28.0477
Epoch 2354/3000:
--------
Negative ELBO: 214.9455 | Recon Loss: 192.5102 | KL: 28.0441
Epoch 2355/3000:
--------
Negative ELBO: 214.9216 | Recon Loss: 192.4685 | KL: 28.0663
Negative ELBO: 214.1703 | Recon Loss: 191.7607 | KL: 28.0119
Epoch 2356/3000:
--------
Negative ELBO: 214.9998 | Recon Loss: 192.5640 | KL: 28.0448
Epoch 2357/3000:
--------
Negative ELBO: 214.9740 | Recon Loss: 192.5280 | KL: 28.0574
Epoch 2358/3000:
--------
Negative ELBO: 214.9113 | Recon Loss: 192.4765 | KL: 28.0434
Epoch 2359/3000:
--------
Negative ELBO: 214.9286 | Recon Loss: 192.4955 | KL: 28.0414
Epoch 2360/3000:
--------
Negative ELBO: 215.0225 | Recon Loss: 192.5942 | KL: 28.0354
Negative ELBO: 214.5620 | Recon Loss: 192.1598 | KL: 28.0028
Epoch 2361/3000:
--------
Negative ELBO: 214.8927 | Recon Loss: 192.4612 | KL: 28.0395
Epoch 2362/3000:
--------
Negative ELBO: 214.9642 | Recon Loss: 192.5421 | KL: 28.0277
Epoch 2363/3000:
--------
Negative ELBO: 215.0349 | Recon Loss: 192.6139 | KL: 28.0263
Epoch 2364/3000:
--------
Negative ELBO: 214.9685 | Recon Loss: 192.5440 | KL: 28.0306
Epoch 2365/3000:
--------
Negative ELBO: 214.9937 | Recon Loss: 192.5608 | KL: 28.0412
Negative ELBO: 214.6056 | Recon Loss: 192.1951 | KL: 28.0132
Epoch 2366/3000:
--------
Negative ELBO: 214.9730 | Recon Loss: 192.5575 | KL: 28.0194
Epoch 2367/3000:
--------
Negative ELBO: 214.9270 | Recon Loss: 192.5025 | KL: 28.0306
Epoch 2368/3000:
--------
Negative ELBO: 214.9564 | Recon Loss: 192.5347 | KL: 28.0271
Epoch 2369/3000:
--------
Negative ELBO: 214.9474 | Recon Loss: 192.5199 | KL: 28.0344
Epoch 2370/3000:
--------
Negative ELBO: 214.9873 | Recon Loss: 192.5723 | KL: 28.0187
Negative ELBO: 214.1047 | Recon Loss: 191.6631 | KL: 28.0520
Epoch 2371/3000:
--------
Negative ELBO: 214.9586 | Recon Loss: 192.5261 | KL: 28.0407
Epoch 2372/3000:
--------
Negative ELBO: 214.9901 | Recon Loss: 192.5670 | KL: 28.0288
Epoch 2373/3000:
--------
Negative ELBO: 215.0487 | Recon Loss: 192.6277 | KL: 28.0262
Epoch 2374/3000:
--------
Negative ELBO: 214.9655 | Recon Loss: 192.5351 | KL: 28.0381
Epoch 2375/3000:
--------
Negative ELBO: 214.8964 | Recon Loss: 192.4650 | KL: 28.0392
Negative ELBO: 214.3446 | Recon Loss: 191.9239 | KL: 28.0259
Epoch 2376/3000:
--------
Negative ELBO: 214.8909 | Recon Loss: 192.4680 | KL: 28.0285
Epoch 2377/3000:
--------
Negative ELBO: 214.9634 | Recon Loss: 192.5546 | KL: 28.0109
Epoch 2378/3000:
--------
Negative ELBO: 214.9688 | Recon Loss: 192.5426 | KL: 28.0328
Epoch 2379/3000:
--------
Negative ELBO: 214.9511 | Recon Loss: 192.5241 | KL: 28.0338
Epoch 2380/3000:
--------
Negative ELBO: 214.9874 | Recon Loss: 192.5560 | KL: 28.0393
Negative ELBO: 214.5078 | Recon Loss: 192.1254 | KL: 27.9781
Epoch 2381/3000:
--------
Negative ELBO: 214.9416 | Recon Loss: 192.5007 | KL: 28.0512
Epoch 2382/3000:
--------
Negative ELBO: 215.0311 | Recon Loss: 192.6184 | KL: 28.0160
Epoch 2383/3000:
--------
Negative ELBO: 214.9378 | Recon Loss: 192.5060 | KL: 28.0398
Epoch 2384/3000:
--------
Negative ELBO: 214.9620 | Recon Loss: 192.5279 | KL: 28.0427
Epoch 2385/3000:
--------
Negative ELBO: 214.9383 | Recon Loss: 192.5024 | KL: 28.0449
Negative ELBO: 214.4708 | Recon Loss: 192.0601 | KL: 28.0134
Epoch 2386/3000:
--------
Negative ELBO: 214.9902 | Recon Loss: 192.5764 | KL: 28.0173
Epoch 2387/3000:
--------
Negative ELBO: 215.0233 | Recon Loss: 192.5995 | KL: 28.0298
Epoch 2388/3000:
--------
Negative ELBO: 214.8915 | Recon Loss: 192.4636 | KL: 28.0348
Epoch 2389/3000:
--------
Negative ELBO: 214.9257 | Recon Loss: 192.4937 | KL: 28.0400
Epoch 2390/3000:
--------
Negative ELBO: 214.9033 | Recon Loss: 192.4792 | KL: 28.0300
Negative ELBO: 214.5360 | Recon Loss: 192.0881 | KL: 28.0599
Epoch 2391/3000:
--------
Negative ELBO: 215.0151 | Recon Loss: 192.5889 | KL: 28.0328
Epoch 2392/3000:
--------
Negative ELBO: 214.8704 | Recon Loss: 192.4381 | KL: 28.0403
Epoch 2393/3000:
--------
Negative ELBO: 214.9248 | Recon Loss: 192.5004 | KL: 28.0304
Epoch 2394/3000:
--------
Negative ELBO: 214.9407 | Recon Loss: 192.5240 | KL: 28.0209
Epoch 2395/3000:
--------
Negative ELBO: 215.0651 | Recon Loss: 192.6455 | KL: 28.0245
Negative ELBO: 214.5113 | Recon Loss: 192.1009 | KL: 28.0130
Epoch 2396/3000:
--------
Negative ELBO: 214.9025 | Recon Loss: 192.4746 | KL: 28.0348
Epoch 2397/3000:
--------
Negative ELBO: 214.9098 | Recon Loss: 192.4853 | KL: 28.0307
Epoch 2398/3000:
--------
Negative ELBO: 215.0428 | Recon Loss: 192.6203 | KL: 28.0281
Epoch 2399/3000:
--------
Negative ELBO: 214.8973 | Recon Loss: 192.4764 | KL: 28.0261
Epoch 2400/3000:
--------
Negative ELBO: 214.9513 | Recon Loss: 192.5351 | KL: 28.0202
Negative ELBO: 214.1755 | Recon Loss: 191.7213 | KL: 28.0677
Epoch 2401/3000:
--------
Negative ELBO: 214.8581 | Recon Loss: 192.4213 | KL: 28.0460
Epoch 2402/3000:
--------
Negative ELBO: 214.9537 | Recon Loss: 192.5477 | KL: 28.0075
Epoch 2403/3000:
--------
Negative ELBO: 214.9015 | Recon Loss: 192.4768 | KL: 28.0309
Epoch 2404/3000:
--------
Negative ELBO: 215.0128 | Recon Loss: 192.5872 | KL: 28.0320
Epoch 2405/3000:
--------
Negative ELBO: 214.9065 | Recon Loss: 192.4845 | KL: 28.0275
Negative ELBO: 214.6926 | Recon Loss: 192.2953 | KL: 27.9966
Epoch 2406/3000:
--------
Negative ELBO: 214.9946 | Recon Loss: 192.5569 | KL: 28.0472
Epoch 2407/3000:
--------
Negative ELBO: 214.9062 | Recon Loss: 192.4770 | KL: 28.0364
Epoch 2408/3000:
--------
Negative ELBO: 214.9083 | Recon Loss: 192.4712 | KL: 28.0464
Epoch 2409/3000:
--------
Negative ELBO: 214.9395 | Recon Loss: 192.5098 | KL: 28.0372
Epoch 2410/3000:
--------
Negative ELBO: 214.9346 | Recon Loss: 192.4885 | KL: 28.0576
Negative ELBO: 214.4160 | Recon Loss: 191.9524 | KL: 28.0795
Epoch 2411/3000:
--------
Negative ELBO: 215.0613 | Recon Loss: 192.6370 | KL: 28.0304
Epoch 2412/3000:
--------
Negative ELBO: 214.9427 | Recon Loss: 192.5226 | KL: 28.0252
Epoch 2413/3000:
--------
Negative ELBO: 214.9238 | Recon Loss: 192.5035 | KL: 28.0255
Epoch 2414/3000:
--------
Negative ELBO: 214.8949 | Recon Loss: 192.4516 | KL: 28.0541
Epoch 2415/3000:
--------
Negative ELBO: 214.9293 | Recon Loss: 192.5050 | KL: 28.0304
Negative ELBO: 214.4158 | Recon Loss: 191.9987 | KL: 28.0215
Epoch 2416/3000:
--------
Negative ELBO: 214.9574 | Recon Loss: 192.5333 | KL: 28.0301
Epoch 2417/3000:
--------
Negative ELBO: 215.0015 | Recon Loss: 192.5888 | KL: 28.0159
Epoch 2418/3000:
--------
Negative ELBO: 214.9393 | Recon Loss: 192.5122 | KL: 28.0339
Epoch 2419/3000:
--------
Negative ELBO: 214.8696 | Recon Loss: 192.4298 | KL: 28.0498
Epoch 2420/3000:
--------
Negative ELBO: 214.8387 | Recon Loss: 192.4153 | KL: 28.0292
Negative ELBO: 214.4528 | Recon Loss: 192.0249 | KL: 28.0348
Epoch 2421/3000:
--------
Negative ELBO: 214.9736 | Recon Loss: 192.5479 | KL: 28.0321
Epoch 2422/3000:
--------
Negative ELBO: 214.9129 | Recon Loss: 192.4809 | KL: 28.0401
Epoch 2423/3000:
--------
Negative ELBO: 214.9377 | Recon Loss: 192.5088 | KL: 28.0361
Epoch 2424/3000:
--------
Negative ELBO: 214.9307 | Recon Loss: 192.5081 | KL: 28.0282
Epoch 2425/3000:
--------
Negative ELBO: 214.9329 | Recon Loss: 192.4982 | KL: 28.0434
Negative ELBO: 214.5021 | Recon Loss: 192.0912 | KL: 28.0136
Epoch 2426/3000:
--------
Negative ELBO: 214.9775 | Recon Loss: 192.5424 | KL: 28.0439
Epoch 2427/3000:
--------
Negative ELBO: 214.9101 | Recon Loss: 192.4593 | KL: 28.0634
Epoch 2428/3000:
--------
Negative ELBO: 215.0242 | Recon Loss: 192.5953 | KL: 28.0361
Epoch 2429/3000:
--------
Negative ELBO: 215.1075 | Recon Loss: 192.6886 | KL: 28.0236
Epoch 2430/3000:
--------
Negative ELBO: 214.9093 | Recon Loss: 192.4760 | KL: 28.0416
Negative ELBO: 214.3454 | Recon Loss: 191.9332 | KL: 28.0152
Epoch 2431/3000:
--------
Negative ELBO: 215.0151 | Recon Loss: 192.5952 | KL: 28.0250
Epoch 2432/3000:
--------
Negative ELBO: 214.9415 | Recon Loss: 192.5116 | KL: 28.0373
Epoch 2433/3000:
--------
Negative ELBO: 214.8264 | Recon Loss: 192.3995 | KL: 28.0337
Epoch 2434/3000:
--------
Negative ELBO: 214.9482 | Recon Loss: 192.5141 | KL: 28.0427
Epoch 2435/3000:
--------
Negative ELBO: 214.9492 | Recon Loss: 192.5266 | KL: 28.0282
Negative ELBO: 214.1654 | Recon Loss: 191.7642 | KL: 28.0015
Epoch 2436/3000:
--------
Negative ELBO: 214.9759 | Recon Loss: 192.5553 | KL: 28.0257
Epoch 2437/3000:
--------
Negative ELBO: 215.0718 | Recon Loss: 192.6466 | KL: 28.0315
Epoch 2438/3000:
--------
Negative ELBO: 214.9305 | Recon Loss: 192.5019 | KL: 28.0358
Epoch 2439/3000:
--------
Negative ELBO: 214.9425 | Recon Loss: 192.5127 | KL: 28.0374
Epoch 2440/3000:
--------
Negative ELBO: 214.9390 | Recon Loss: 192.5109 | KL: 28.0351
Negative ELBO: 214.4048 | Recon Loss: 191.9754 | KL: 28.0368
Epoch 2441/3000:
--------
Negative ELBO: 214.9670 | Recon Loss: 192.5497 | KL: 28.0217
Epoch 2442/3000:
--------
Negative ELBO: 214.9596 | Recon Loss: 192.5265 | KL: 28.0413
Epoch 2443/3000:
--------
Negative ELBO: 215.0527 | Recon Loss: 192.6155 | KL: 28.0466
Epoch 2444/3000:
--------
Negative ELBO: 215.0068 | Recon Loss: 192.5757 | KL: 28.0390
Epoch 2445/3000:
--------
Negative ELBO: 215.0653 | Recon Loss: 192.6322 | KL: 28.0414
Negative ELBO: 214.3198 | Recon Loss: 191.8886 | KL: 28.0390
Epoch 2446/3000:
--------
Negative ELBO: 214.9941 | Recon Loss: 192.5509 | KL: 28.0540
Epoch 2447/3000:
--------
Negative ELBO: 215.0201 | Recon Loss: 192.5857 | KL: 28.0431
Epoch 2448/3000:
--------
Negative ELBO: 215.0477 | Recon Loss: 192.6287 | KL: 28.0238
Epoch 2449/3000:
--------
Negative ELBO: 215.0321 | Recon Loss: 192.6084 | KL: 28.0295
Epoch 2450/3000:
--------
Negative ELBO: 215.1109 | Recon Loss: 192.6913 | KL: 28.0245
Negative ELBO: 214.2676 | Recon Loss: 191.8428 | KL: 28.0310
Epoch 2451/3000:
--------
Negative ELBO: 214.9605 | Recon Loss: 192.5250 | KL: 28.0444
Epoch 2452/3000:
--------
Negative ELBO: 214.9451 | Recon Loss: 192.5130 | KL: 28.0401
Epoch 2453/3000:
--------
Negative ELBO: 214.9529 | Recon Loss: 192.5181 | KL: 28.0435
Epoch 2454/3000:
--------
Negative ELBO: 214.9105 | Recon Loss: 192.4708 | KL: 28.0495
Epoch 2455/3000:
--------
Negative ELBO: 214.9975 | Recon Loss: 192.5695 | KL: 28.0351
Negative ELBO: 214.3699 | Recon Loss: 191.9693 | KL: 28.0007
Epoch 2456/3000:
--------
Negative ELBO: 215.0091 | Recon Loss: 192.5906 | KL: 28.0232
Epoch 2457/3000:
--------
Negative ELBO: 214.9883 | Recon Loss: 192.5598 | KL: 28.0357
Epoch 2458/3000:
--------
Negative ELBO: 215.0040 | Recon Loss: 192.5911 | KL: 28.0161
Epoch 2459/3000:
--------
Negative ELBO: 214.8694 | Recon Loss: 192.4400 | KL: 28.0368
Epoch 2460/3000:
--------
Negative ELBO: 214.9524 | Recon Loss: 192.5334 | KL: 28.0239
Negative ELBO: 214.5014 | Recon Loss: 192.0728 | KL: 28.0357
Epoch 2461/3000:
--------
Negative ELBO: 215.0019 | Recon Loss: 192.5875 | KL: 28.0180
Epoch 2462/3000:
--------
Negative ELBO: 215.0006 | Recon Loss: 192.5839 | KL: 28.0210
Epoch 2463/3000:
--------
Negative ELBO: 214.9327 | Recon Loss: 192.5168 | KL: 28.0199
Epoch 2464/3000:
--------
Negative ELBO: 214.9820 | Recon Loss: 192.5572 | KL: 28.0311
Epoch 2465/3000:
--------
Negative ELBO: 214.9973 | Recon Loss: 192.5729 | KL: 28.0304
Negative ELBO: 214.6940 | Recon Loss: 192.2709 | KL: 28.0288
Epoch 2466/3000:
--------
Negative ELBO: 214.9822 | Recon Loss: 192.5806 | KL: 28.0020
Epoch 2467/3000:
--------
Negative ELBO: 214.9020 | Recon Loss: 192.4801 | KL: 28.0274
Epoch 2468/3000:
--------
Negative ELBO: 214.9088 | Recon Loss: 192.4696 | KL: 28.0490
Epoch 2469/3000:
--------
Negative ELBO: 214.9374 | Recon Loss: 192.5073 | KL: 28.0377
Epoch 2470/3000:
--------
Negative ELBO: 215.0063 | Recon Loss: 192.5844 | KL: 28.0273
Negative ELBO: 214.3971 | Recon Loss: 191.9662 | KL: 28.0387
Epoch 2471/3000:
--------
Negative ELBO: 214.9754 | Recon Loss: 192.5464 | KL: 28.0362
Epoch 2472/3000:
--------
Negative ELBO: 214.9380 | Recon Loss: 192.4998 | KL: 28.0478
Epoch 2473/3000:
--------
Negative ELBO: 214.9869 | Recon Loss: 192.5521 | KL: 28.0435
Epoch 2474/3000:
--------
Negative ELBO: 214.9856 | Recon Loss: 192.5452 | KL: 28.0505
Epoch 2475/3000:
--------
Negative ELBO: 214.9402 | Recon Loss: 192.5071 | KL: 28.0414
Negative ELBO: 214.7736 | Recon Loss: 192.3693 | KL: 28.0054
Epoch 2476/3000:
--------
Negative ELBO: 215.0349 | Recon Loss: 192.6028 | KL: 28.0401
Epoch 2477/3000:
--------
Negative ELBO: 214.9922 | Recon Loss: 192.5497 | KL: 28.0532
Epoch 2478/3000:
--------
Negative ELBO: 215.0056 | Recon Loss: 192.5729 | KL: 28.0409
Epoch 2479/3000:
--------
Negative ELBO: 215.0958 | Recon Loss: 192.6739 | KL: 28.0274
Epoch 2480/3000:
--------
Negative ELBO: 214.9426 | Recon Loss: 192.5012 | KL: 28.0518
Negative ELBO: 214.7333 | Recon Loss: 192.3214 | KL: 28.0149
Epoch 2481/3000:
--------
Negative ELBO: 215.0715 | Recon Loss: 192.6462 | KL: 28.0316
Epoch 2482/3000:
--------
Negative ELBO: 214.8628 | Recon Loss: 192.4227 | KL: 28.0501
Epoch 2483/3000:
--------
Negative ELBO: 215.0545 | Recon Loss: 192.6315 | KL: 28.0287
Epoch 2484/3000:
--------
Negative ELBO: 215.0235 | Recon Loss: 192.6022 | KL: 28.0266
Epoch 2485/3000:
--------
Negative ELBO: 214.9673 | Recon Loss: 192.5410 | KL: 28.0330
Negative ELBO: 214.4154 | Recon Loss: 191.9716 | KL: 28.0547
Epoch 2486/3000:
--------
Negative ELBO: 214.9768 | Recon Loss: 192.5560 | KL: 28.0260
Epoch 2487/3000:
--------
Negative ELBO: 214.9723 | Recon Loss: 192.5475 | KL: 28.0310
Epoch 2488/3000:
--------
Negative ELBO: 215.0542 | Recon Loss: 192.6162 | KL: 28.0475
Epoch 2489/3000:
--------
Negative ELBO: 215.0143 | Recon Loss: 192.5865 | KL: 28.0348
Epoch 2490/3000:
--------
Negative ELBO: 214.9816 | Recon Loss: 192.5545 | KL: 28.0339
Negative ELBO: 214.4852 | Recon Loss: 192.0506 | KL: 28.0433
Epoch 2491/3000:
--------
Negative ELBO: 214.9863 | Recon Loss: 192.5560 | KL: 28.0379
Epoch 2492/3000:
--------
Negative ELBO: 215.0412 | Recon Loss: 192.6203 | KL: 28.0262
Epoch 2493/3000:
--------
Negative ELBO: 215.0080 | Recon Loss: 192.5895 | KL: 28.0232
Epoch 2494/3000:
--------
Negative ELBO: 214.9906 | Recon Loss: 192.5568 | KL: 28.0423
Epoch 2495/3000:
--------
Negative ELBO: 215.0864 | Recon Loss: 192.6695 | KL: 28.0211
Negative ELBO: 214.4347 | Recon Loss: 192.0392 | KL: 27.9945
Epoch 2496/3000:
--------
Negative ELBO: 214.9779 | Recon Loss: 192.5597 | KL: 28.0228
Epoch 2497/3000:
--------
Negative ELBO: 214.9091 | Recon Loss: 192.4826 | KL: 28.0331
Epoch 2498/3000:
--------
Negative ELBO: 215.0449 | Recon Loss: 192.6253 | KL: 28.0245
Epoch 2499/3000:
--------
Negative ELBO: 214.9580 | Recon Loss: 192.5239 | KL: 28.0426
Epoch 2500/3000:
--------
Negative ELBO: 214.9540 | Recon Loss: 192.5340 | KL: 28.0250
Negative ELBO: 214.4475 | Recon Loss: 192.0083 | KL: 28.0490
Epoch 2501/3000:
--------
Negative ELBO: 214.9736 | Recon Loss: 192.5571 | KL: 28.0207
Epoch 2502/3000:
--------
Negative ELBO: 215.0665 | Recon Loss: 192.6465 | KL: 28.0251
Epoch 2503/3000:
--------
Negative ELBO: 214.9876 | Recon Loss: 192.5566 | KL: 28.0388
Epoch 2504/3000:
--------
Negative ELBO: 214.9638 | Recon Loss: 192.5321 | KL: 28.0396
Epoch 2505/3000:
--------
Negative ELBO: 214.9639 | Recon Loss: 192.5482 | KL: 28.0197
Negative ELBO: 214.2674 | Recon Loss: 191.8559 | KL: 28.0144
Epoch 2506/3000:
--------
Negative ELBO: 215.0207 | Recon Loss: 192.5902 | KL: 28.0381
Epoch 2507/3000:
--------
Negative ELBO: 215.0922 | Recon Loss: 192.6756 | KL: 28.0208
Epoch 2508/3000:
--------
Negative ELBO: 214.9639 | Recon Loss: 192.5281 | KL: 28.0447
Epoch 2509/3000:
--------
Negative ELBO: 215.0749 | Recon Loss: 192.6439 | KL: 28.0388
Epoch 2510/3000:
--------
Negative ELBO: 215.0258 | Recon Loss: 192.6030 | KL: 28.0284
Negative ELBO: 214.4211 | Recon Loss: 191.9979 | KL: 28.0289
Epoch 2511/3000:
--------
Negative ELBO: 214.9629 | Recon Loss: 192.5412 | KL: 28.0272
Epoch 2512/3000:
--------
Negative ELBO: 214.8955 | Recon Loss: 192.4785 | KL: 28.0213
Epoch 2513/3000:
--------
Negative ELBO: 214.8102 | Recon Loss: 192.3803 | KL: 28.0374
Epoch 2514/3000:
--------
Negative ELBO: 214.9606 | Recon Loss: 192.5322 | KL: 28.0355
Epoch 2515/3000:
--------
Negative ELBO: 214.9548 | Recon Loss: 192.5367 | KL: 28.0226
Negative ELBO: 214.5269 | Recon Loss: 192.1092 | KL: 28.0222
Epoch 2516/3000:
--------
Negative ELBO: 215.0001 | Recon Loss: 192.5817 | KL: 28.0230
Epoch 2517/3000:
--------
Negative ELBO: 214.8930 | Recon Loss: 192.4646 | KL: 28.0356
Epoch 2518/3000:
--------
Negative ELBO: 215.0690 | Recon Loss: 192.6657 | KL: 28.0042
Epoch 2519/3000:
--------
Negative ELBO: 215.0104 | Recon Loss: 192.5956 | KL: 28.0184
Epoch 2520/3000:
--------
Negative ELBO: 215.0382 | Recon Loss: 192.6209 | KL: 28.0216
Negative ELBO: 214.3846 | Recon Loss: 192.0112 | KL: 27.9667
Epoch 2521/3000:
--------
Negative ELBO: 214.9825 | Recon Loss: 192.5684 | KL: 28.0177
Epoch 2522/3000:
--------
Negative ELBO: 215.0913 | Recon Loss: 192.6785 | KL: 28.0161
Epoch 2523/3000:
--------
Negative ELBO: 214.9646 | Recon Loss: 192.5406 | KL: 28.0300
Epoch 2524/3000:
--------
Negative ELBO: 215.0936 | Recon Loss: 192.6932 | KL: 28.0004
Epoch 2525/3000:
--------
Negative ELBO: 215.0163 | Recon Loss: 192.6031 | KL: 28.0165
Negative ELBO: 214.5773 | Recon Loss: 192.1586 | KL: 28.0234
Epoch 2526/3000:
--------
Negative ELBO: 215.0379 | Recon Loss: 192.6117 | KL: 28.0328
Epoch 2527/3000:
--------
Negative ELBO: 215.0466 | Recon Loss: 192.6415 | KL: 28.0064
Epoch 2528/3000:
--------
Negative ELBO: 215.0034 | Recon Loss: 192.5854 | KL: 28.0225
Epoch 2529/3000:
--------
Negative ELBO: 214.9067 | Recon Loss: 192.4987 | KL: 28.0099
Epoch 2530/3000:
--------
Negative ELBO: 214.9715 | Recon Loss: 192.5571 | KL: 28.0180
Negative ELBO: 214.5228 | Recon Loss: 192.1194 | KL: 28.0043
Epoch 2531/3000:
--------
Negative ELBO: 215.0262 | Recon Loss: 192.6094 | KL: 28.0210
Epoch 2532/3000:
--------
Negative ELBO: 214.9198 | Recon Loss: 192.5134 | KL: 28.0080
Epoch 2533/3000:
--------
Negative ELBO: 215.0295 | Recon Loss: 192.6119 | KL: 28.0221
Epoch 2534/3000:
--------
Negative ELBO: 214.9118 | Recon Loss: 192.4802 | KL: 28.0395
Epoch 2535/3000:
--------
Negative ELBO: 214.9138 | Recon Loss: 192.4980 | KL: 28.0198
Negative ELBO: 214.4440 | Recon Loss: 192.0583 | KL: 27.9822
Epoch 2536/3000:
--------
Negative ELBO: 215.0262 | Recon Loss: 192.6107 | KL: 28.0193
Epoch 2537/3000:
--------
Negative ELBO: 215.0231 | Recon Loss: 192.6025 | KL: 28.0257
Epoch 2538/3000:
--------
Negative ELBO: 214.9625 | Recon Loss: 192.5624 | KL: 28.0002
Epoch 2539/3000:
--------
Negative ELBO: 214.9027 | Recon Loss: 192.4904 | KL: 28.0154
Epoch 2540/3000:
--------
Negative ELBO: 214.9770 | Recon Loss: 192.5638 | KL: 28.0166
Negative ELBO: 214.3600 | Recon Loss: 191.9431 | KL: 28.0212
Epoch 2541/3000:
--------
Negative ELBO: 214.8727 | Recon Loss: 192.4584 | KL: 28.0179
Epoch 2542/3000:
--------
Negative ELBO: 214.9460 | Recon Loss: 192.5306 | KL: 28.0192
Epoch 2543/3000:
--------
Negative ELBO: 214.8963 | Recon Loss: 192.4740 | KL: 28.0278
Epoch 2544/3000:
--------
Negative ELBO: 215.0224 | Recon Loss: 192.6019 | KL: 28.0257
Epoch 2545/3000:
--------
Negative ELBO: 214.9059 | Recon Loss: 192.4869 | KL: 28.0237
Negative ELBO: 214.5098 | Recon Loss: 192.1181 | KL: 27.9896
Epoch 2546/3000:
--------
Negative ELBO: 214.9436 | Recon Loss: 192.5045 | KL: 28.0488
Epoch 2547/3000:
--------
Negative ELBO: 215.0108 | Recon Loss: 192.5791 | KL: 28.0397
Epoch 2548/3000:
--------
Negative ELBO: 214.9991 | Recon Loss: 192.5698 | KL: 28.0366
Epoch 2549/3000:
--------
Negative ELBO: 214.9628 | Recon Loss: 192.5313 | KL: 28.0394
Epoch 2550/3000:
--------
Negative ELBO: 214.8906 | Recon Loss: 192.4727 | KL: 28.0224
Negative ELBO: 214.4770 | Recon Loss: 192.0650 | KL: 28.0150
Epoch 2551/3000:
--------
Negative ELBO: 214.9431 | Recon Loss: 192.5191 | KL: 28.0300
Epoch 2552/3000:
--------
Negative ELBO: 215.0128 | Recon Loss: 192.5787 | KL: 28.0426
Epoch 2553/3000:
--------
Negative ELBO: 214.9887 | Recon Loss: 192.5597 | KL: 28.0364
Epoch 2554/3000:
--------
Negative ELBO: 214.9703 | Recon Loss: 192.5495 | KL: 28.0260
Epoch 2555/3000:
--------
Negative ELBO: 214.9405 | Recon Loss: 192.5216 | KL: 28.0236
Negative ELBO: 214.2595 | Recon Loss: 191.8433 | KL: 28.0202
Epoch 2556/3000:
--------
Negative ELBO: 214.8952 | Recon Loss: 192.4683 | KL: 28.0337
Epoch 2557/3000:
--------
Negative ELBO: 214.9389 | Recon Loss: 192.5306 | KL: 28.0104
Epoch 2558/3000:
--------
Negative ELBO: 214.9122 | Recon Loss: 192.4910 | KL: 28.0265
Epoch 2559/3000:
--------
Negative ELBO: 214.9488 | Recon Loss: 192.5326 | KL: 28.0202
Epoch 2560/3000:
--------
Negative ELBO: 214.9251 | Recon Loss: 192.5050 | KL: 28.0251
Negative ELBO: 214.7493 | Recon Loss: 192.3848 | KL: 27.9556
Epoch 2561/3000:
--------
Negative ELBO: 214.9566 | Recon Loss: 192.5226 | KL: 28.0424
Epoch 2562/3000:
--------
Negative ELBO: 214.8696 | Recon Loss: 192.4495 | KL: 28.0252
Epoch 2563/3000:
--------
Negative ELBO: 215.0132 | Recon Loss: 192.5797 | KL: 28.0419
Epoch 2564/3000:
--------
Negative ELBO: 214.9552 | Recon Loss: 192.5296 | KL: 28.0320
Epoch 2565/3000:
--------
Negative ELBO: 215.0598 | Recon Loss: 192.6508 | KL: 28.0113
Negative ELBO: 214.5773 | Recon Loss: 192.1350 | KL: 28.0529
Epoch 2566/3000:
--------
Negative ELBO: 215.0600 | Recon Loss: 192.6456 | KL: 28.0181
Epoch 2567/3000:
--------
Negative ELBO: 214.8940 | Recon Loss: 192.4696 | KL: 28.0305
Epoch 2568/3000:
--------
Negative ELBO: 215.0109 | Recon Loss: 192.5874 | KL: 28.0294
Epoch 2569/3000:
--------
Negative ELBO: 215.0400 | Recon Loss: 192.6386 | KL: 28.0018
Epoch 2570/3000:
--------
Negative ELBO: 214.9018 | Recon Loss: 192.4888 | KL: 28.0162
Negative ELBO: 214.6052 | Recon Loss: 192.2045 | KL: 28.0009
Epoch 2571/3000:
--------
Negative ELBO: 214.8996 | Recon Loss: 192.4871 | KL: 28.0155
Epoch 2572/3000:
--------
Negative ELBO: 214.9375 | Recon Loss: 192.5294 | KL: 28.0101
Epoch 2573/3000:
--------
Negative ELBO: 214.8906 | Recon Loss: 192.4656 | KL: 28.0313
Epoch 2574/3000:
--------
Negative ELBO: 214.9140 | Recon Loss: 192.4973 | KL: 28.0209
Epoch 2575/3000:
--------
Negative ELBO: 214.9769 | Recon Loss: 192.5558 | KL: 28.0264
Negative ELBO: 214.4313 | Recon Loss: 192.0637 | KL: 27.9595
Epoch 2576/3000:
--------
Negative ELBO: 214.9489 | Recon Loss: 192.5279 | KL: 28.0262
Epoch 2577/3000:
--------
Negative ELBO: 214.8721 | Recon Loss: 192.4441 | KL: 28.0350
Epoch 2578/3000:
--------
Negative ELBO: 214.9330 | Recon Loss: 192.5109 | KL: 28.0277
Epoch 2579/3000:
--------
Negative ELBO: 214.9055 | Recon Loss: 192.4888 | KL: 28.0209
Epoch 2580/3000:
--------
Negative ELBO: 214.9386 | Recon Loss: 192.5093 | KL: 28.0366
Negative ELBO: 214.3887 | Recon Loss: 191.9699 | KL: 28.0235
Epoch 2581/3000:
--------
Negative ELBO: 214.9427 | Recon Loss: 192.5243 | KL: 28.0229
Epoch 2582/3000:
--------
Negative ELBO: 214.9395 | Recon Loss: 192.5170 | KL: 28.0282
Epoch 2583/3000:
--------
Negative ELBO: 214.9613 | Recon Loss: 192.5226 | KL: 28.0484
Epoch 2584/3000:
--------
Negative ELBO: 215.0577 | Recon Loss: 192.6410 | KL: 28.0209
Epoch 2585/3000:
--------
Negative ELBO: 215.0208 | Recon Loss: 192.5947 | KL: 28.0326
Negative ELBO: 214.6044 | Recon Loss: 192.2359 | KL: 27.9606
Epoch 2586/3000:
--------
Negative ELBO: 214.9767 | Recon Loss: 192.5717 | KL: 28.0062
Epoch 2587/3000:
--------
Negative ELBO: 214.9968 | Recon Loss: 192.5859 | KL: 28.0136
Epoch 2588/3000:
--------
Negative ELBO: 214.9892 | Recon Loss: 192.5577 | KL: 28.0393
Epoch 2589/3000:
--------
Negative ELBO: 214.9828 | Recon Loss: 192.5557 | KL: 28.0339
Epoch 2590/3000:
--------
Negative ELBO: 215.0078 | Recon Loss: 192.5893 | KL: 28.0231
Negative ELBO: 214.3726 | Recon Loss: 191.9500 | KL: 28.0283
Epoch 2591/3000:
--------
Negative ELBO: 214.9020 | Recon Loss: 192.4676 | KL: 28.0430
Epoch 2592/3000:
--------
Negative ELBO: 215.0156 | Recon Loss: 192.5963 | KL: 28.0242
Epoch 2593/3000:
--------
Negative ELBO: 214.9742 | Recon Loss: 192.5553 | KL: 28.0236
Epoch 2594/3000:
--------
Negative ELBO: 214.9625 | Recon Loss: 192.5453 | KL: 28.0215
Epoch 2595/3000:
--------
Negative ELBO: 215.0523 | Recon Loss: 192.6384 | KL: 28.0173
Negative ELBO: 214.5188 | Recon Loss: 192.1174 | KL: 28.0018
Epoch 2596/3000:
--------
Negative ELBO: 214.9482 | Recon Loss: 192.5220 | KL: 28.0328
Epoch 2597/3000:
--------
Negative ELBO: 214.9359 | Recon Loss: 192.4970 | KL: 28.0486
Epoch 2598/3000:
--------
Negative ELBO: 215.0109 | Recon Loss: 192.5813 | KL: 28.0371
Epoch 2599/3000:
--------
Negative ELBO: 214.9243 | Recon Loss: 192.4884 | KL: 28.0449
Epoch 2600/3000:
--------
Negative ELBO: 214.9967 | Recon Loss: 192.5851 | KL: 28.0146
Negative ELBO: 214.3553 | Recon Loss: 191.9372 | KL: 28.0227
Epoch 2601/3000:
--------
Negative ELBO: 214.9595 | Recon Loss: 192.5410 | KL: 28.0231
Epoch 2602/3000:
--------
Negative ELBO: 214.9161 | Recon Loss: 192.4814 | KL: 28.0434
Epoch 2603/3000:
--------
Negative ELBO: 214.9851 | Recon Loss: 192.5558 | KL: 28.0366
Epoch 2604/3000:
--------
Negative ELBO: 214.9619 | Recon Loss: 192.5295 | KL: 28.0404
Epoch 2605/3000:
--------
Negative ELBO: 215.0045 | Recon Loss: 192.5806 | KL: 28.0299
Negative ELBO: 214.3679 | Recon Loss: 191.9287 | KL: 28.0491
Epoch 2606/3000:
--------
Negative ELBO: 214.9074 | Recon Loss: 192.4870 | KL: 28.0255
Epoch 2607/3000:
--------
Negative ELBO: 214.9592 | Recon Loss: 192.5330 | KL: 28.0327
Epoch 2608/3000:
--------
Negative ELBO: 214.9214 | Recon Loss: 192.4943 | KL: 28.0338
Epoch 2609/3000:
--------
Negative ELBO: 214.8550 | Recon Loss: 192.4396 | KL: 28.0193
Epoch 2610/3000:
--------
Negative ELBO: 214.9633 | Recon Loss: 192.5388 | KL: 28.0306
Negative ELBO: 214.5982 | Recon Loss: 192.2153 | KL: 27.9786
Epoch 2611/3000:
--------
Negative ELBO: 215.0164 | Recon Loss: 192.6079 | KL: 28.0106
Epoch 2612/3000:
--------
Negative ELBO: 214.9499 | Recon Loss: 192.5308 | KL: 28.0238
Epoch 2613/3000:
--------
Negative ELBO: 214.9551 | Recon Loss: 192.5406 | KL: 28.0181
Epoch 2614/3000:
--------
Negative ELBO: 215.0015 | Recon Loss: 192.5938 | KL: 28.0096
Epoch 2615/3000:
--------
Negative ELBO: 215.0036 | Recon Loss: 192.5926 | KL: 28.0138
Negative ELBO: 214.4546 | Recon Loss: 192.0530 | KL: 28.0020
Epoch 2616/3000:
--------
Negative ELBO: 214.9024 | Recon Loss: 192.4840 | KL: 28.0230
Epoch 2617/3000:
--------
Negative ELBO: 214.9210 | Recon Loss: 192.5147 | KL: 28.0079
Epoch 2618/3000:
--------
Negative ELBO: 214.8862 | Recon Loss: 192.4689 | KL: 28.0216
Epoch 2619/3000:
--------
Negative ELBO: 214.8645 | Recon Loss: 192.4514 | KL: 28.0164
Epoch 2620/3000:
--------
Negative ELBO: 214.9360 | Recon Loss: 192.5273 | KL: 28.0108
Negative ELBO: 214.4766 | Recon Loss: 192.0540 | KL: 28.0283
Epoch 2621/3000:
--------
Negative ELBO: 214.9299 | Recon Loss: 192.5031 | KL: 28.0335
Epoch 2622/3000:
--------
Negative ELBO: 214.9056 | Recon Loss: 192.4920 | KL: 28.0170
Epoch 2623/3000:
--------
Negative ELBO: 214.9294 | Recon Loss: 192.5095 | KL: 28.0248
Epoch 2624/3000:
--------
Negative ELBO: 215.0293 | Recon Loss: 192.6057 | KL: 28.0295
Epoch 2625/3000:
--------
Negative ELBO: 214.8598 | Recon Loss: 192.4394 | KL: 28.0255
Negative ELBO: 214.5571 | Recon Loss: 192.1629 | KL: 27.9927
Epoch 2626/3000:
--------
Negative ELBO: 214.9107 | Recon Loss: 192.4963 | KL: 28.0180
Epoch 2627/3000:
--------
Negative ELBO: 214.9101 | Recon Loss: 192.4939 | KL: 28.0202
Epoch 2628/3000:
--------
Negative ELBO: 214.8862 | Recon Loss: 192.4504 | KL: 28.0447
Epoch 2629/3000:
--------
Negative ELBO: 214.9859 | Recon Loss: 192.5656 | KL: 28.0253
Epoch 2630/3000:
--------
Negative ELBO: 214.8702 | Recon Loss: 192.4516 | KL: 28.0232
Negative ELBO: 214.5267 | Recon Loss: 192.1285 | KL: 27.9978
Epoch 2631/3000:
--------
Negative ELBO: 214.9519 | Recon Loss: 192.5356 | KL: 28.0204
Epoch 2632/3000:
--------
Negative ELBO: 215.0165 | Recon Loss: 192.6114 | KL: 28.0064
Epoch 2633/3000:
--------
Negative ELBO: 214.9457 | Recon Loss: 192.5269 | KL: 28.0236
Epoch 2634/3000:
--------
Negative ELBO: 214.9603 | Recon Loss: 192.5371 | KL: 28.0289
Epoch 2635/3000:
--------
Negative ELBO: 215.1090 | Recon Loss: 192.7017 | KL: 28.0091
Negative ELBO: 214.5764 | Recon Loss: 192.1953 | KL: 27.9763
Epoch 2636/3000:
--------
Negative ELBO: 214.9420 | Recon Loss: 192.5241 | KL: 28.0223
Epoch 2637/3000:
--------
Negative ELBO: 214.9677 | Recon Loss: 192.5427 | KL: 28.0313
Epoch 2638/3000:
--------
Negative ELBO: 214.9546 | Recon Loss: 192.5492 | KL: 28.0067
Epoch 2639/3000:
--------
Negative ELBO: 214.9371 | Recon Loss: 192.5272 | KL: 28.0123
Epoch 2640/3000:
--------
Negative ELBO: 214.9330 | Recon Loss: 192.5098 | KL: 28.0289
Negative ELBO: 214.2788 | Recon Loss: 191.8548 | KL: 28.0300
Epoch 2641/3000:
--------
Negative ELBO: 214.8841 | Recon Loss: 192.4548 | KL: 28.0365
Epoch 2642/3000:
--------
Negative ELBO: 214.8539 | Recon Loss: 192.4312 | KL: 28.0284
Epoch 2643/3000:
--------
Negative ELBO: 214.8257 | Recon Loss: 192.4033 | KL: 28.0279
Epoch 2644/3000:
--------
Negative ELBO: 214.8897 | Recon Loss: 192.4634 | KL: 28.0329
Epoch 2645/3000:
--------
Negative ELBO: 214.9973 | Recon Loss: 192.5831 | KL: 28.0178
Negative ELBO: 214.5900 | Recon Loss: 192.1722 | KL: 28.0222
Epoch 2646/3000:
--------
Negative ELBO: 214.9657 | Recon Loss: 192.5341 | KL: 28.0395
Epoch 2647/3000:
--------
Negative ELBO: 214.9590 | Recon Loss: 192.5318 | KL: 28.0341
Epoch 2648/3000:
--------
Negative ELBO: 214.9657 | Recon Loss: 192.5269 | KL: 28.0485
Epoch 2649/3000:
--------
Negative ELBO: 214.9508 | Recon Loss: 192.5305 | KL: 28.0254
Epoch 2650/3000:
--------
Negative ELBO: 214.9373 | Recon Loss: 192.4957 | KL: 28.0520
Negative ELBO: 214.2869 | Recon Loss: 191.8360 | KL: 28.0635
Epoch 2651/3000:
--------
Negative ELBO: 214.9626 | Recon Loss: 192.5453 | KL: 28.0216
Epoch 2652/3000:
--------
Negative ELBO: 214.9742 | Recon Loss: 192.5583 | KL: 28.0198
Epoch 2653/3000:
--------
Negative ELBO: 214.9289 | Recon Loss: 192.5112 | KL: 28.0221
Epoch 2654/3000:
--------
Negative ELBO: 214.9362 | Recon Loss: 192.5004 | KL: 28.0447
Epoch 2655/3000:
--------
Negative ELBO: 214.9478 | Recon Loss: 192.5246 | KL: 28.0290
Negative ELBO: 214.6840 | Recon Loss: 192.2775 | KL: 28.0081
Epoch 2656/3000:
--------
Negative ELBO: 214.9782 | Recon Loss: 192.5503 | KL: 28.0349
Epoch 2657/3000:
--------
Negative ELBO: 214.9843 | Recon Loss: 192.5635 | KL: 28.0260
Epoch 2658/3000:
--------
Negative ELBO: 215.0084 | Recon Loss: 192.5943 | KL: 28.0176
Epoch 2659/3000:
--------
Negative ELBO: 214.9282 | Recon Loss: 192.5011 | KL: 28.0339
Epoch 2660/3000:
--------
Negative ELBO: 214.9068 | Recon Loss: 192.4742 | KL: 28.0407
Negative ELBO: 214.6078 | Recon Loss: 192.1970 | KL: 28.0136
Epoch 2661/3000:
--------
Negative ELBO: 214.9494 | Recon Loss: 192.5231 | KL: 28.0329
Epoch 2662/3000:
--------
Negative ELBO: 215.0058 | Recon Loss: 192.5846 | KL: 28.0265
Epoch 2663/3000:
--------
Negative ELBO: 215.0606 | Recon Loss: 192.6373 | KL: 28.0292
Epoch 2664/3000:
--------
Negative ELBO: 214.9477 | Recon Loss: 192.5046 | KL: 28.0538
Epoch 2665/3000:
--------
Negative ELBO: 215.0412 | Recon Loss: 192.6089 | KL: 28.0404
Negative ELBO: 214.4473 | Recon Loss: 192.0333 | KL: 28.0175
Epoch 2666/3000:
--------
Negative ELBO: 214.9916 | Recon Loss: 192.5655 | KL: 28.0326
Epoch 2667/3000:
--------
Negative ELBO: 215.0353 | Recon Loss: 192.6186 | KL: 28.0209
Epoch 2668/3000:
--------
Negative ELBO: 215.0887 | Recon Loss: 192.6722 | KL: 28.0206
Epoch 2669/3000:
--------
Negative ELBO: 214.9105 | Recon Loss: 192.4787 | KL: 28.0398
Epoch 2670/3000:
--------
Negative ELBO: 214.9211 | Recon Loss: 192.5068 | KL: 28.0179
Negative ELBO: 214.2944 | Recon Loss: 191.8998 | KL: 27.9933
Epoch 2671/3000:
--------
Negative ELBO: 214.9911 | Recon Loss: 192.5637 | KL: 28.0342
Epoch 2672/3000:
--------
Negative ELBO: 214.9991 | Recon Loss: 192.5750 | KL: 28.0302
Epoch 2673/3000:
--------
Negative ELBO: 214.8467 | Recon Loss: 192.4292 | KL: 28.0218
Epoch 2674/3000:
--------
Negative ELBO: 215.0937 | Recon Loss: 192.6708 | KL: 28.0286
Epoch 2675/3000:
--------
Negative ELBO: 214.9743 | Recon Loss: 192.5402 | KL: 28.0427
Negative ELBO: 214.3702 | Recon Loss: 191.9585 | KL: 28.0147
Epoch 2676/3000:
--------
Negative ELBO: 214.9397 | Recon Loss: 192.5232 | KL: 28.0207
Epoch 2677/3000:
--------
Negative ELBO: 215.0054 | Recon Loss: 192.5921 | KL: 28.0167
Epoch 2678/3000:
--------
Negative ELBO: 214.9323 | Recon Loss: 192.4989 | KL: 28.0417
Epoch 2679/3000:
--------
Negative ELBO: 214.9040 | Recon Loss: 192.4834 | KL: 28.0257
Epoch 2680/3000:
--------
Negative ELBO: 214.9733 | Recon Loss: 192.5391 | KL: 28.0427
Negative ELBO: 214.2950 | Recon Loss: 191.8801 | KL: 28.0187
Epoch 2681/3000:
--------
Negative ELBO: 215.0137 | Recon Loss: 192.6021 | KL: 28.0144
Epoch 2682/3000:
--------
Negative ELBO: 214.9113 | Recon Loss: 192.4957 | KL: 28.0195
Epoch 2683/3000:
--------
Negative ELBO: 214.9586 | Recon Loss: 192.5244 | KL: 28.0427
Epoch 2684/3000:
--------
Negative ELBO: 214.9150 | Recon Loss: 192.4875 | KL: 28.0344
Epoch 2685/3000:
--------
Negative ELBO: 214.9415 | Recon Loss: 192.5233 | KL: 28.0228
Negative ELBO: 214.3677 | Recon Loss: 191.9810 | KL: 27.9834
Epoch 2686/3000:
--------
Negative ELBO: 214.8646 | Recon Loss: 192.4377 | KL: 28.0336
Epoch 2687/3000:
--------
Negative ELBO: 214.9160 | Recon Loss: 192.4836 | KL: 28.0406
Epoch 2688/3000:
--------
Negative ELBO: 214.9164 | Recon Loss: 192.5125 | KL: 28.0048
Epoch 2689/3000:
--------
Negative ELBO: 214.8473 | Recon Loss: 192.4104 | KL: 28.0462
Epoch 2690/3000:
--------
Negative ELBO: 214.9654 | Recon Loss: 192.5514 | KL: 28.0175
Negative ELBO: 214.3217 | Recon Loss: 191.8879 | KL: 28.0422
Epoch 2691/3000:
--------
Negative ELBO: 214.9494 | Recon Loss: 192.5243 | KL: 28.0313
Epoch 2692/3000:
--------
Negative ELBO: 215.0233 | Recon Loss: 192.6018 | KL: 28.0269
Epoch 2693/3000:
--------
Negative ELBO: 215.0207 | Recon Loss: 192.5890 | KL: 28.0396
Epoch 2694/3000:
--------
Negative ELBO: 214.9065 | Recon Loss: 192.4734 | KL: 28.0414
Epoch 2695/3000:
--------
Negative ELBO: 214.8883 | Recon Loss: 192.4694 | KL: 28.0236
Negative ELBO: 214.2328 | Recon Loss: 191.7814 | KL: 28.0642
Epoch 2696/3000:
--------
Negative ELBO: 214.8302 | Recon Loss: 192.3901 | KL: 28.0501
Epoch 2697/3000:
--------
Negative ELBO: 215.0059 | Recon Loss: 192.5646 | KL: 28.0516
Epoch 2698/3000:
--------
Negative ELBO: 214.9624 | Recon Loss: 192.5472 | KL: 28.0190
Epoch 2699/3000:
--------
Negative ELBO: 214.9230 | Recon Loss: 192.4979 | KL: 28.0314
Epoch 2700/3000:
--------
Negative ELBO: 214.9814 | Recon Loss: 192.5519 | KL: 28.0369
Negative ELBO: 214.4251 | Recon Loss: 191.9717 | KL: 28.0668
Epoch 2701/3000:
--------
Negative ELBO: 214.8922 | Recon Loss: 192.4592 | KL: 28.0413
Epoch 2702/3000:
--------
Negative ELBO: 214.9591 | Recon Loss: 192.5282 | KL: 28.0386
Epoch 2703/3000:
--------
Negative ELBO: 214.9355 | Recon Loss: 192.4953 | KL: 28.0503
Epoch 2704/3000:
--------
Negative ELBO: 214.8640 | Recon Loss: 192.4183 | KL: 28.0570
Epoch 2705/3000:
--------
Negative ELBO: 215.0059 | Recon Loss: 192.5747 | KL: 28.0390
Negative ELBO: 214.8129 | Recon Loss: 192.4149 | KL: 27.9975
Epoch 2706/3000:
--------
Negative ELBO: 214.8946 | Recon Loss: 192.4623 | KL: 28.0403
Epoch 2707/3000:
--------
Negative ELBO: 214.9119 | Recon Loss: 192.4792 | KL: 28.0409
Epoch 2708/3000:
--------
Negative ELBO: 214.9008 | Recon Loss: 192.4763 | KL: 28.0306
Epoch 2709/3000:
--------
Negative ELBO: 214.9387 | Recon Loss: 192.5122 | KL: 28.0331
Epoch 2710/3000:
--------
Negative ELBO: 214.8601 | Recon Loss: 192.4262 | KL: 28.0424
Negative ELBO: 214.2868 | Recon Loss: 191.8552 | KL: 28.0395
Epoch 2711/3000:
--------
Negative ELBO: 214.8495 | Recon Loss: 192.4212 | KL: 28.0353
Epoch 2712/3000:
--------
Negative ELBO: 215.0083 | Recon Loss: 192.5892 | KL: 28.0239
Epoch 2713/3000:
--------
Negative ELBO: 214.9640 | Recon Loss: 192.5291 | KL: 28.0437
Epoch 2714/3000:
--------
Negative ELBO: 214.8891 | Recon Loss: 192.4686 | KL: 28.0256
Epoch 2715/3000:
--------
Negative ELBO: 214.9103 | Recon Loss: 192.4776 | KL: 28.0409
Negative ELBO: 214.6395 | Recon Loss: 192.2326 | KL: 28.0087
Epoch 2716/3000:
--------
Negative ELBO: 214.9220 | Recon Loss: 192.5003 | KL: 28.0271
Epoch 2717/3000:
--------
Negative ELBO: 214.9694 | Recon Loss: 192.5458 | KL: 28.0295
Epoch 2718/3000:
--------
Negative ELBO: 214.8238 | Recon Loss: 192.3763 | KL: 28.0594
Epoch 2719/3000:
--------
Negative ELBO: 214.9554 | Recon Loss: 192.5318 | KL: 28.0294
Epoch 2720/3000:
--------
Negative ELBO: 214.9213 | Recon Loss: 192.4902 | KL: 28.0388
Negative ELBO: 214.6739 | Recon Loss: 192.2686 | KL: 28.0065
Epoch 2721/3000:
--------
Negative ELBO: 214.9593 | Recon Loss: 192.5333 | KL: 28.0325
Epoch 2722/3000:
--------
Negative ELBO: 214.9200 | Recon Loss: 192.4890 | KL: 28.0388
Epoch 2723/3000:
--------
Negative ELBO: 214.9270 | Recon Loss: 192.4898 | KL: 28.0465
Epoch 2724/3000:
--------
Negative ELBO: 214.9360 | Recon Loss: 192.4891 | KL: 28.0586
Epoch 2725/3000:
--------
Negative ELBO: 214.9861 | Recon Loss: 192.5514 | KL: 28.0434
Negative ELBO: 214.4592 | Recon Loss: 192.0373 | KL: 28.0274
Epoch 2726/3000:
--------
Negative ELBO: 215.0335 | Recon Loss: 192.6110 | KL: 28.0281
Epoch 2727/3000:
--------
Negative ELBO: 214.9252 | Recon Loss: 192.4952 | KL: 28.0375
Epoch 2728/3000:
--------
Negative ELBO: 214.9193 | Recon Loss: 192.4903 | KL: 28.0363
Epoch 2729/3000:
--------
Negative ELBO: 214.8732 | Recon Loss: 192.4385 | KL: 28.0433
Epoch 2730/3000:
--------
Negative ELBO: 215.0971 | Recon Loss: 192.6915 | KL: 28.0070
Negative ELBO: 214.4799 | Recon Loss: 192.0757 | KL: 28.0052
Epoch 2731/3000:
--------
Negative ELBO: 214.9626 | Recon Loss: 192.5439 | KL: 28.0233
Epoch 2732/3000:
--------
Negative ELBO: 214.9681 | Recon Loss: 192.5421 | KL: 28.0324
Epoch 2733/3000:
--------
Negative ELBO: 214.9386 | Recon Loss: 192.5061 | KL: 28.0405
Epoch 2734/3000:
--------
Negative ELBO: 214.9534 | Recon Loss: 192.5167 | KL: 28.0458
Epoch 2735/3000:
--------
Negative ELBO: 214.9206 | Recon Loss: 192.4860 | KL: 28.0433
Negative ELBO: 214.6259 | Recon Loss: 192.2194 | KL: 28.0081
Epoch 2736/3000:
--------
Negative ELBO: 215.0228 | Recon Loss: 192.5930 | KL: 28.0373
Epoch 2737/3000:
--------
Negative ELBO: 215.0147 | Recon Loss: 192.5824 | KL: 28.0404
Epoch 2738/3000:
--------
Negative ELBO: 214.8897 | Recon Loss: 192.4540 | KL: 28.0446
Epoch 2739/3000:
--------
Negative ELBO: 214.9005 | Recon Loss: 192.4672 | KL: 28.0416
Epoch 2740/3000:
--------
Negative ELBO: 214.9449 | Recon Loss: 192.5147 | KL: 28.0376
Negative ELBO: 214.2159 | Recon Loss: 191.7991 | KL: 28.0209
Epoch 2741/3000:
--------
Negative ELBO: 214.9676 | Recon Loss: 192.5353 | KL: 28.0404
Epoch 2742/3000:
--------
Negative ELBO: 214.9267 | Recon Loss: 192.4898 | KL: 28.0461
Epoch 2743/3000:
--------
Negative ELBO: 214.9732 | Recon Loss: 192.5396 | KL: 28.0420
Epoch 2744/3000:
--------
Negative ELBO: 215.0073 | Recon Loss: 192.5936 | KL: 28.0172
Epoch 2745/3000:
--------
Negative ELBO: 215.0124 | Recon Loss: 192.5848 | KL: 28.0345
Negative ELBO: 214.1938 | Recon Loss: 191.7475 | KL: 28.0578
Epoch 2746/3000:
--------
Negative ELBO: 214.9308 | Recon Loss: 192.4977 | KL: 28.0413
Epoch 2747/3000:
--------
Negative ELBO: 214.9540 | Recon Loss: 192.5388 | KL: 28.0190
Epoch 2748/3000:
--------
Negative ELBO: 214.8887 | Recon Loss: 192.4664 | KL: 28.0279
Epoch 2749/3000:
--------
Negative ELBO: 214.9001 | Recon Loss: 192.4634 | KL: 28.0459
Epoch 2750/3000:
--------
Negative ELBO: 214.8843 | Recon Loss: 192.4583 | KL: 28.0325
Negative ELBO: 214.7491 | Recon Loss: 192.3375 | KL: 28.0145
Epoch 2751/3000:
--------
Negative ELBO: 214.8484 | Recon Loss: 192.4211 | KL: 28.0341
Epoch 2752/3000:
--------
Negative ELBO: 214.9729 | Recon Loss: 192.5559 | KL: 28.0212
Epoch 2753/3000:
--------
Negative ELBO: 214.9117 | Recon Loss: 192.4925 | KL: 28.0240
Epoch 2754/3000:
--------
Negative ELBO: 214.9359 | Recon Loss: 192.5061 | KL: 28.0373
Epoch 2755/3000:
--------
Negative ELBO: 214.9664 | Recon Loss: 192.5479 | KL: 28.0231
Negative ELBO: 214.6678 | Recon Loss: 192.2400 | KL: 28.0347
Epoch 2756/3000:
--------
Negative ELBO: 214.9223 | Recon Loss: 192.4938 | KL: 28.0357
Epoch 2757/3000:
--------
Negative ELBO: 214.9701 | Recon Loss: 192.5472 | KL: 28.0286
Epoch 2758/3000:
--------
Negative ELBO: 214.9380 | Recon Loss: 192.5152 | KL: 28.0286
Epoch 2759/3000:
--------
Negative ELBO: 214.9321 | Recon Loss: 192.4963 | KL: 28.0448
Epoch 2760/3000:
--------
Negative ELBO: 215.0797 | Recon Loss: 192.6528 | KL: 28.0336
Negative ELBO: 214.4820 | Recon Loss: 192.0985 | KL: 27.9794
Epoch 2761/3000:
--------
Negative ELBO: 215.0280 | Recon Loss: 192.6145 | KL: 28.0169
Epoch 2762/3000:
--------
Negative ELBO: 214.9144 | Recon Loss: 192.4903 | KL: 28.0301
Epoch 2763/3000:
--------
Negative ELBO: 215.0632 | Recon Loss: 192.6382 | KL: 28.0314
Epoch 2764/3000:
--------
Negative ELBO: 215.0417 | Recon Loss: 192.6239 | KL: 28.0223
Epoch 2765/3000:
--------
Negative ELBO: 214.9556 | Recon Loss: 192.5316 | KL: 28.0300
Negative ELBO: 214.6094 | Recon Loss: 192.2024 | KL: 28.0088
Epoch 2766/3000:
--------
Negative ELBO: 214.9688 | Recon Loss: 192.5350 | KL: 28.0422
Epoch 2767/3000:
--------
Negative ELBO: 215.0053 | Recon Loss: 192.5818 | KL: 28.0294
Epoch 2768/3000:
--------
Negative ELBO: 214.9673 | Recon Loss: 192.5512 | KL: 28.0201
Epoch 2769/3000:
--------
Negative ELBO: 214.9294 | Recon Loss: 192.4986 | KL: 28.0384
Epoch 2770/3000:
--------
Negative ELBO: 215.0333 | Recon Loss: 192.6169 | KL: 28.0204
Negative ELBO: 214.2259 | Recon Loss: 191.7912 | KL: 28.0434
Epoch 2771/3000:
--------
Negative ELBO: 214.9388 | Recon Loss: 192.5090 | KL: 28.0373
Epoch 2772/3000:
--------
Negative ELBO: 215.0024 | Recon Loss: 192.5775 | KL: 28.0311
Epoch 2773/3000:
--------
Negative ELBO: 214.9381 | Recon Loss: 192.5103 | KL: 28.0347
Epoch 2774/3000:
--------
Negative ELBO: 214.9618 | Recon Loss: 192.5526 | KL: 28.0115
Epoch 2775/3000:
--------
Negative ELBO: 214.9739 | Recon Loss: 192.5595 | KL: 28.0180
Negative ELBO: 214.5524 | Recon Loss: 192.1473 | KL: 28.0064
Epoch 2776/3000:
--------
Negative ELBO: 214.9835 | Recon Loss: 192.5681 | KL: 28.0193
Epoch 2777/3000:
--------
Negative ELBO: 214.8878 | Recon Loss: 192.4623 | KL: 28.0319
Epoch 2778/3000:
--------
Negative ELBO: 214.8034 | Recon Loss: 192.3784 | KL: 28.0313
Epoch 2779/3000:
--------
Negative ELBO: 214.9506 | Recon Loss: 192.5307 | KL: 28.0248
Epoch 2780/3000:
--------
Negative ELBO: 214.9385 | Recon Loss: 192.5254 | KL: 28.0164
Negative ELBO: 214.5974 | Recon Loss: 192.2129 | KL: 27.9806
Epoch 2781/3000:
--------
Negative ELBO: 214.9378 | Recon Loss: 192.5072 | KL: 28.0382
Epoch 2782/3000:
--------
Negative ELBO: 214.8454 | Recon Loss: 192.4295 | KL: 28.0199
Epoch 2783/3000:
--------
Negative ELBO: 215.0265 | Recon Loss: 192.6032 | KL: 28.0291
Epoch 2784/3000:
--------
Negative ELBO: 215.0210 | Recon Loss: 192.5987 | KL: 28.0279
Epoch 2785/3000:
--------
Negative ELBO: 214.8955 | Recon Loss: 192.4822 | KL: 28.0166
Negative ELBO: 214.3767 | Recon Loss: 191.9600 | KL: 28.0208
Epoch 2786/3000:
--------
Negative ELBO: 214.9813 | Recon Loss: 192.5594 | KL: 28.0274
Epoch 2787/3000:
--------
Negative ELBO: 214.9927 | Recon Loss: 192.5791 | KL: 28.0170
Epoch 2788/3000:
--------
Negative ELBO: 215.0130 | Recon Loss: 192.5977 | KL: 28.0191
Epoch 2789/3000:
--------
Negative ELBO: 214.9836 | Recon Loss: 192.5714 | KL: 28.0152
Epoch 2790/3000:
--------
Negative ELBO: 214.8408 | Recon Loss: 192.4151 | KL: 28.0320
Negative ELBO: 214.3575 | Recon Loss: 191.9522 | KL: 28.0066
Epoch 2791/3000:
--------
Negative ELBO: 214.9789 | Recon Loss: 192.5667 | KL: 28.0153
Epoch 2792/3000:
--------
Negative ELBO: 214.9182 | Recon Loss: 192.5063 | KL: 28.0148
Epoch 2793/3000:
--------
Negative ELBO: 214.9925 | Recon Loss: 192.5723 | KL: 28.0253
Epoch 2794/3000:
--------
Negative ELBO: 214.9112 | Recon Loss: 192.4860 | KL: 28.0315
Epoch 2795/3000:
--------
Negative ELBO: 214.9172 | Recon Loss: 192.5008 | KL: 28.0204
Negative ELBO: 214.2583 | Recon Loss: 191.8345 | KL: 28.0297
Epoch 2796/3000:
--------
Negative ELBO: 214.8989 | Recon Loss: 192.4798 | KL: 28.0239
Epoch 2797/3000:
--------
Negative ELBO: 214.9277 | Recon Loss: 192.4915 | KL: 28.0453
Epoch 2798/3000:
--------
Negative ELBO: 215.0230 | Recon Loss: 192.6036 | KL: 28.0242
Epoch 2799/3000:
--------
Negative ELBO: 214.9780 | Recon Loss: 192.5568 | KL: 28.0265
Epoch 2800/3000:
--------
Negative ELBO: 214.9574 | Recon Loss: 192.5272 | KL: 28.0377
Negative ELBO: 214.5697 | Recon Loss: 192.2099 | KL: 27.9498
Epoch 2801/3000:
--------
Negative ELBO: 214.9576 | Recon Loss: 192.5394 | KL: 28.0227
Epoch 2802/3000:
--------
Negative ELBO: 214.9512 | Recon Loss: 192.5288 | KL: 28.0281
Epoch 2803/3000:
--------
Negative ELBO: 215.0162 | Recon Loss: 192.6021 | KL: 28.0176
Epoch 2804/3000:
--------
Negative ELBO: 214.8745 | Recon Loss: 192.4528 | KL: 28.0271
Epoch 2805/3000:
--------
Negative ELBO: 214.9501 | Recon Loss: 192.5318 | KL: 28.0229
Negative ELBO: 214.3686 | Recon Loss: 191.9737 | KL: 27.9936
Epoch 2806/3000:
--------
Negative ELBO: 214.9804 | Recon Loss: 192.5624 | KL: 28.0225
Epoch 2807/3000:
--------
Negative ELBO: 214.9410 | Recon Loss: 192.5356 | KL: 28.0067
Epoch 2808/3000:
--------
Negative ELBO: 214.9574 | Recon Loss: 192.5367 | KL: 28.0258
Epoch 2809/3000:
--------
Negative ELBO: 215.0168 | Recon Loss: 192.6027 | KL: 28.0176
Epoch 2810/3000:
--------
Negative ELBO: 214.9883 | Recon Loss: 192.5930 | KL: 27.9942
Negative ELBO: 214.5122 | Recon Loss: 192.0897 | KL: 28.0282
Epoch 2811/3000:
--------
Negative ELBO: 214.9496 | Recon Loss: 192.5255 | KL: 28.0301
Epoch 2812/3000:
--------
Negative ELBO: 214.9927 | Recon Loss: 192.5658 | KL: 28.0335
Epoch 2813/3000:
--------
Negative ELBO: 215.0447 | Recon Loss: 192.6451 | KL: 27.9995
Epoch 2814/3000:
--------
Negative ELBO: 215.0106 | Recon Loss: 192.6051 | KL: 28.0070
Epoch 2815/3000:
--------
Negative ELBO: 214.9584 | Recon Loss: 192.5385 | KL: 28.0248
Negative ELBO: 214.4646 | Recon Loss: 192.0764 | KL: 27.9853
Epoch 2816/3000:
--------
Negative ELBO: 215.0178 | Recon Loss: 192.5959 | KL: 28.0273
Epoch 2817/3000:
--------
Negative ELBO: 215.0159 | Recon Loss: 192.6006 | KL: 28.0191
Epoch 2818/3000:
--------
Negative ELBO: 214.9256 | Recon Loss: 192.5199 | KL: 28.0071
Epoch 2819/3000:
--------
Negative ELBO: 214.9930 | Recon Loss: 192.5742 | KL: 28.0234
Epoch 2820/3000:
--------
Negative ELBO: 214.9481 | Recon Loss: 192.5295 | KL: 28.0233
Negative ELBO: 214.3306 | Recon Loss: 191.9334 | KL: 27.9964
Epoch 2821/3000:
--------
Negative ELBO: 214.9062 | Recon Loss: 192.4960 | KL: 28.0128
Epoch 2822/3000:
--------
Negative ELBO: 215.0025 | Recon Loss: 192.5838 | KL: 28.0233
Epoch 2823/3000:
--------
Negative ELBO: 214.8893 | Recon Loss: 192.4666 | KL: 28.0284
Epoch 2824/3000:
--------
Negative ELBO: 214.9847 | Recon Loss: 192.5627 | KL: 28.0276
Epoch 2825/3000:
--------
Negative ELBO: 214.9761 | Recon Loss: 192.5510 | KL: 28.0314
Negative ELBO: 214.3494 | Recon Loss: 191.9269 | KL: 28.0280
Epoch 2826/3000:
--------
Negative ELBO: 214.9823 | Recon Loss: 192.5614 | KL: 28.0260
Epoch 2827/3000:
--------
Negative ELBO: 214.9648 | Recon Loss: 192.5386 | KL: 28.0327
Epoch 2828/3000:
--------
Negative ELBO: 214.9687 | Recon Loss: 192.5499 | KL: 28.0235
Epoch 2829/3000:
--------
Negative ELBO: 214.9574 | Recon Loss: 192.5341 | KL: 28.0291
Epoch 2830/3000:
--------
Negative ELBO: 214.9787 | Recon Loss: 192.5415 | KL: 28.0464
Negative ELBO: 214.4891 | Recon Loss: 192.0846 | KL: 28.0056
Epoch 2831/3000:
--------
Negative ELBO: 214.9543 | Recon Loss: 192.5286 | KL: 28.0321
Epoch 2832/3000:
--------
Negative ELBO: 214.9709 | Recon Loss: 192.5349 | KL: 28.0450
Epoch 2833/3000:
--------
Negative ELBO: 214.9863 | Recon Loss: 192.5620 | KL: 28.0303
Epoch 2834/3000:
--------
Negative ELBO: 215.0020 | Recon Loss: 192.5747 | KL: 28.0341
Epoch 2835/3000:
--------
Negative ELBO: 214.9958 | Recon Loss: 192.5566 | KL: 28.0490
Negative ELBO: 214.4667 | Recon Loss: 192.0311 | KL: 28.0445
Epoch 2836/3000:
--------
Negative ELBO: 214.9390 | Recon Loss: 192.4996 | KL: 28.0493
Epoch 2837/3000:
--------
Negative ELBO: 214.9165 | Recon Loss: 192.4982 | KL: 28.0229
Epoch 2838/3000:
--------
Negative ELBO: 214.9891 | Recon Loss: 192.5577 | KL: 28.0392
Epoch 2839/3000:
--------
Negative ELBO: 214.9695 | Recon Loss: 192.5336 | KL: 28.0448
Epoch 2840/3000:
--------
Negative ELBO: 214.9225 | Recon Loss: 192.4940 | KL: 28.0357
Negative ELBO: 214.2256 | Recon Loss: 191.7519 | KL: 28.0921
Epoch 2841/3000:
--------
Negative ELBO: 214.9394 | Recon Loss: 192.5049 | KL: 28.0431
Epoch 2842/3000:
--------
Negative ELBO: 215.0056 | Recon Loss: 192.5678 | KL: 28.0473
Epoch 2843/3000:
--------
Negative ELBO: 214.9827 | Recon Loss: 192.5458 | KL: 28.0461
Epoch 2844/3000:
--------
Negative ELBO: 214.9466 | Recon Loss: 192.5236 | KL: 28.0287
Epoch 2845/3000:
--------
Negative ELBO: 214.9331 | Recon Loss: 192.5063 | KL: 28.0335
Negative ELBO: 214.5496 | Recon Loss: 192.1496 | KL: 28.0000
Epoch 2846/3000:
--------
Negative ELBO: 214.9188 | Recon Loss: 192.4814 | KL: 28.0467
Epoch 2847/3000:
--------
Negative ELBO: 214.9486 | Recon Loss: 192.5162 | KL: 28.0405
Epoch 2848/3000:
--------
Negative ELBO: 214.8294 | Recon Loss: 192.4110 | KL: 28.0229
Epoch 2849/3000:
--------
Negative ELBO: 214.9545 | Recon Loss: 192.5192 | KL: 28.0441
Epoch 2850/3000:
--------
Negative ELBO: 215.0105 | Recon Loss: 192.5884 | KL: 28.0277
Negative ELBO: 214.3860 | Recon Loss: 192.0147 | KL: 27.9642
Epoch 2851/3000:
--------
Negative ELBO: 215.0085 | Recon Loss: 192.5738 | KL: 28.0434
Epoch 2852/3000:
--------
Negative ELBO: 214.9126 | Recon Loss: 192.4803 | KL: 28.0404
Epoch 2853/3000:
--------
Negative ELBO: 214.8603 | Recon Loss: 192.4272 | KL: 28.0413
Epoch 2854/3000:
--------
Negative ELBO: 214.9730 | Recon Loss: 192.5424 | KL: 28.0383
Epoch 2855/3000:
--------
Negative ELBO: 214.9447 | Recon Loss: 192.5262 | KL: 28.0231
Negative ELBO: 214.0837 | Recon Loss: 191.6644 | KL: 28.0242
Epoch 2856/3000:
--------
Negative ELBO: 214.9238 | Recon Loss: 192.4885 | KL: 28.0441
Epoch 2857/3000:
--------
Negative ELBO: 214.9373 | Recon Loss: 192.5075 | KL: 28.0372
Epoch 2858/3000:
--------
Negative ELBO: 214.9630 | Recon Loss: 192.5383 | KL: 28.0309
Epoch 2859/3000:
--------
Negative ELBO: 214.9520 | Recon Loss: 192.5175 | KL: 28.0431
Epoch 2860/3000:
--------
Negative ELBO: 214.9692 | Recon Loss: 192.5438 | KL: 28.0318
Negative ELBO: 214.5152 | Recon Loss: 192.1254 | KL: 27.9872
Epoch 2861/3000:
--------
Negative ELBO: 214.9433 | Recon Loss: 192.5193 | KL: 28.0299
Epoch 2862/3000:
--------
Negative ELBO: 214.9444 | Recon Loss: 192.5099 | KL: 28.0432
Epoch 2863/3000:
--------
Negative ELBO: 214.8962 | Recon Loss: 192.4599 | KL: 28.0454
Epoch 2864/3000:
--------
Negative ELBO: 214.9325 | Recon Loss: 192.4952 | KL: 28.0466
Epoch 2865/3000:
--------
Negative ELBO: 214.9377 | Recon Loss: 192.5015 | KL: 28.0452
Negative ELBO: 214.5718 | Recon Loss: 192.1608 | KL: 28.0137
Epoch 2866/3000:
--------
Negative ELBO: 214.9116 | Recon Loss: 192.4917 | KL: 28.0249
Epoch 2867/3000:
--------
Negative ELBO: 214.9416 | Recon Loss: 192.5167 | KL: 28.0311
Epoch 2868/3000:
--------
Negative ELBO: 214.8789 | Recon Loss: 192.4558 | KL: 28.0289
Epoch 2869/3000:
--------
Negative ELBO: 214.9745 | Recon Loss: 192.5470 | KL: 28.0344
Epoch 2870/3000:
--------
Negative ELBO: 214.9205 | Recon Loss: 192.4968 | KL: 28.0297
Negative ELBO: 214.5397 | Recon Loss: 192.1134 | KL: 28.0329
Epoch 2871/3000:
--------
Negative ELBO: 215.0080 | Recon Loss: 192.5804 | KL: 28.0345
Epoch 2872/3000:
--------
Negative ELBO: 214.9887 | Recon Loss: 192.5527 | KL: 28.0450
Epoch 2873/3000:
--------
Negative ELBO: 214.9441 | Recon Loss: 192.5118 | KL: 28.0404
Epoch 2874/3000:
--------
Negative ELBO: 214.8810 | Recon Loss: 192.4480 | KL: 28.0412
Epoch 2875/3000:
--------
Negative ELBO: 214.9603 | Recon Loss: 192.5360 | KL: 28.0305
Negative ELBO: 214.5672 | Recon Loss: 192.1570 | KL: 28.0127
Epoch 2876/3000:
--------
Negative ELBO: 214.9998 | Recon Loss: 192.5644 | KL: 28.0442
Epoch 2877/3000:
--------
Negative ELBO: 214.9729 | Recon Loss: 192.5374 | KL: 28.0444
Epoch 2878/3000:
--------
Negative ELBO: 214.9401 | Recon Loss: 192.5022 | KL: 28.0474
Epoch 2879/3000:
--------
Negative ELBO: 214.9665 | Recon Loss: 192.5198 | KL: 28.0584
Epoch 2880/3000:
--------
Negative ELBO: 214.9881 | Recon Loss: 192.5578 | KL: 28.0379
Negative ELBO: 214.5181 | Recon Loss: 192.0720 | KL: 28.0575
Epoch 2881/3000:
--------
Negative ELBO: 214.9296 | Recon Loss: 192.4907 | KL: 28.0487
Epoch 2882/3000:
--------
Negative ELBO: 214.9996 | Recon Loss: 192.5595 | KL: 28.0502
Epoch 2883/3000:
--------
Negative ELBO: 214.8745 | Recon Loss: 192.4344 | KL: 28.0502
Epoch 2884/3000:
--------
Negative ELBO: 214.9167 | Recon Loss: 192.4655 | KL: 28.0641
Epoch 2885/3000:
--------
Negative ELBO: 214.9157 | Recon Loss: 192.4802 | KL: 28.0444
Negative ELBO: 214.1375 | Recon Loss: 191.6775 | KL: 28.0749
Epoch 2886/3000:
--------
Negative ELBO: 215.0723 | Recon Loss: 192.6457 | KL: 28.0332
Epoch 2887/3000:
--------
Negative ELBO: 214.9711 | Recon Loss: 192.5502 | KL: 28.0261
Epoch 2888/3000:
--------
Negative ELBO: 214.9356 | Recon Loss: 192.5010 | KL: 28.0432
Epoch 2889/3000:
--------
Negative ELBO: 214.9973 | Recon Loss: 192.5689 | KL: 28.0354
Epoch 2890/3000:
--------
Negative ELBO: 215.0217 | Recon Loss: 192.5889 | KL: 28.0411
Negative ELBO: 214.4759 | Recon Loss: 192.0475 | KL: 28.0356
Epoch 2891/3000:
--------
Negative ELBO: 214.9231 | Recon Loss: 192.5018 | KL: 28.0266
Epoch 2892/3000:
--------
Negative ELBO: 214.9584 | Recon Loss: 192.5245 | KL: 28.0424
Epoch 2893/3000:
--------
Negative ELBO: 214.9442 | Recon Loss: 192.5135 | KL: 28.0384
Epoch 2894/3000:
--------
Negative ELBO: 214.9044 | Recon Loss: 192.4786 | KL: 28.0322
Epoch 2895/3000:
--------
Negative ELBO: 215.0019 | Recon Loss: 192.5657 | KL: 28.0453
Negative ELBO: 214.5235 | Recon Loss: 192.0833 | KL: 28.0503
Epoch 2896/3000:
--------
Negative ELBO: 215.0081 | Recon Loss: 192.5779 | KL: 28.0377
Epoch 2897/3000:
--------
Negative ELBO: 214.9718 | Recon Loss: 192.5359 | KL: 28.0449
Epoch 2898/3000:
--------
Negative ELBO: 214.9272 | Recon Loss: 192.4882 | KL: 28.0489
Epoch 2899/3000:
--------
Negative ELBO: 214.9422 | Recon Loss: 192.5152 | KL: 28.0338
Epoch 2900/3000:
--------
Negative ELBO: 214.9727 | Recon Loss: 192.5345 | KL: 28.0478
Negative ELBO: 214.4321 | Recon Loss: 192.0152 | KL: 28.0212
Epoch 2901/3000:
--------
Negative ELBO: 214.8718 | Recon Loss: 192.4302 | KL: 28.0520
Epoch 2902/3000:
--------
Negative ELBO: 214.8812 | Recon Loss: 192.4412 | KL: 28.0500
Epoch 2903/3000:
--------
Negative ELBO: 214.9547 | Recon Loss: 192.5196 | KL: 28.0440
Epoch 2904/3000:
--------
Negative ELBO: 214.9587 | Recon Loss: 192.5365 | KL: 28.0278
Epoch 2905/3000:
--------
Negative ELBO: 214.9525 | Recon Loss: 192.5330 | KL: 28.0243
Negative ELBO: 214.5792 | Recon Loss: 192.1953 | KL: 27.9798
Epoch 2906/3000:
--------
Negative ELBO: 214.9126 | Recon Loss: 192.4843 | KL: 28.0354
Epoch 2907/3000:
--------
Negative ELBO: 214.9994 | Recon Loss: 192.5878 | KL: 28.0145
Epoch 2908/3000:
--------
Negative ELBO: 214.9827 | Recon Loss: 192.5535 | KL: 28.0365
Epoch 2909/3000:
--------
Negative ELBO: 214.9558 | Recon Loss: 192.5395 | KL: 28.0203
Epoch 2910/3000:
--------
Negative ELBO: 214.9021 | Recon Loss: 192.4687 | KL: 28.0417
Negative ELBO: 214.3444 | Recon Loss: 191.9378 | KL: 28.0082
Epoch 2911/3000:
--------
Negative ELBO: 214.8639 | Recon Loss: 192.4497 | KL: 28.0178
Epoch 2912/3000:
--------
Negative ELBO: 214.8890 | Recon Loss: 192.4670 | KL: 28.0275
Epoch 2913/3000:
--------
Negative ELBO: 215.0468 | Recon Loss: 192.6285 | KL: 28.0228
Epoch 2914/3000:
--------
Negative ELBO: 214.9321 | Recon Loss: 192.5237 | KL: 28.0105
Epoch 2915/3000:
--------
Negative ELBO: 215.0206 | Recon Loss: 192.6213 | KL: 27.9991
Negative ELBO: 214.4784 | Recon Loss: 192.0642 | KL: 28.0177
Epoch 2916/3000:
--------
Negative ELBO: 214.9620 | Recon Loss: 192.5338 | KL: 28.0352
Epoch 2917/3000:
--------
Negative ELBO: 214.8438 | Recon Loss: 192.4211 | KL: 28.0284
Epoch 2918/3000:
--------
Negative ELBO: 214.9451 | Recon Loss: 192.5098 | KL: 28.0441
Epoch 2919/3000:
--------
Negative ELBO: 214.9534 | Recon Loss: 192.5291 | KL: 28.0303
Epoch 2920/3000:
--------
Negative ELBO: 215.0378 | Recon Loss: 192.6241 | KL: 28.0172
Negative ELBO: 214.4816 | Recon Loss: 192.0505 | KL: 28.0389
Epoch 2921/3000:
--------
Negative ELBO: 214.8574 | Recon Loss: 192.4370 | KL: 28.0255
Epoch 2922/3000:
--------
Negative ELBO: 215.0275 | Recon Loss: 192.6012 | KL: 28.0329
Epoch 2923/3000:
--------
Negative ELBO: 214.9938 | Recon Loss: 192.5627 | KL: 28.0389
Epoch 2924/3000:
--------
Negative ELBO: 214.8598 | Recon Loss: 192.4435 | KL: 28.0205
Epoch 2925/3000:
--------
Negative ELBO: 214.9964 | Recon Loss: 192.5891 | KL: 28.0092
Negative ELBO: 214.5003 | Recon Loss: 192.0931 | KL: 28.0089
Epoch 2926/3000:
--------
Negative ELBO: 214.9859 | Recon Loss: 192.5597 | KL: 28.0327
Epoch 2927/3000:
--------
Negative ELBO: 214.9598 | Recon Loss: 192.5303 | KL: 28.0368
Epoch 2928/3000:
--------
Negative ELBO: 214.9898 | Recon Loss: 192.5666 | KL: 28.0290
Epoch 2929/3000:
--------
Negative ELBO: 214.9412 | Recon Loss: 192.5164 | KL: 28.0310
Epoch 2930/3000:
--------
Negative ELBO: 215.1015 | Recon Loss: 192.6933 | KL: 28.0102
Negative ELBO: 214.5570 | Recon Loss: 192.1395 | KL: 28.0219
Epoch 2931/3000:
--------
Negative ELBO: 214.8777 | Recon Loss: 192.4562 | KL: 28.0268
Epoch 2932/3000:
--------
Negative ELBO: 214.9319 | Recon Loss: 192.5072 | KL: 28.0309
Epoch 2933/3000:
--------
Negative ELBO: 215.0052 | Recon Loss: 192.5750 | KL: 28.0377
Epoch 2934/3000:
--------
Negative ELBO: 214.9194 | Recon Loss: 192.4921 | KL: 28.0341
Epoch 2935/3000:
--------
Negative ELBO: 215.0126 | Recon Loss: 192.5869 | KL: 28.0321
Negative ELBO: 214.4674 | Recon Loss: 192.0461 | KL: 28.0266
Epoch 2936/3000:
--------
Negative ELBO: 214.8237 | Recon Loss: 192.3836 | KL: 28.0501
Epoch 2937/3000:
--------
Negative ELBO: 214.8694 | Recon Loss: 192.4325 | KL: 28.0461
Epoch 2938/3000:
--------
Negative ELBO: 215.0124 | Recon Loss: 192.5829 | KL: 28.0370
Epoch 2939/3000:
--------
Negative ELBO: 214.9610 | Recon Loss: 192.5315 | KL: 28.0369
Epoch 2940/3000:
--------
Negative ELBO: 214.9895 | Recon Loss: 192.5441 | KL: 28.0568
Negative ELBO: 214.5921 | Recon Loss: 192.1935 | KL: 27.9982
Epoch 2941/3000:
--------
Negative ELBO: 214.9672 | Recon Loss: 192.5445 | KL: 28.0284
Epoch 2942/3000:
--------
Negative ELBO: 214.9939 | Recon Loss: 192.5461 | KL: 28.0598
Epoch 2943/3000:
--------
Negative ELBO: 215.0016 | Recon Loss: 192.5641 | KL: 28.0468
Epoch 2944/3000:
--------
Negative ELBO: 214.9099 | Recon Loss: 192.4735 | KL: 28.0455
Epoch 2945/3000:
--------
Negative ELBO: 214.9930 | Recon Loss: 192.5763 | KL: 28.0209
Negative ELBO: 214.5402 | Recon Loss: 192.1048 | KL: 28.0443
Epoch 2946/3000:
--------
Negative ELBO: 215.0295 | Recon Loss: 192.6012 | KL: 28.0353
Epoch 2947/3000:
--------
Negative ELBO: 214.9919 | Recon Loss: 192.5675 | KL: 28.0304
Epoch 2948/3000:
--------
Negative ELBO: 214.9105 | Recon Loss: 192.4820 | KL: 28.0356
Epoch 2949/3000:
--------
Negative ELBO: 214.8920 | Recon Loss: 192.4547 | KL: 28.0466
Epoch 2950/3000:
--------
Negative ELBO: 214.9141 | Recon Loss: 192.4804 | KL: 28.0422
Negative ELBO: 214.5873 | Recon Loss: 192.1688 | KL: 28.0231
Epoch 2951/3000:
--------
Negative ELBO: 214.9671 | Recon Loss: 192.5275 | KL: 28.0496
Epoch 2952/3000:
--------
Negative ELBO: 214.9751 | Recon Loss: 192.5451 | KL: 28.0374
Epoch 2953/3000:
--------
Negative ELBO: 215.0093 | Recon Loss: 192.5837 | KL: 28.0320
Epoch 2954/3000:
--------
Negative ELBO: 215.0209 | Recon Loss: 192.5873 | KL: 28.0421
Epoch 2955/3000:
--------
Negative ELBO: 214.9893 | Recon Loss: 192.5392 | KL: 28.0626
Negative ELBO: 214.6325 | Recon Loss: 192.2308 | KL: 28.0021
Epoch 2956/3000:
--------
Negative ELBO: 215.0146 | Recon Loss: 192.5795 | KL: 28.0438
Epoch 2957/3000:
--------
Negative ELBO: 214.9895 | Recon Loss: 192.5555 | KL: 28.0425
Epoch 2958/3000:
--------
Negative ELBO: 214.9943 | Recon Loss: 192.5720 | KL: 28.0279
Epoch 2959/3000:
--------
Negative ELBO: 215.0000 | Recon Loss: 192.5718 | KL: 28.0353
Epoch 2960/3000:
--------
Negative ELBO: 214.8999 | Recon Loss: 192.4561 | KL: 28.0547
Negative ELBO: 214.4652 | Recon Loss: 192.0077 | KL: 28.0719
Epoch 2961/3000:
--------
Negative ELBO: 214.9327 | Recon Loss: 192.4952 | KL: 28.0468
Epoch 2962/3000:
--------
Negative ELBO: 215.0108 | Recon Loss: 192.5786 | KL: 28.0402
Epoch 2963/3000:
--------
Negative ELBO: 214.9737 | Recon Loss: 192.5440 | KL: 28.0370
Epoch 2964/3000:
--------
Negative ELBO: 214.9868 | Recon Loss: 192.5558 | KL: 28.0388
Epoch 2965/3000:
--------
Negative ELBO: 215.0615 | Recon Loss: 192.6196 | KL: 28.0524
Negative ELBO: 214.7593 | Recon Loss: 192.3805 | KL: 27.9735
Epoch 2966/3000:
--------
Negative ELBO: 214.9500 | Recon Loss: 192.5132 | KL: 28.0460
Epoch 2967/3000:
--------
Negative ELBO: 214.9383 | Recon Loss: 192.5074 | KL: 28.0386
Epoch 2968/3000:
--------
Negative ELBO: 215.0436 | Recon Loss: 192.6108 | KL: 28.0410
Epoch 2969/3000:
--------
Negative ELBO: 215.0199 | Recon Loss: 192.5878 | KL: 28.0401
Epoch 2970/3000:
--------
Negative ELBO: 215.0406 | Recon Loss: 192.6062 | KL: 28.0430
Negative ELBO: 214.8125 | Recon Loss: 192.3895 | KL: 28.0288
Epoch 2971/3000:
--------
Negative ELBO: 215.0181 | Recon Loss: 192.5658 | KL: 28.0653
Epoch 2972/3000:
--------
Negative ELBO: 215.0044 | Recon Loss: 192.5690 | KL: 28.0442
Epoch 2973/3000:
--------
Negative ELBO: 214.9812 | Recon Loss: 192.5482 | KL: 28.0412
Epoch 2974/3000:
--------
Negative ELBO: 214.9562 | Recon Loss: 192.5231 | KL: 28.0415
Epoch 2975/3000:
--------
Negative ELBO: 214.9411 | Recon Loss: 192.5197 | KL: 28.0267
Negative ELBO: 214.4796 | Recon Loss: 192.0223 | KL: 28.0716
Epoch 2976/3000:
--------
Negative ELBO: 214.9905 | Recon Loss: 192.5676 | KL: 28.0286
Epoch 2977/3000:
--------
Negative ELBO: 215.0201 | Recon Loss: 192.5880 | KL: 28.0402
Epoch 2978/3000:
--------
Negative ELBO: 214.8864 | Recon Loss: 192.4599 | KL: 28.0331
Epoch 2979/3000:
--------
Negative ELBO: 214.9839 | Recon Loss: 192.5577 | KL: 28.0328
Epoch 2980/3000:
--------
Negative ELBO: 215.0887 | Recon Loss: 192.6760 | KL: 28.0158
Negative ELBO: 214.4958 | Recon Loss: 192.0787 | KL: 28.0214
Epoch 2981/3000:
--------
Negative ELBO: 215.0392 | Recon Loss: 192.6209 | KL: 28.0229
Epoch 2982/3000:
--------
Negative ELBO: 214.9736 | Recon Loss: 192.5474 | KL: 28.0328
Epoch 2983/3000:
--------
Negative ELBO: 214.8679 | Recon Loss: 192.4340 | KL: 28.0424
Epoch 2984/3000:
--------
Negative ELBO: 214.9948 | Recon Loss: 192.5534 | KL: 28.0517
Epoch 2985/3000:
--------
Negative ELBO: 214.9463 | Recon Loss: 192.5233 | KL: 28.0287
Negative ELBO: 214.5907 | Recon Loss: 192.1866 | KL: 28.0051
Epoch 2986/3000:
--------
Negative ELBO: 215.0365 | Recon Loss: 192.6139 | KL: 28.0283
Epoch 2987/3000:
--------
Negative ELBO: 214.9377 | Recon Loss: 192.5020 | KL: 28.0446
Epoch 2988/3000:
--------
Negative ELBO: 214.9156 | Recon Loss: 192.4919 | KL: 28.0296
Epoch 2989/3000:
--------
Negative ELBO: 214.9742 | Recon Loss: 192.5487 | KL: 28.0318
Epoch 2990/3000:
--------
Negative ELBO: 214.9120 | Recon Loss: 192.4791 | KL: 28.0411
Negative ELBO: 214.6846 | Recon Loss: 192.2748 | KL: 28.0122
Epoch 2991/3000:
--------
Negative ELBO: 214.9133 | Recon Loss: 192.4808 | KL: 28.0407
Epoch 2992/3000:
--------
Negative ELBO: 214.9846 | Recon Loss: 192.5664 | KL: 28.0227
Epoch 2993/3000:
--------
Negative ELBO: 214.8655 | Recon Loss: 192.4306 | KL: 28.0436
Epoch 2994/3000:
--------
Negative ELBO: 214.9381 | Recon Loss: 192.5031 | KL: 28.0438
Epoch 2995/3000:
--------
Negative ELBO: 214.8820 | Recon Loss: 192.4415 | KL: 28.0507
Negative ELBO: 214.5774 | Recon Loss: 192.1638 | KL: 28.0170
Epoch 2996/3000:
--------
Negative ELBO: 214.9924 | Recon Loss: 192.5714 | KL: 28.0263
Epoch 2997/3000:
--------
Negative ELBO: 214.9063 | Recon Loss: 192.4814 | KL: 28.0311
Epoch 2998/3000:
--------
Negative ELBO: 214.8858 | Recon Loss: 192.4548 | KL: 28.0388
Epoch 2999/3000:
--------
Negative ELBO: 214.8773 | Recon Loss: 192.4406 | KL: 28.0458
<IPython.core.display.Image object>
[2K[2K-------------
Test Results:
Negative ELBO: 214.5186 | Recon Loss: 192.1037 | KL: 28.0187
Estimated NLL (Monte Carlo, K=500): 213.9185
Traceback (most recent call last):
  File "/zhome/7f/5/168608/CCVAE/GMVAE/CCVAE_new_script.py", line 733, in <module>
    generate_plots(model, test_loader)
  File "/zhome/7f/5/168608/CCVAE/GMVAE/CCVAE_new_script.py", line 692, in generate_plots
    plt.savefig(f"plots/cc_{model.latent_dim}_tSNE.svg", format="svg", bbox_inches='tight')
  File "/zhome/7f/5/168608/DLenv/lib64/python3.9/site-packages/matplotlib/pyplot.py", line 1228, in savefig
    res = fig.savefig(*args, **kwargs)  # type: ignore[func-returns-value]
  File "/zhome/7f/5/168608/DLenv/lib64/python3.9/site-packages/matplotlib/figure.py", line 3395, in savefig
    self.canvas.print_figure(fname, **kwargs)
  File "/zhome/7f/5/168608/DLenv/lib64/python3.9/site-packages/matplotlib/backend_bases.py", line 2204, in print_figure
    result = print_method(
  File "/zhome/7f/5/168608/DLenv/lib64/python3.9/site-packages/matplotlib/backend_bases.py", line 2054, in <lambda>
    print_method = functools.wraps(meth)(lambda *args, **kwargs: meth(
  File "/zhome/7f/5/168608/DLenv/lib64/python3.9/site-packages/matplotlib/backends/backend_svg.py", line 1328, in print_svg
    with cbook.open_file_cm(filename, "w", encoding="utf-8") as fh:
  File "/zhome/7f/5/168608/DLenv/lib64/python3.9/site-packages/matplotlib/cbook.py", line 497, in open_file_cm
    fh, opened = to_filehandle(path_or_file, mode, True, encoding)
  File "/zhome/7f/5/168608/DLenv/lib64/python3.9/site-packages/matplotlib/cbook.py", line 483, in to_filehandle
    fh = open(fname, flag, encoding=encoding)
FileNotFoundError: [Errno 2] No such file or directory: 'plots/cc_10_tSNE.svg'
